/*
	Data for "background" Image
*/

#include <exec/types.h>
#include <intuition/intuition.h>


UWORD backgroundPaletteRGB4[8] =
{
	0x0223,0x0BC9,0x0B75,0x0289,0x0556,0x0CB7,0x06A9,0x0246
};

ULONG backgroundPaletteRGB32[26] =
{
	0x00080000,	/* Record Header */
	0x1DDDDDDD,0x1AAAAAAA,0x39999999,
	0xBBBBBBBB,0xD0000000,0x9DDDDDDD,
	0xBBBBBBBB,0x71111111,0x5BBBBBBB,
	0x29999999,0x84444444,0x91111111,
	0x4EEEEEEE,0x57777777,0x66666666,
	0xD0000000,0xBAAAAAAA,0x72222222,
	0x6DDDDDDD,0xADDDDDDD,0x9BBBBBBB,
	0x1FFFFFFF,0x49999999,0x6AAAAAAA,
	0x00000000	/* Terminator */
};

UWORD __chip backgroundData[30720] =
{
	/* Plane 0 */
	0x0000,0x0000,0x0000,0x0000,0x0000,0x0000,0x0000,0x0000,
	0x0000,0x0000,0x0000,0x0000,0x0000,0x0000,0x0000,0x0000,
	0x0000,0x0000,0x0000,0x0000,0x0000,0x0000,0x0000,0x0000,
	0x0000,0x0000,0x0000,0x0000,0x0000,0x0000,0x0000,0x0000,
	0x0000,0x0000,0x0000,0x0000,0x0000,0x0000,0x0000,0x0000,
	0x0000,0x0000,0x0000,0x0000,0x0000,0x0000,0x0000,0x0000,
	0x0000,0x0000,0x0000,0x0000,0x0000,0x0000,0x0000,0x0000,
	0x0000,0x0000,0x0000,0x0000,0x0000,0x0000,0x0000,0x0000,
	0x0000,0x0000,0x0000,0x0000,0x0000,0x0000,0x0000,0x0000,
	0x0000,0x0000,0x0000,0x0000,0x0000,0x0000,0x0000,0x0000,
	0x0000,0x0000,0x0000,0x0000,0x0000,0x0000,0x0000,0x0000,
	0x0000,0x0000,0x0000,0x0000,0x0000,0x0000,0x0000,0x0000,
	0x0000,0x0000,0x0000,0x0000,0x0000,0x0000,0x0000,0x0000,
	0x0000,0x0000,0x0000,0x0000,0x0000,0x0000,0x0000,0x0000,
	0x0000,0x0000,0x0000,0x0000,0x0000,0x0000,0x0000,0x0000,
	0x0000,0x0000,0x0000,0x0000,0x0000,0x0000,0x0000,0x0000,
	0x0000,0x0000,0x0000,0x0000,0x0000,0x0000,0x0000,0x0000,
	0x0000,0x0000,0x0000,0x0000,0x0000,0x0000,0x0000,0x0000,
	0x0000,0x0000,0x0000,0x0000,0x0000,0x0000,0x0000,0x0000,
	0x0000,0x0000,0x0000,0x0000,0x0000,0x0000,0x0000,0x0000,
	0x0000,0x0000,0x0000,0x0000,0x0000,0x0000,0x0000,0x0000,
	0x0000,0x0000,0x0000,0x0000,0x0000,0x0000,0x0000,0x0000,
	0x0000,0x0000,0x0000,0x0000,0x0000,0x0000,0x0000,0x0000,
	0x0000,0x0000,0x0000,0x0000,0x0000,0x0000,0x0000,0x0000,
	0x0000,0x0000,0x0000,0x0000,0x0000,0x0000,0x0000,0x0000,
	0x0000,0x0000,0x0000,0x0000,0x0000,0x0000,0x0000,0x0000,
	0x0000,0x0000,0x0000,0x0000,0x0000,0x0000,0x0000,0x0000,
	0x0000,0x0000,0x0000,0x0000,0x0000,0x0000,0x0000,0x0000,
	0x0000,0x0000,0x0000,0x0000,0x0000,0x0000,0x0000,0x0000,
	0x0000,0x0000,0x0000,0x0000,0x0000,0x0000,0x0000,0x0000,
	0x0000,0x0000,0x0000,0x0000,0x0000,0x0000,0x0000,0x0000,
	0x0000,0x0000,0x0000,0x0000,0x0000,0x0000,0x0000,0x0000,
	0x0000,0x0000,0x0000,0x0000,0x0000,0x0000,0x0000,0x0000,
	0x0000,0x0000,0x0000,0x0000,0x0000,0x0000,0x0000,0x0000,
	0x0000,0x0000,0x0000,0x0000,0x0000,0x0000,0x0000,0x0000,
	0x0000,0x0000,0x0000,0x0000,0x0000,0x0000,0x0000,0x0000,
	0x0000,0x0000,0x0000,0x0000,0x0000,0x0000,0x0000,0x0000,
	0x0000,0x0000,0x0000,0x0000,0x0000,0x0000,0x0000,0x0000,
	0x0000,0x0000,0x0000,0x0000,0x0000,0x0000,0x0000,0x0000,
	0x0000,0x0000,0x0000,0x0000,0x0000,0x0000,0x0000,0x0000,
	0x0000,0x0000,0x0000,0x0000,0x0000,0x0000,0x0000,0x0000,
	0x0000,0x0000,0x0000,0x0000,0x0000,0x0000,0x0000,0x0000,
	0x0000,0x0000,0x0000,0x0000,0x0000,0x0000,0x0000,0x0000,
	0x0000,0x0000,0x0000,0x0000,0x0000,0x0000,0x0000,0x0000,
	0x0000,0x0000,0x0000,0x0000,0x0000,0x0000,0x0000,0x0000,
	0x0000,0x0000,0x0000,0x0000,0x0000,0x0000,0x0000,0x0000,
	0x0000,0x0000,0x0000,0x0000,0x0000,0x0000,0x0000,0x0000,
	0x0000,0x0000,0x0000,0x0000,0x0000,0x0000,0x0000,0x0000,
	0x0000,0x0000,0x0000,0x0000,0x0000,0x0000,0x0000,0x0000,
	0x0000,0x0000,0x0000,0x0000,0x0000,0x0000,0x0000,0x0000,
	0x0000,0x0000,0x0000,0x0000,0x0000,0x0000,0x0000,0x0000,
	0x0000,0x0000,0x0000,0x0000,0x0000,0x0000,0x0000,0x0000,
	0x0000,0x0000,0x0000,0x0000,0x0000,0x0000,0x0000,0x0000,
	0x0000,0x0000,0x0000,0x0000,0x0000,0x0000,0x0000,0x0000,
	0x0000,0x0000,0x0000,0x0000,0x0000,0x0000,0x0000,0x0000,
	0x0000,0x0000,0x0000,0x0000,0x0000,0x0000,0x0000,0x0000,
	0x0000,0x0000,0x0000,0x0000,0x0000,0x0000,0x0000,0x0000,
	0x0000,0x0000,0x0000,0x0000,0x0000,0x0000,0x0000,0x0000,
	0x0000,0x0000,0x0000,0x0000,0x0000,0x0000,0x0000,0x0000,
	0x0000,0x0000,0x0000,0x0000,0x0000,0x0000,0x0000,0x0000,
	0x0000,0x0000,0x0000,0x0000,0x0000,0x0000,0x0000,0x0000,
	0x0000,0x0000,0x0000,0x0000,0x0000,0x0000,0x0000,0x0000,
	0x0000,0x0000,0x0000,0x0000,0x0000,0x0000,0x0000,0x0000,
	0x0000,0x0000,0x0000,0x0000,0x0000,0x0000,0x0000,0x0000,
	0x0000,0x0000,0x0000,0x0000,0x0000,0x0000,0x0000,0x0000,
	0x0000,0x0000,0x000F,0xFFFF,0xFFFF,0xFFFF,0xFFFF,0xFFFF,
	0xFFFF,0x0000,0x0000,0x0000,0x0000,0x0000,0x0000,0x0000,
	0x0000,0x0000,0x0000,0x0000,0x0000,0x0000,0x0000,0x0000,
	0x0000,0x0000,0x0000,0x0000,0x0000,0x0000,0x0003,0xFFFF,
	0xFFFF,0xFFFF,0xFFFF,0xFFFF,0xFFFF,0xF000,0x0000,0x0000,
	0x0000,0x0000,0x0010,0x0000,0x0000,0x0000,0x0000,0x0000,
	0x0000,0x0000,0x0000,0x0000,0x0000,0x0000,0x0000,0x0000,
	0x0000,0x0000,0x0000,0x0000,0x0000,0x0000,0x0000,0x0000,
	0x0000,0x0000,0x0000,0x0000,0x0000,0x0000,0x0002,0x0000,
	0x0000,0x0000,0x0000,0x0000,0x0000,0x0000,0x0000,0x0000,
	0x0000,0x0000,0x0000,0x0000,0x0000,0x0000,0x0000,0x0000,
	0x0000,0x0000,0x0000,0x0000,0x0000,0x0000,0x0000,0x0000,
	0x0000,0x0000,0x0000,0x0000,0x0000,0x0000,0x0000,0x0000,
	0x0000,0x0000,0x0000,0x0000,0x0000,0x0000,0x0000,0x0000,
	0x0000,0x0000,0x0000,0x0000,0x0000,0x0000,0x0000,0x0000,
	0x0000,0x0000,0x0000,0x0000,0x0000,0x0000,0x0000,0x0000,
	0x0000,0x0000,0x0000,0x0000,0x0000,0x0000,0x0000,0x0000,
	0x0000,0x0000,0x0000,0x0000,0x0000,0x0000,0x0000,0x0000,
	0x0000,0x0000,0x0000,0x0000,0x0000,0x0000,0x0000,0x0000,
	0x0000,0x0000,0x0000,0x0000,0x0000,0x0000,0x0000,0x0000,
	0x0000,0x0000,0x0000,0x0000,0x0000,0x0000,0x0000,0x0000,
	0x0000,0x0000,0x0000,0x0000,0x0000,0x0000,0x0000,0x0000,
	0x0000,0x0000,0x0000,0x0000,0x0000,0x0000,0x0000,0x0000,
	0x0000,0x0000,0x0000,0x0000,0x0000,0x0000,0x0000,0x0000,
	0x0000,0x0000,0x0000,0x0000,0x0000,0x0000,0x0000,0x0000,
	0x0000,0x0001,0x2000,0x0000,0x0000,0x0000,0x0000,0x0000,
	0x0000,0x0000,0x0000,0x0000,0x0000,0x0000,0x0000,0x0000,
	0x0000,0x0000,0x0000,0x0000,0x0000,0x0000,0x0000,0x0000,
	0x0000,0x0000,0x0000,0x0000,0x0000,0x0000,0x0000,0x0000,
	0x0000,0x0000,0x0000,0x0000,0x0000,0x0008,0x0000,0x0000,
	0x0000,0x0001,0x07FF,0xFFFF,0xFFFF,0xFFFF,0xFFFF,0xFFFF,
	0xFFFF,0xFFFF,0xFFFF,0xFFFF,0xFFFF,0xFFFF,0xFFF0,0x0000,
	0x0000,0x0000,0x0000,0x0000,0x0000,0x0300,0x0027,0x8000,
	0x0000,0x0000,0x1FFF,0xFFFF,0xFFFF,0xFFFF,0xFFFF,0xFFFF,
	0xFFFF,0xFFFF,0xFFFF,0xFFFF,0xFFFF,0xFFC0,0x0000,0x0000,
	0x0000,0x0000,0x07FF,0xFFFF,0xFFFF,0xFFFF,0xFFFF,0xFFFF,
	0xFFFF,0xFFFF,0xFFFF,0xFFFF,0xFFFF,0xFFFF,0xFFFF,0xFE08,
	0x0018,0x0000,0x0000,0x0000,0x0000,0x0080,0x0000,0x001F,
	0xFFD8,0x0F80,0x1FFF,0xFFFF,0xFFFF,0xFFFF,0xFFFF,0xFFFF,
	0xFFFF,0xFFFF,0xFFFF,0xFFFF,0xFFFF,0xFFC0,0x0000,0x0000,
	0x0000,0x0001,0x07FF,0xFFFF,0xFFFF,0xFFFF,0xFFFF,0xFFFF,
	0xFFFF,0xFFFF,0xFFFF,0xFFFF,0xFFFF,0xFFFF,0xFFDF,0xFFFF,
	0xBC00,0x783C,0x7F00,0x0407,0x0001,0x1CE0,0x01FF,0xFFFF,
	0x007F,0x1FFF,0xFFFF,0xFFFF,0xFFFF,0xFFFF,0xFFFF,0xFFFF,
	0xFFFF,0xFFFF,0xFFFF,0xFFFF,0xFFFF,0xFFC0,0x0000,0x0000,
	0x0000,0x0101,0x07FF,0xFFFF,0xFFFF,0xFFFF,0xFFFF,0xFFFF,
	0xFFFF,0xFFFF,0xFFFF,0xFFFF,0xFFFF,0xFFFF,0xFFFF,0xFF81,
	0xF380,0x0000,0x0E8F,0xFC1F,0xCDF0,0x031F,0xFFFF,0xFA00,
	0x1FE0,0x7FFC,0x7FFF,0xFFFF,0xFFFF,0xFFFF,0xFFFF,0xFFFF,
	0xFFFF,0xFFFF,0xFFFF,0xFFFF,0xFFFF,0xFFC0,0x0900,0x0000,
	0x0000,0x0121,0x07FF,0xFFFF,0xFFFF,0xFFFF,0xFFFF,0xFFFF,
	0xFFFF,0xFFFF,0xFFFF,0xFFFF,0xFFFF,0xFFFF,0xFFFF,0xFFFF,
	0xE3FF,0xFE00,0x0FC0,0x001E,0x0001,0xFFC0,0x1803,0xFCFF,
	0xFFE0,0x0003,0xFFFF,0xFFFF,0xFFFF,0xFFFF,0xFFFF,0xFFFF,
	0xFFFF,0xFFFF,0xFFFF,0xFFFF,0xFFFF,0xFFC0,0x0800,0x0000,
	0x0000,0x0121,0x07FF,0xFFFF,0xFFFF,0xFFFF,0xFFFF,0xFFFF,
	0xFFFF,0xFFFF,0xFFFF,0xFFFF,0xFFFF,0xFFFF,0xFFFF,0xFFFF,
	0xFFFF,0xFFF5,0x8038,0x0000,0x3E00,0x1FFF,0x3E05,0xFFFF,
	0xE07F,0xFFFF,0xFFFF,0xFFFF,0xFFFF,0xFFFF,0xFFFF,0xFFFF,
	0xFFFF,0xFFFF,0xFFFF,0xFFFF,0xFFFF,0xFFC0,0x0800,0x0000,
	0x0000,0x0121,0x07FF,0xFFFF,0xFFFF,0xFFFF,0xFFFF,0xFFFF,
	0xFFFF,0xFFFF,0xFFFF,0xFFFF,0xFFFF,0xFFFF,0xFFFF,0x3E7B,
	0x72FF,0x6FC0,0x0FFF,0xFFC0,0x39FF,0x8000,0xF8FF,0xFFFF,
	0xFFFF,0xFFFF,0xFFFF,0xFFFF,0xFFFF,0xFFFF,0xFFFF,0xFFFF,
	0xFFFF,0xFFFF,0xFFFF,0xFFFF,0xFFFF,0xFFC0,0x0800,0x0000,
	0x0000,0x0121,0x07FF,0xFFFF,0xFFFF,0xFFFF,0xFFFF,0xFFFF,
	0xFFFF,0xFFFF,0xFFFF,0xFFFF,0xFFFF,0xFFFF,0xFFF0,0xBFFF,
	0xFFFF,0xFFCF,0x7D0F,0xFC00,0x3803,0xFFFF,0xFFF8,0x0000,
	0x7FFF,0xF0FF,0x87FF,0xFFFF,0xFFFF,0xFFFF,0xFFFF,0xFFFF,
	0xFFFF,0xFFFF,0xFFFF,0xFFFF,0xFFFF,0xFFC0,0x0800,0x0000,
	0x0000,0x0121,0x07FF,0xFFFF,0xFFFF,0xFFFF,0xFFFF,0xFFFF,
	0xFFFF,0xFFFF,0xFFFF,0xFFFF,0xFFFF,0xFFFF,0xFFFF,0xFFFF,
	0xFF9F,0xFF2F,0xFFE0,0x0003,0x2004,0x0000,0x003F,0xFFFF,
	0xFFF8,0x7FFF,0xFFFF,0xFFFF,0xFFFF,0xFFFF,0xFFFF,0xFFFF,
	0xFFFF,0xFFFF,0xFFFF,0xFFFF,0xFFFF,0xFFC0,0x0900,0x0000,
	0x0000,0x0121,0x07FF,0xFFFF,0xFFFF,0xFFFF,0xFFFF,0xFFFF,
	0xFFFF,0xFFFF,0xFFFF,0xFFFF,0xFFFF,0xFFFF,0xFFFF,0xFFFF,
	0xF000,0x07C0,0x01FF,0x001B,0xEFF0,0x0318,0x0E00,0x001C,
	0x0700,0x7FFF,0xFFFF,0xFFFF,0xFFFF,0xFFFF,0xFFFF,0xFFFF,
	0xFFFF,0xFFFF,0xFFFF,0xFFFF,0xFFFF,0xFFC0,0x0900,0x0000,
	0x0000,0x0021,0x07FF,0xFFFF,0xFFFF,0xFFFF,0xFFFF,0xFFFF,
	0xFFFF,0xFFFF,0xFFFF,0xFFFF,0xFFFF,0xFFFF,0xFFFF,0xFFF3,
	0xFFFF,0xFFC0,0x0C60,0x0000,0xE07F,0xFF1D,0xFBFF,0xFFFF,
	0xFFFF,0xFFFF,0xFFFF,0xFFFF,0xFFFF,0xFFFF,0xFFFF,0xFFFF,
	0xFFFF,0xFFFF,0xFFFF,0xFFFF,0xFFFF,0xFFC0,0x0900,0x0000,
	0x0000,0x0021,0x07FF,0xFFFF,0xFFFF,0xFFFF,0xFFFF,0xFFFF,
	0xFFFF,0xFFFF,0xFFFF,0xFFFF,0xFFFF,0xFFFF,0xFFFF,0xFFFF,
	0xFFFF,0xFFFF,0xF060,0x0007,0x3FFF,0xFFFE,0xFFFF,0xFFFF,
	0xFFFF,0xFFFF,0xFFFF,0xFFFF,0xFFFF,0xFFFF,0xFFFF,0xFFFF,
	0xFFFF,0xFFFF,0xFFFF,0xFFFF,0xFFFF,0xFFC0,0x0900,0x0000,
	0x0000,0x0121,0x07FF,0xFFFF,0xFFFF,0xFFFF,0xFFFF,0xFFFF,
	0xFFFF,0xFFFF,0xFFFF,0xFFFF,0xFFFF,0xFFFF,0xFFFF,0xFFFF,
	0xFFFF,0xFFFF,0xFFFF,0xFFFF,0xFFFC,0x0007,0xFFFF,0xFFFF,
	0xFFFF,0xFFFF,0xFFFF,0xFFFF,0xFFFF,0xFFFF,0xFFFF,0xFFFF,
	0xFFFF,0xFFFF,0xFFFF,0xFFFF,0xFFFF,0xFFC0,0x0900,0x0000,
	0x0000,0x0121,0x07FF,0xFFFF,0xFFFF,0xFFFF,0xFFFF,0xFFFF,
	0xFFFF,0xFFFF,0xFFFF,0xFFFF,0xFFFF,0xFFFF,0xFFFF,0xFFFF,
	0xFFFF,0xFFFF,0xFFE0,0x00FF,0xFFFF,0xFF88,0xFC3F,0xFFFF,
	0xFFFF,0xFFFF,0xFFFF,0xFFFF,0xFFFF,0xFFFF,0xFFFF,0xFFFF,
	0xFFFF,0xFFFF,0xFFFF,0xFFFF,0xFFFF,0xFFC0,0x0900,0x0000,
	0x0000,0x0121,0x07FF,0xFFFF,0xFFFF,0xFFFF,0xFFFF,0xFFFF,
	0xFFFF,0xFFFF,0xFFFF,0xFFFF,0xFFFF,0xFFFF,0xFFFF,0xFFFF,
	0xFFFF,0xFFFF,0xFFE3,0xFBE0,0xFFFF,0xFFFF,0xFFFF,0xFFFF,
	0xFFFF,0xFFFF,0xFFFF,0xFFFF,0xFFFF,0xFFFF,0xFFFF,0xFFFF,
	0xFFFF,0xFFFF,0xFFFF,0xFFFF,0xFFFF,0xFFC0,0x0900,0x0000,
	0x0000,0x0021,0x07FF,0xFFFF,0xFFFF,0xFFFF,0xFFFF,0xFFFF,
	0xFFFF,0xFFFF,0xFFFF,0xFFFF,0xFFFF,0xFFFF,0xFFFF,0xFFFF,
	0xFFFF,0xFFFF,0xFFFF,0xFFE0,0xFFFF,0xFFFF,0xFFFF,0xFFFF,
	0xFFFF,0xFFFF,0xFFFF,0xFFFF,0xFFFF,0xFFFF,0xFFFF,0xFFFF,
	0xFFFF,0xFFFF,0xFFFF,0xFFFF,0xFFFF,0xFFC0,0x0900,0x0000,
	0x0000,0x0021,0x07FF,0xFFFF,0xFFFF,0xFFFF,0xFFFF,0xFFFF,
	0xFFFF,0xFFFF,0xFFFF,0xFFFF,0xFFFF,0xFFFF,0xFFFF,0xFFFF,
	0xFFFF,0xFFFF,0xFFFF,0xFC1F,0xCF8F,0xFFBF,0xFFFF,0xFFFF,
	0xFFFF,0xFFFF,0xFFFF,0xFFFF,0xFFFF,0xFFFF,0xFFFF,0xFFFF,
	0xFFFF,0xFFFF,0xFFFF,0xFFFF,0xFFFF,0xFFC0,0x0900,0x0000,
	0x0000,0x0021,0x07FF,0xFFFF,0xFFFF,0xFFFF,0xFFFF,0xFFFF,
	0xFFFF,0xFFFF,0xFFFF,0xFFFF,0xFFFF,0xFFFF,0xFFFF,0xFFFF,
	0xFFFF,0xFFFF,0xFFFF,0xFFFF,0xD63F,0xFFFF,0xFFFF,0xFFFF,
	0xFFFF,0xFFFF,0xFFFF,0xFFFF,0xFFFF,0xFFFF,0xFFFF,0xFFFF,
	0xFFFF,0xFFFF,0xFFFF,0xFFFF,0xFFFF,0xFFC0,0x0900,0x0000,
	0x0000,0x0121,0x07FF,0xFFFF,0xFFFF,0xFFFF,0xFFFF,0xFFFF,
	0xFFFF,0xFFFF,0xFFFF,0xFFFF,0xFFFF,0xFFFF,0xFFFF,0xFFFF,
	0xFFFF,0xFFFF,0xFFFF,0xE3C0,0x3C0F,0xFFFF,0xFFFF,0xFFFF,
	0xFFFF,0xFFFF,0xFFFF,0xFFFF,0xFFFF,0xFFFF,0xFFFF,0xFFFF,
	0xFFFF,0xFFFF,0xFFFF,0xFFFF,0xFFFF,0xFFC0,0x0900,0x0000,
	0x0000,0x0121,0x07FF,0xFFFF,0xFFFF,0xFFFF,0xFFFF,0xFFFF,
	0xFFFF,0xFFFF,0xFFFF,0xFFFF,0xFFFF,0xFFFF,0xFFFF,0xFFFF,
	0xFFFF,0xFFFF,0xFFFF,0xFFE0,0xAFFF,0xFFFF,0xFFFF,0xFFFF,
	0xFFFF,0xFFFF,0xFFFF,0xFFFF,0xFFFF,0xFFFF,0xFFFF,0xFFFF,
	0xFFFF,0xFFFF,0xFFFF,0xFFFF,0xFFFF,0xFFC0,0x0900,0x0000,
	0x0000,0x0121,0x07FF,0xFFFF,0xFFFF,0xFFFF,0xFFFF,0xFFFF,
	0xFFFF,0xFFFF,0xFFFF,0xFFFF,0xFFFF,0xFFFF,0xFFFF,0xFFFF,
	0xFFFF,0xFFFF,0xFFFF,0xFFFF,0x0FFF,0xFFFF,0xFFFF,0xFFFF,
	0xFFFF,0xFFFF,0xFFFF,0xFFFF,0xFFFF,0xFFFF,0xFFFF,0xFFFF,
	0xFFFF,0xFFFF,0xFFFF,0xFFFF,0xFFFF,0xFFC0,0x0900,0x0000,
	0x0000,0x0021,0x07FF,0xFFFF,0xFFFF,0xFFFF,0xFFFF,0xFFFF,
	0xFFFF,0xFFFF,0xFFFF,0xFFFF,0xFFFF,0xFFFF,0xFFFF,0xFFFF,
	0xFFFF,0xFFFF,0xFFFF,0xFFFF,0xFFFF,0xFFFF,0xFFFF,0xFFFF,
	0xFFFF,0xFFFF,0xFFFF,0xFFFF,0xFFFF,0xFFFF,0xFFFF,0xFFFF,
	0xFFFF,0xFFFF,0xFFFF,0xFFFF,0xFFFF,0xFFC0,0x0900,0x0000,
	0x0000,0x0021,0x07FF,0xFFFF,0xFFFF,0xFFFF,0xFFFF,0xFFFF,
	0xFFFF,0xFFFF,0xFFFF,0xFFFF,0xFFFF,0xFFFF,0xFFFF,0xFFFE,
	0x7FFF,0xFFFF,0xFFFF,0xFFFF,0xFF8F,0xFFFF,0xFFFF,0xFFFF,
	0xFFFF,0xFFFF,0xFFFF,0xFFFF,0xFFFF,0xFFFF,0xFFFF,0xFFFF,
	0xFFFF,0xFFFF,0xFFFF,0xFFFF,0xFFFF,0xFFC0,0x0900,0x0000,
	0x0000,0x0121,0x07FF,0xFFFF,0xFFFF,0xFFFF,0xFFFF,0xFFFF,
	0xFFFF,0xFFFF,0xFFFF,0xFFFF,0xFFFF,0xFFFF,0xFFF8,0xF9FF,
	0xFFFF,0xFFFF,0xFFFF,0xFFFF,0xFFFF,0xFFFF,0xFFFF,0xFFFF,
	0xFFFF,0xFFFF,0xFFFF,0xFFFF,0xFFFF,0xFFFF,0xFFFF,0xFFFF,
	0xFFFF,0xFFFF,0xFFFF,0xFFFF,0xFFFF,0xFFC0,0x0900,0x0000,
	0x0000,0x0121,0x07FF,0xFFFF,0xFFFF,0xFFFF,0xFFFF,0xFFFF,
	0xFFFF,0xFFFF,0xFFFF,0xFFFF,0xFFFF,0xFFFF,0xFFFF,0xFFF1,
	0xFFFF,0xFFFF,0xFFFF,0xFFFF,0xFFFF,0xFFFF,0xFFFF,0xFFFF,
	0xFFFF,0xFFFF,0xFFFF,0xFFFF,0xFFFF,0xFFFF,0xFFFF,0xFFFF,
	0xFFFF,0xFFFF,0xFFFF,0xFFFF,0xFFFF,0xFFC0,0x0900,0x0000,
	0x0000,0x0121,0x07FF,0xFFFF,0xFFFF,0xFFFF,0xFFFF,0xFFFF,
	0xFFFF,0xFFFF,0xFFFF,0xFFFF,0xFFFF,0xFFFF,0xFFFF,0xFFFF,
	0xFFFF,0xFFFF,0xFFFF,0xFFFF,0xFFFF,0xFFFF,0xFFFF,0xFFFF,
	0xFFFF,0xFFFF,0xFFFF,0xFFFF,0xFFFF,0xFFFF,0xFFFF,0xFFFF,
	0xFFFF,0xFFFF,0xFFFF,0xFFFF,0xFFFF,0xFFC0,0x0900,0x0000,
	0x0000,0x0121,0x07FF,0xFFFF,0xFFFF,0xFFFF,0xFFFF,0xFFFF,
	0xFFFF,0xFFFF,0xFFFF,0xFFFF,0xFFFF,0xFFFF,0xFFFE,0xFFFF,
	0xFFFF,0xFFFF,0xFFFF,0xFFFC,0x3FFF,0xFFFF,0xFFFF,0xFFFF,
	0xFFFF,0xFFFF,0xFFFF,0xFFFF,0xFFFF,0xFFFF,0xFFFF,0xFFFF,
	0xFFFF,0xFFFF,0xFFFF,0xFFFF,0xFFFF,0xFFC0,0x0900,0x0000,
	0x0000,0x0121,0x07FF,0xFFFF,0xFFFF,0xFFFF,0xFFFF,0xFFFF,
	0xFFFF,0xFFFF,0xFFFF,0xFFFF,0xFFFF,0xFFFF,0xFFFF,0xFFFF,
	0xFFFF,0xFFFF,0xFFFF,0xFFFE,0x07FF,0xF1FF,0xFFFF,0xFFFF,
	0xFFFF,0xFFFF,0xFFFF,0xFFFF,0xFFFF,0xFFFF,0xFFFF,0xFFFF,
	0xFFFF,0xFFFF,0xFFFF,0xFFFF,0xFFFF,0xFFC0,0x0900,0x0000,
	0x0000,0x0121,0x07FF,0xFFFF,0xFFFF,0xFFFF,0xFFFF,0xFFFF,
	0xFFFF,0xFFFF,0xFFFF,0xFFFF,0xFFFF,0xFFFF,0xFFFF,0xFFFF,
	0xFFFF,0xFFFF,0xFFFF,0xFFFF,0xFFFF,0xFFFF,0xFFFF,0xFFFF,
	0xFFFF,0xFFFF,0xFFFF,0xFFFF,0xFFFF,0xFFFF,0xFFFF,0xFFFF,
	0xFFFF,0xFFFF,0xFFFF,0xFFFF,0xFFFF,0xFFC0,0x0900,0x0000,
	0x0000,0x0121,0x07FF,0xFFFF,0xFFFF,0xFFFF,0xFFFF,0xFFFF,
	0xFFFF,0xFFFF,0xFFFF,0xFFFF,0xFFFF,0xFFFF,0xFFFF,0xFFFF,
	0xFFFF,0xFFFF,0xFFFF,0xFFFF,0xFFFF,0xFFFF,0xFFFF,0xFFFF,
	0xFFFF,0xFFFF,0xFFFF,0xFFFF,0xFFFF,0xFFFF,0xFFFF,0xFFFF,
	0xFFFF,0xFFFF,0xFFFF,0xFFFF,0xFFFF,0xFFC0,0x0900,0x0000,
	0x0000,0x0121,0x07FF,0xFFFF,0xFFFF,0xFFFF,0xFFFF,0xFFFF,
	0xFFFF,0xFFFF,0xFFFF,0xFFFF,0xFFFF,0xFFFF,0xFFFF,0xFFFF,
	0xFFFF,0xFFFF,0xFFFF,0xFFFF,0xFFFF,0xFFFF,0xFFFF,0xFFFF,
	0xFFFF,0xFFFF,0xFFFF,0xFFFF,0xFFFF,0xFFFF,0xFFFF,0xFFFF,
	0xFFFF,0xFFFF,0xFFFF,0xFFFF,0xFFFF,0xFFC0,0x0900,0x0000,
	0x0000,0x0121,0x07FF,0xFFFF,0xFFFF,0xFFFF,0xFFFF,0xFFFF,
	0xFFFF,0xFFFF,0xFFFF,0xFFFF,0xFFFF,0xFFFF,0xFFFF,0xFFFF,
	0xFFFF,0xFFFF,0xFFFF,0xFFFF,0xFFFF,0xFFFF,0xFFFF,0xFFFF,
	0xFFFF,0xFFFF,0xFFFF,0xFFFF,0xFFFF,0xFFFF,0xFFFF,0xFFFF,
	0xFFFF,0xFFFF,0xFFFF,0xFFFF,0xFFFF,0xFFC0,0x0900,0x0000,
	0x0000,0x0121,0x07FF,0xFFFF,0xFFFF,0xFFFF,0xFFFF,0xFFFF,
	0xFFFF,0xFFFF,0xFFFF,0xFFFF,0xFFFF,0xFFFF,0xFFFF,0xFFFF,
	0xFFFF,0xFFFF,0xFFFF,0xFFFF,0xFFFF,0xFFFF,0xFFFF,0xFFFF,
	0xFFFF,0xFFFF,0xFFFF,0xFFFF,0xFFFF,0xFFFF,0xFFFF,0xFFFF,
	0xFFFF,0xFFFF,0xFFFF,0xFFFF,0xFFFF,0xFFC0,0x0900,0x0000,
	0x0000,0x0121,0x07FF,0xFFFF,0xFFFF,0xFFFF,0xFFFF,0xFFFF,
	0xFFFF,0xFFFF,0xFFFF,0xFFFF,0xFFFF,0xFFFF,0xFFE1,0xFFFF,
	0xFFFF,0xFFFF,0xFFFF,0xFFFF,0xF9FF,0xFFFF,0xFFFF,0xFFFF,
	0xFFFF,0xFFFF,0xFFFF,0xFFFF,0xFFFF,0xFFFF,0xFFFF,0xFFFF,
	0xFFFF,0xFFFF,0xFFFF,0xFFFF,0xFFFF,0xFFC0,0x0900,0x0000,
	0x0000,0x0121,0x07FF,0xFFFF,0xFFFF,0xFFFF,0xFFFF,0xFFFF,
	0xFFFF,0xFFFF,0xFFFF,0xFFFF,0xFFFF,0xFFFF,0xFFFF,0xFFFF,
	0xFFFF,0xFFFF,0xFFFF,0xFFFF,0xF1FF,0xFFFF,0xFFFF,0xFFFF,
	0xFFFF,0xFFFF,0xFFFF,0xFFFF,0xFFFF,0xFFFF,0xFFFF,0xFFFF,
	0xFFFF,0xFFFF,0xFFFF,0xFFFF,0xFFFF,0xFFC0,0x0900,0x0000,
	0x0000,0x0001,0x07FF,0xFFFF,0xFFFF,0xFFFF,0xFFFF,0xFFFF,
	0xFFFF,0xFFFF,0xFFFF,0xFFFF,0xFFFF,0xFFFF,0xFFFF,0xFFFF,
	0xFFFF,0xFFFF,0xFFFF,0xFFFF,0xFFFF,0xFFFF,0xFFFF,0xFFFF,
	0xFFFF,0xFFFF,0xFFFF,0xFFFF,0xFFFF,0xFFFF,0xFFFF,0xFFFF,
	0xFFFF,0xFFFF,0xFFFF,0xFFFF,0xFFFF,0xFFC0,0x0000,0x0000,
	0x0000,0x0001,0x07FF,0xFFFF,0xFFFF,0xFFFF,0xFFFF,0xFFFF,
	0xFFFF,0xFFFF,0xFFFF,0xFFFF,0xFFFF,0xFFFF,0xFFFF,0xFFFF,
	0xFFFF,0xFFFF,0xFFFF,0xFFFE,0x3FFF,0xFFFF,0xFFFF,0xFFFF,
	0xFFFF,0xFFFF,0xFFFF,0xFFFF,0xFFFF,0xFFFF,0xFFFF,0xFFFF,
	0xFFFF,0xFFFF,0xFFFF,0xFFFF,0xFFFF,0xFFC0,0x0000,0x0000,
	0x0000,0x0001,0x07FF,0xFFFF,0xFFFF,0xFFFF,0xFFFF,0xFFFF,
	0xFFFF,0xFFFF,0xFFFF,0xFFFF,0xFFFF,0xFFFF,0xFFFF,0xFFFF,
	0xFFFF,0xFFFF,0xFFFF,0xFFFE,0x0FFF,0xFFFF,0xFFFF,0xFFFF,
	0xFFFF,0xFFFF,0xFFFF,0xFFFF,0xFFFF,0xFFFF,0xFFFF,0xFFFF,
	0xFFFF,0xFFFF,0xFFFF,0xFFFF,0xFFFF,0xFFC0,0x0000,0x0000,
	0x0000,0x0001,0x07FF,0xFFFF,0xFFFF,0xFFFF,0xFFFF,0xFFFF,
	0xFFFF,0xFFFF,0xFFFF,0xFFFF,0xFFFF,0xFFFF,0xFFFF,0xFFFF,
	0xFFFF,0xFFFF,0xFFFF,0xFFFF,0xFFFF,0xFFFF,0xFFFF,0xFFFF,
	0xFFFF,0xFFFF,0xFFFF,0xFFFF,0xFFFF,0xFFFF,0xFFFF,0xFFFF,
	0xFFFF,0xFFFF,0xFFFF,0xFFFF,0xFFFF,0xFFC0,0x0000,0x0000,
	0x0000,0x0001,0x07FF,0xFFFF,0xFFFF,0xFFFF,0xFFFF,0xFFFF,
	0xFFFF,0xFFFF,0xFFFF,0xFFFF,0xFFFF,0xFFFF,0xFFFF,0xFFFC,
	0x7FFF,0xFFFF,0xFFFF,0xFFFF,0xFFFF,0xFFFF,0xFFFF,0xFFFF,
	0xFFFF,0xFFFF,0xFFFF,0xFFFF,0xFFFF,0xFFFF,0xFFFF,0xFFFF,
	0xFFFF,0xFFFF,0xFFFF,0xFFFF,0xFFFF,0xFFC0,0x0000,0x0000,
	0x0000,0x0001,0x07FF,0xFFFF,0xFFFF,0xFFFF,0xFFFF,0xFFFF,
	0xFFFF,0xFFFF,0xFFFF,0xFFFF,0xFFFF,0xFFFF,0xFFFF,0xFFFF,
	0xFFFF,0xFFFF,0xFFFF,0xFFFF,0xFFFF,0xFFFF,0xFFFF,0xFFFF,
	0xFFFF,0xFFFF,0xFFFF,0xFFFF,0xFFFF,0xFFFF,0xFFFF,0xFFFF,
	0xFFFF,0xFFFF,0xFFFF,0xFFFF,0xFFFF,0xFFC0,0x0000,0x0000,
	0x0000,0x0001,0x07FF,0xFFFF,0xFFFF,0xFFFF,0xFFFF,0xFFFF,
	0xFFFF,0xFFFF,0xFFFF,0xFFFF,0xFFFF,0xFFFF,0xFFFF,0xFFFF,
	0xFFFF,0xFFFF,0xFFFF,0xFFFF,0xFFFF,0xFFFF,0xFFFF,0xFFFF,
	0xFFFF,0xFFFF,0xFFFF,0xFFFF,0xFFFF,0xFFFF,0xFFFF,0xFFFF,
	0xFFFF,0xFFFF,0xFFFF,0xFFFF,0xFFFF,0xFFC0,0x0000,0x0000,
	0x0000,0x0001,0x07FF,0xFFFF,0xFFFF,0xFFFF,0xFFFF,0xFFFF,
	0xFFFF,0xFFFF,0xFFFF,0xFFFF,0xFFFF,0xFFFF,0xFFFF,0xFFFF,
	0xFFFF,0xFFFF,0xFFFF,0xFFFF,0xE1FF,0xFFFF,0xFFFF,0xFFFF,
	0xFFFF,0xFFFF,0xFFFF,0xFFFF,0xFFFF,0xFFFF,0xFFFF,0xFFFF,
	0xFFFF,0xFFFF,0xFFFF,0xFFFF,0xFFFF,0xFFC0,0x0000,0x0000,
	0x0000,0x0000,0x07FF,0xFFFF,0xFFFF,0xFFFF,0xFFFF,0xFFFF,
	0xFFFF,0xFFFF,0xFFFF,0xFFFF,0xFFFF,0xFFFF,0xFFFF,0xFFFF,
	0xFFFF,0xFFFF,0xFFFF,0xFFFF,0xE1FF,0xFFFF,0xFFFF,0xFFFF,
	0xFFFF,0xFFFF,0xFFFF,0xFFFF,0xFFFF,0xFFFF,0xFFFF,0xFFFF,
	0xFFFF,0xFFFF,0xFFFF,0xFFFF,0xFFFF,0xFFC0,0x0000,0x0000,
	0x0000,0x0000,0x07FF,0xFFFF,0xFFFF,0xFFFF,0xFFFF,0xFFFF,
	0xFFFF,0xFFFF,0xFFFF,0xFFFF,0xFFFF,0xFFFF,0xFFFF,0xFFFF,
	0xFFFF,0xFFFF,0xFFFF,0xFFFF,0xE1FF,0xFFFF,0xFFFF,0xFFFF,
	0xFFFF,0xFFFF,0xFFFF,0xFFFF,0xFFFF,0xFFFF,0xFFFF,0xFFFF,
	0xFFFF,0xFFFF,0xFFFF,0xFFFF,0xFFFF,0xFFC0,0x0000,0x0000,
	0x0000,0x0000,0x07FF,0xFFFF,0xFFFF,0xFFFF,0xFFFF,0xFFFF,
	0xFFFF,0xFFFF,0xFFFF,0xFFFF,0xFFFF,0xFFFF,0xFFFF,0xFFFF,
	0xFFFF,0xFFFF,0xFFFF,0xFFFF,0xFFFF,0xFFFF,0xFFFF,0xFFFF,
	0xFFFF,0xFFFF,0xFFFF,0xFFFF,0xFFFF,0xFFFF,0xFFFF,0xFFFF,
	0xFFFF,0xFFFF,0xFFFF,0xFFFF,0xFFFF,0xFFC0,0x0000,0x0000,
	0x0000,0x0000,0x07FF,0xFFFF,0xFFFF,0xFFFF,0xFFFF,0xFFFF,
	0xFFFF,0xFFFF,0xFFFF,0xFFFF,0xFFFF,0xFFFF,0xFFFF,0xFFFF,
	0xFFFF,0xFFFF,0xFFFF,0xFFFF,0xFFFF,0xFFFF,0xFFFF,0xFFFF,
	0xFFFF,0xFFFF,0xFFFF,0xFFFF,0xFFFF,0xFFFF,0xFFFF,0xFFFF,
	0xFFFF,0xFFFF,0xFFFF,0xFFFF,0xFFFF,0xFFC0,0x0000,0x0000,
	0x0000,0x0000,0x07FF,0xFFFF,0xFFFF,0xFFFF,0xFFFF,0xFFFF,
	0xFFFF,0xFFFF,0xFFFF,0xFFFF,0xFFFF,0xFFFF,0xFFFF,0xFFFF,
	0xFFFF,0xFFFF,0xFFFF,0xFFFF,0xFFFF,0xFFFF,0xFFFF,0xFFFF,
	0xFFFF,0xFFFF,0xFFFF,0xFFFF,0xFFFF,0xFFFF,0xFFFF,0xFFFF,
	0xFFFF,0xFFFF,0xFFFF,0xFFFF,0xFFFF,0xFFC0,0x0000,0x0000,
	0x0000,0x0000,0x07FF,0xFFFF,0xFFFF,0xFFFF,0xFFFF,0xFFFF,
	0xFFFF,0xFFFF,0xFFFF,0xFFFF,0xFFFF,0xFFFF,0xFFFF,0xFFFF,
	0xFFFF,0xFFFF,0xFFFF,0xFFFF,0xFFFF,0xFFFF,0xFFFF,0xFFFF,
	0xFFFF,0xFFFF,0xFFFF,0xFFFF,0xFFFF,0xFFFF,0xFFFF,0xFFFF,
	0xFFFF,0xFFFF,0xFFFF,0xFFFF,0xFFFF,0xFFC0,0x0000,0x0000,
	0x0000,0x0000,0x07FF,0xFFFF,0xFFFF,0xFFFF,0xFFFF,0xFFFF,
	0xFFFF,0xFFFF,0xFFFF,0xFFFF,0xFFFF,0xFFFF,0xFFFF,0xFFFF,
	0xFFFF,0xFFFF,0x1FFF,0xFFFE,0xBFFF,0xFFFF,0xFFFF,0xFFFF,
	0xFFFF,0xFFFF,0xFFFF,0xFFFF,0xFFFF,0xFFFF,0xFFFF,0xFFFF,
	0xFFFF,0xFFFF,0xFFFF,0xFFFF,0xFFFF,0xFFC0,0x0000,0x0000,
	0x0000,0x0000,0x07FF,0xFFFF,0xFFFF,0xFFFF,0xFFFF,0xFFFF,
	0xFFFF,0xFFFF,0xFFFF,0xFFFF,0xFFFF,0xFFFF,0xFFFF,0xFFFF,
	0xFFFF,0xFFFF,0xFFFF,0xFFFF,0xF7FF,0xFFFF,0xFFFF,0xFFFF,
	0xFFFF,0xFFFF,0xFFFF,0xFFFF,0xFFFF,0xFFFF,0xFFFF,0xFFFF,
	0xFFFF,0xFFFF,0xFFFF,0xFFFF,0xFFFF,0xFFC0,0x0000,0x0000,
	0x0000,0x0000,0x07FF,0xFFFF,0xFFFF,0xFFFF,0xFFFF,0xFFFF,
	0xFFFF,0xFFFF,0xFFFF,0xFFFF,0xFFFF,0xFFFF,0xFFFF,0xFFFF,
	0xFFFF,0xFFFF,0xFFFF,0xFFFF,0xFFFF,0xFFFF,0xFFFF,0xFFFF,
	0xFFFF,0xFFFF,0xFFFF,0xFFFF,0xFFFF,0xFFFF,0xFFFF,0xFFFF,
	0xFFFF,0xFFFF,0xFFFF,0xFFFF,0xFFFF,0xFFC0,0x0000,0x0000,
	0x0000,0x0000,0x07FF,0xFFFF,0xFFFF,0xFFFF,0xFFFF,0xFFFF,
	0xFFFF,0xFFFF,0xFFFF,0xFFFF,0xFFFF,0xFFFF,0xFFFF,0xFFFF,
	0xFFFF,0xFFFF,0xFFFF,0xFFFF,0xFFFF,0xFFFF,0xFFFF,0xFFFF,
	0xFFFF,0xFFFF,0xFFFF,0xFFFF,0xFFFF,0xFFFF,0xFFFF,0xFFFF,
	0xFFFF,0xFFFF,0xFFFF,0xFFFF,0xFFFF,0xFFC0,0x0000,0x0000,
	0x0000,0x0000,0x07FF,0xFFFF,0xFFFF,0xFFFF,0xFFFF,0xFFFF,
	0xFFFF,0xFFFF,0xFFFF,0xFFFF,0xFFFF,0xFFFF,0xFFFF,0xFFFF,
	0xFFFF,0xFFFF,0xFFFF,0xFFFF,0xFFFF,0xFFFF,0xFFFF,0xFFFF,
	0xFFFF,0xFCFF,0xFFFF,0xFFFF,0xFFFF,0xFFFF,0xFFFF,0xFFFF,
	0xFFFF,0xFFFF,0xFFFF,0xFFFF,0xFFFF,0xFFC0,0x0000,0x0000,
	0x0000,0x0000,0x07FF,0xFFFF,0xFFFF,0xFFFF,0xFFFF,0xFFFF,
	0xFFFF,0xFFFF,0xFFFF,0xFFFF,0xFFFF,0xFFFF,0xFFFF,0xFFFF,
	0xFFFF,0xFFFF,0xFFFF,0xFFFF,0xFFFF,0xFFFF,0xFFFF,0xFFFF,
	0xFFFF,0xFFBF,0xFFFF,0xFFFF,0xFFFF,0xFFFF,0xFFFF,0xFFFF,
	0xFFFF,0xFFFF,0xFFFF,0xFFFF,0xFFFF,0xFFC0,0x0000,0x0000,
	0x0000,0x0000,0x07FF,0xFFFF,0xFFFF,0xFFFF,0xFFFF,0xFFFF,
	0xFFFF,0xFFFF,0xFFFF,0xFFFF,0xFFFF,0xFFFF,0xFFFF,0xFFFF,
	0xFFFF,0xFFFF,0xFFFF,0xFFFF,0xFFC3,0xFFFF,0xFFFF,0xFFFF,
	0xFFFF,0xFFFF,0xFFFF,0xFFFF,0xFFFF,0xFFFF,0xFFFF,0xFFFF,
	0xFFFF,0xFFFF,0xFFFF,0xFFFF,0xFFFF,0xFFC0,0x0000,0x0000,
	0x0000,0x0000,0x07FF,0xFFFF,0xFFFF,0xFFFF,0xFFFF,0xFFFF,
	0xFFFF,0xFFFF,0xFFFF,0xFFFF,0xFFFF,0xFFFF,0xFFFF,0xFFFF,
	0xFFFF,0xFFFF,0xFFFF,0xFFFF,0xFFFF,0xFFFF,0xFFFF,0xFFFF,
	0xFFFF,0xFFFF,0xFFFF,0xFFFF,0xFFFF,0xFFFF,0xFFFF,0xFFFF,
	0xFFFF,0xFFFF,0xFFFF,0xFFFF,0xFFFF,0xFFC0,0x0000,0x0000,
	0x0000,0x0000,0x07FF,0xFFFF,0xFFFF,0xFFFF,0xFFFF,0xFFFF,
	0xFFFF,0xFFFF,0xFFFF,0xFFFF,0xFFFF,0xFFFF,0xFFFF,0xFFFF,
	0xFFFF,0xFFFF,0xFFFF,0xFFFF,0xFFFF,0xFFFF,0xFFFF,0xFFFF,
	0xFFFF,0xFFF3,0xFFFF,0xFFFF,0xFFFF,0xFFFF,0xFFFF,0xFFFF,
	0xFFFF,0xFFFF,0xFFFF,0xFFFF,0xFFFF,0xFFC0,0x0000,0x0000,
	0x0000,0x0000,0x07FF,0xFFFF,0xFFFF,0xFFFF,0xFFFF,0xFFFF,
	0xFFFF,0xFFFF,0xFFFF,0xFFFF,0xFFFF,0xFFFF,0xFFFF,0xFFFF,
	0xFFFF,0xFFFF,0xFFFF,0xFFFF,0xFFFF,0xFFFF,0xFFFF,0xFFFF,
	0xFFFF,0xFFFE,0x7FFF,0xFFFF,0xFFFF,0xFFFF,0xFFFF,0xFFFF,
	0xFFFF,0xFFFF,0xFFFF,0xFFFF,0xFFFF,0xFFC0,0x0000,0x0000,
	0x0000,0x0000,0x07FF,0xFFFF,0xFFFF,0xFFFF,0xFFFF,0xFFFF,
	0xFFFF,0xFFFF,0xFFFF,0xFFFF,0xFFFF,0xFFFF,0xFFFF,0xFFFF,
	0xFFFF,0xFFFF,0xFFFF,0xFFFE,0x27FF,0xF3FF,0xFFFF,0xFFFF,
	0xFFFF,0xFFFF,0xFFFF,0xFFFF,0xFFFF,0xFFFF,0xFFFF,0xFFFF,
	0xFFFF,0xFFFF,0xFFFF,0xFFFF,0xFFFF,0xFFC0,0x0000,0x0000,
	0x0000,0x0000,0x07FF,0xFFFF,0xFFFF,0xFFFF,0xFFFF,0xFFFF,
	0xFFFF,0xFFFF,0xFFFF,0xFFFF,0xFFFF,0xFFFF,0xFFFF,0xFFFF,
	0xFFFF,0xFFFF,0xFFFF,0xFFFF,0xEFFF,0xFFFF,0xFFFF,0xFFFF,
	0xFFFF,0xFFFF,0xFFFF,0xFFFF,0xFFFF,0xFFFF,0xFFFF,0xFFFF,
	0xFFFF,0xFFFF,0xFFFF,0xFFFF,0xFFFF,0xFFC0,0x0000,0x0000,
	0x0000,0x0000,0x07FF,0xFFFF,0xFFFF,0xFFFF,0xFFFF,0xFFFF,
	0xFFFF,0xFFFF,0xFFFF,0xFFFF,0xFFFF,0xFFFF,0xFFFF,0xFFFF,
	0xFFFF,0xFFFF,0xFFFF,0xFFFE,0x3FFF,0xFFFF,0xFFFF,0xFFFF,
	0xFFFF,0xFFFF,0xFFFF,0xFFFF,0xFFFF,0xFFFF,0xFFFF,0xFFFF,
	0xFFFF,0xFFFF,0xFFFF,0xFFFF,0xFFFF,0xFFC0,0x0000,0x0000,
	0x0000,0x0000,0x07FF,0xFFFF,0xFFFF,0xFFFF,0xFFFF,0xFFFF,
	0xFFFF,0xFFFF,0xFFFF,0xFFFF,0xFFFF,0xFFFF,0xFFFF,0xFFFF,
	0xFFFF,0xFFFF,0xFFFF,0xFFFE,0x3FFF,0xFFFF,0xFFFF,0xFFFF,
	0xFFFF,0xFFFF,0xFFFF,0xFFFF,0xFFFF,0xFFFF,0xFFFF,0xFFFF,
	0xFFFF,0xFFFF,0xFFFF,0xFFFF,0xFFFF,0xFFC0,0x0000,0x0000,
	0x0000,0x0000,0x07FF,0xFFFF,0xFFFF,0xFFFF,0xFFFF,0xFFFF,
	0xFFFF,0xFFFF,0xFFFF,0xFFFF,0xFFFF,0xFFFF,0xFFFF,0xFFFF,
	0xFFFF,0xFFFF,0xFFFF,0xFFFE,0x17FF,0xFFFF,0xFFFF,0xFFFF,
	0xFFFF,0xFFFF,0xFFFF,0xFFFF,0xFFFF,0xFFFF,0xFFFF,0xFFFF,
	0xFFFF,0xFFFF,0xFFFF,0xFFFF,0xFFFF,0xFFC0,0x0000,0x0000,
	0x0000,0x0000,0x07FF,0xFFFF,0xFFFF,0xFFFF,0xFFFF,0xFFFF,
	0xFFFF,0xFFFF,0xFFFF,0xFFFF,0xFFFF,0xFFFF,0xFFFF,0xFFFF,
	0xFFFF,0xFFFF,0x7FFF,0xFFE0,0x17FF,0xFFFF,0xFFFF,0xFFFF,
	0xFFFF,0xFFFF,0xFFFF,0xFFFF,0xFFFF,0xFFFF,0xFFFF,0xFFFF,
	0xFFFF,0xFFFF,0xFFFF,0xFFFF,0xFFFF,0xFFC0,0x0000,0x0000,
	0x0000,0x0000,0x07FF,0xFFFF,0xFFFF,0xFFFF,0xFFFF,0xFFFF,
	0xFFFF,0xFFFF,0xFFFF,0xFFFF,0xFFFF,0xFFFF,0xFFFF,0xFFFF,
	0xFFFF,0xFFFF,0xFFFF,0xFFF4,0x1FC3,0xFFFF,0xFFFF,0xFFFF,
	0xFFFF,0xFFFF,0xFFFF,0xFFFF,0xFFFF,0xFFFF,0xFFFF,0xFFFF,
	0xFFFF,0xFFFF,0xFFFF,0xFFFF,0xFFFF,0xFFC0,0x0000,0x0000,
	0x0000,0x0000,0x07FF,0xFFFF,0xFFFF,0xFFFF,0xFFFF,0xFFFF,
	0xFFFF,0xFFFF,0xFFFF,0xFFFF,0xFFFF,0xFFFF,0xFFFF,0xFFFF,
	0xFFFF,0xFFFF,0xFFFF,0xFFE0,0x3F9B,0xFFFF,0xFFFF,0xFFFF,
	0xFFFF,0xFFFF,0xFFFF,0xFFFF,0xFFFF,0xFFFF,0xFFFF,0xFFFF,
	0xFFFF,0xFFFF,0xFFFF,0xFFFF,0xFFFF,0xFFC0,0x0000,0x0000,
	0x0000,0x0000,0x07FF,0xFFFF,0xFFFF,0xFFFF,0xFFFF,0xFFFF,
	0xFFFF,0xFFFF,0xFFFF,0xFFFF,0xFFFF,0xFFFF,0xFFFF,0xFFFF,
	0xFFFF,0xFFFF,0xFFFF,0xFFF8,0x4EE3,0xFFFF,0xFFFF,0xFFFF,
	0xFFFF,0xFFFF,0xFFFF,0xFFFF,0xFFFF,0xFFFF,0xFFFF,0xFFFF,
	0xFFFF,0xFFFF,0xFFFF,0xFFFF,0xFFFF,0xFFC0,0x0000,0x0000,
	0x0000,0x0000,0x07FF,0xFFFF,0xFFFF,0xFFFF,0xFFFF,0xFFFF,
	0xFFFF,0xFFFF,0xFFFF,0xFFFF,0xFFFF,0xFFFF,0xFFFF,0xFFFF,
	0xFF1F,0xFFFF,0xFFFF,0xFFF9,0x8E07,0xFFFF,0xFFFF,0xFFFF,
	0xFFFF,0xFFFF,0xFFFF,0xFFFF,0xFFFF,0xFFFF,0xFFFF,0xFFFF,
	0xFFFF,0xFFFF,0xFFFF,0xFFFF,0xFFFF,0xFFC0,0x0000,0x0000,
	0x0000,0x0000,0x07FF,0xFFFF,0xFFFF,0xFFFF,0xFFFF,0xFFFF,
	0xFFFF,0xFFFF,0xFFFF,0xFFFF,0xFFFF,0xFFFF,0xFFFF,0xFFFF,
	0xFFFF,0xFFFF,0xFFFF,0xFFFE,0x8E47,0xFEFF,0xFFFF,0xFFFF,
	0xFFFF,0xFFFF,0xFFFF,0xFFFF,0xFFFF,0xFFFF,0xFFFF,0xFFFF,
	0xFFFF,0xFFFF,0xFFFF,0xFFFF,0xFFFF,0xFFC0,0x0000,0x0000,
	0x0000,0x0000,0x07FF,0xFFFF,0xFFFF,0xFFFF,0xFFFF,0xFFFF,
	0xFFFF,0xFFFF,0xFFFF,0xFFFF,0xFFFF,0xFFFF,0xFFFF,0xFFFF,
	0xFFFF,0xFFFF,0xFFFF,0xFFFA,0x0E0F,0xFFFF,0xFFFF,0xFFFF,
	0xFFFF,0xFFFF,0xFFFF,0xFFFF,0xFFFF,0xFFFF,0xFFFF,0xFFFF,
	0xFFFF,0xFFFF,0xFFFF,0xFFFF,0xFFFF,0xFFC0,0x0000,0x0000,
	0x0000,0x0000,0x07FF,0xFFFF,0xFFFF,0xFFFF,0xFFFF,0xFFFF,
	0xFFFF,0xFFFF,0xFFFF,0xFFFF,0xFFFF,0xFFFF,0xFFFF,0xFFFF,
	0xFFFF,0xFFFF,0xFFFF,0xFFF0,0x0E0F,0xFDFF,0xFFFF,0xFFFF,
	0xFFFF,0xFFFF,0xFFFF,0xFFFF,0xFFFF,0xFFFF,0xFFFF,0xFFFF,
	0xFFFF,0xFFFF,0xFFFF,0xFFFF,0xFFFF,0xFFC0,0x0000,0x0000,
	0x0000,0x0000,0x07FF,0xFFFF,0xFFFF,0xFFFF,0xFFFF,0xFFFF,
	0xFFFF,0xFFFF,0xFFFF,0xFFFF,0xFFFF,0xFFFF,0xFFFF,0xFFFF,
	0xFFFF,0xFFFF,0xFFFF,0xF8EC,0x0E0F,0xFFFF,0xFFFF,0xFFFF,
	0xFFFF,0xFFFF,0xFFFF,0xFFFF,0xFFFF,0xFFFF,0xFFFF,0xFFFF,
	0xFFFF,0xFFFF,0xFFFF,0xFFFF,0xFFFF,0xFFC0,0x0000,0x0000,
	0x0000,0x0000,0x07FF,0xFFFF,0xFFFF,0xFFFF,0xFFFF,0xFFFF,
	0xFFFF,0xFFFF,0xFFFF,0xFFFF,0xFFFF,0xFFFF,0xFFFF,0xFFFF,
	0xFFFF,0xFFFF,0xFFFF,0x98E1,0x0E0F,0xFFF8,0x3FFF,0xFFFF,
	0xFFFF,0xFFFF,0xFFFF,0xFFFF,0xFFFF,0xFFFF,0xFFFF,0xFFFF,
	0xFFFF,0xFFFF,0xFFFF,0xFFFF,0xFFFF,0xFFC0,0x0000,0x0000,
	0x0000,0x0000,0x07FF,0xFFFF,0xFFFF,0xFFFF,0xFFFF,0xFFFF,
	0xFFFF,0xFFFF,0xFFFF,0xFFFF,0xFFFF,0xFFFF,0xFFFF,0xFFFF,
	0xFFFF,0xFFFF,0xFE3F,0xE0E5,0x0E0F,0xFFFF,0xFFFF,0xFFFF,
	0xFFFF,0xFFFF,0xFFFF,0xFFFF,0xFFFF,0xFFFF,0xFFFF,0xFFFF,
	0xFFFF,0xFFFF,0xFFFF,0xFFFF,0xFFFF,0xFFC0,0x0000,0x0000,
	0x0000,0x0000,0x07FF,0xFFFF,0xFFFF,0xFFFF,0xFFFF,0xFFFF,
	0xFFFF,0xFFFF,0xFFFF,0xFFFF,0xFFFF,0xFFFF,0xFFFF,0xFFFF,
	0xFFFF,0xFFFF,0xFFFF,0xE7F0,0x000F,0xFFFF,0xFFFF,0xFFFF,
	0xFFFF,0xFFFF,0xFFFF,0xFFFF,0xFFFF,0xFFFF,0xFFFF,0xFFFF,
	0xFFFF,0xFFFF,0xFFFF,0xFFFF,0xFFFF,0xFFC0,0x0000,0x0000,
	0x0000,0x0000,0x07FF,0xFFFF,0xFFFF,0xFFFF,0xFFFF,0xFFFF,
	0xFFFF,0xFFFF,0xFFFF,0xFFFF,0xFFFF,0xFFFF,0xFFFF,0xFFFF,
	0xFFFF,0xFFFF,0xFFFF,0x82E0,0x0003,0xFFFF,0xFFFF,0xFFFF,
	0xFFFC,0xFFFF,0xFFFF,0xFFFF,0xFFFF,0xFFFF,0xFFFF,0xFFFF,
	0xFFFF,0xFFFF,0xFFFF,0xFFFF,0xFFFF,0xFFC0,0x0000,0x0000,
	0x0000,0x0000,0x07FF,0xFFFF,0xFFFF,0xFFFF,0xFFFF,0xFFFF,
	0xFFFF,0xFFFF,0xFFFF,0xFFFF,0xFFFF,0xFFFF,0xFFFF,0xFFFF,
	0xFFFF,0xFFFF,0xFFFF,0xFF60,0x0002,0x7FFF,0xFFFF,0xFFFF,
	0xFFFF,0xFFFF,0xFFFF,0xFFFF,0xFFFF,0xFFFF,0xFFFF,0xFFFF,
	0xFFFF,0xFFFF,0xFFFF,0xFFFF,0xFFFF,0xFFC0,0x0000,0x0000,
	0x0000,0x0000,0x07FF,0xFFFF,0xFFFF,0xFFFF,0xFFFF,0xFFFF,
	0xFFFF,0xFFFF,0xFFFF,0xFFFF,0xFFFF,0xFFFF,0xFFFF,0xFFFF,
	0xFFFF,0xFFFF,0xFFFF,0x8F59,0xF080,0x7FFF,0xFFF3,0xFFFF,
	0xFFFF,0xFFFF,0xFFFF,0xFFFF,0xFFFF,0xFFFF,0xFFFF,0xFFFF,
	0xFFFF,0xFFFF,0xFFFF,0xFFFF,0xFFFF,0xFFC0,0x0000,0x0000,
	0x0000,0x0000,0x07FF,0xFFFF,0xFFFF,0xFFFF,0xFFFF,0xFFFF,
	0xFFFF,0xFFFF,0xFFFF,0xFFFF,0xFFFF,0xFFFF,0xFFFF,0xFFFF,
	0xFFFF,0xFFFF,0xFFF2,0xC019,0xC3DC,0x07FF,0xFFFF,0xFFFF,
	0xFFFF,0xFFFF,0xFFFF,0xFFFF,0xFFFF,0xFFFF,0xFFFF,0xFFFF,
	0xFFFF,0xFFFF,0xFFFF,0xFFFF,0xFFFF,0xFFC0,0x0000,0x0000,
	0x0000,0x0000,0x07FF,0xFFFF,0xFFFF,0xFFFF,0xFFFF,0xFFFF,
	0xFFFF,0xFFFF,0xFFFF,0xFFFF,0xFFFF,0xFFFF,0xFFFF,0xFFFF,
	0xFFFF,0xFFFF,0xFF8F,0x0000,0x0040,0x0CFF,0xFFFF,0xFFFF,
	0xFFFF,0xFFFF,0xFFFF,0xFFFF,0xFFFF,0xFFFF,0xFFFF,0xFFFF,
	0xFFFF,0xFFFF,0xFFFF,0xFFFF,0xFFFF,0xFFC0,0x0000,0x0000,
	0x0000,0x0000,0x07FF,0xFFFF,0xFFFF,0xFFFF,0xFFFF,0xFFFF,
	0xFFFF,0xFFFF,0xFFFF,0xFFFF,0xFFFF,0xFFFF,0xFFFF,0xFFFF,
	0xFFFF,0xFFFF,0xFE71,0xF003,0x0000,0x001F,0xFFFF,0xFFFF,
	0xFFFF,0xFFFF,0xFFFF,0xFFFF,0xFFFF,0xFFFF,0xFFFF,0xFFFF,
	0xFFFF,0xFFFF,0xFFFF,0xFFFF,0xFFFF,0xFFC0,0x0000,0x0000,
	0x0000,0x0000,0x07FF,0xFFFF,0xFFFF,0xFFFF,0xFFFF,0xFFFF,
	0xFFFF,0xFFFF,0xFFFF,0xFFFF,0xFFFF,0xFFFF,0xFFFF,0xFFFF,
	0xFFFF,0xFFFF,0xFE7D,0x0000,0x6A00,0x2A5F,0xFFFF,0xFFFF,
	0xFFFF,0xFFFF,0xFFFF,0xFFFF,0xFFFF,0xFFFF,0xFFFF,0xFFFF,
	0xFFFF,0xFFFF,0xFFFF,0xFFFF,0xFFFF,0xFFC0,0x0000,0x0000,
	0x0000,0x0000,0x07FF,0xFFFF,0xFFFF,0xFFFF,0xFFFF,0xFFFF,
	0xFFFF,0xFFFF,0xFFFF,0xFFFF,0xFFFF,0xFFFF,0xFFFF,0xFFFF,
	0xFFFF,0xFFFF,0xFE1F,0x8000,0x0001,0x01DF,0xFFFF,0xFFFF,
	0xFFFF,0xFFFF,0xFFFF,0xFFFF,0xFFFF,0xFFFF,0xFFFF,0xFFFF,
	0xFFFF,0xFFFF,0xFFFF,0xFFFF,0xFFFF,0xFFC0,0x0000,0x0000,
	0x0000,0x0000,0x07FF,0xFFFF,0xFFFF,0xFFFF,0xFFFF,0xFFFF,
	0xFFFF,0xFFFF,0xFFFF,0xFFFF,0xFFFF,0xFFFF,0xFFFF,0xFFFF,
	0xFFFF,0xFFFF,0xFE80,0x1FFF,0xFFF2,0xFF9F,0xFF03,0xFFFF,
	0xFFFE,0x0FFF,0xF43C,0xFFFF,0xFFFF,0xFFFF,0xFFFF,0xFFFF,
	0xFFFF,0xFFFF,0xFFFF,0xFFFF,0xFFFF,0xFFC0,0x0000,0x0000,
	0x0000,0x0000,0x07FF,0xFFFF,0xFFFF,0xFFFF,0xFFFF,0xFFFF,
	0xFFFF,0xFFFF,0xFFFF,0xFFFF,0xFFFF,0xFFFF,0xFFFF,0xFFFF,
	0xFFFF,0xFFFF,0xFE80,0x0400,0x0000,0xB9DF,0xFFFF,0xFFFF,
	0xFFC5,0xF040,0x53F0,0x1FFF,0x8FFF,0xFFFF,0xFFFF,0xFFFF,
	0xFFFF,0xFFFF,0xFFFF,0xFFFF,0xFFFF,0xFFC0,0x0000,0x0000,
	0x0000,0x0000,0x07FF,0xFFFF,0xFFFF,0xFFFF,0xFFFF,0xFFFF,
	0xFFFF,0xFFFF,0xFFFF,0xFFFF,0xFFFF,0xFFFF,0xFFFF,0xFFFF,
	0xFFFF,0xF9FF,0xFE80,0x043F,0xFFA1,0xB15F,0xFFFF,0xFFFF,
	0xF80F,0x843E,0x000F,0xFFFF,0x0BFF,0xFFFF,0xFFFF,0xFFFF,
	0xFFFF,0xFFFF,0xFFFF,0xFFFF,0xFFFF,0xFFC0,0x0000,0x0000,
	0x0000,0x0000,0x07FF,0xFFFF,0xFFFF,0xFFFF,0xFFFF,0xFFFF,
	0xFFFF,0xFFFF,0xFFFF,0xFFFF,0xFFFF,0xFFFF,0xFFFF,0xFFFF,
	0xFFFF,0xFFFF,0xFF00,0x0420,0xC860,0xB39F,0xFFFF,0xFFFF,
	0xC080,0x3070,0x0017,0xFEFF,0x83FF,0xFFFF,0xFFFF,0xFFFF,
	0xFFFF,0xFFFF,0xFFFF,0xFFFF,0xFFFF,0xFFC0,0x0000,0x0000,
	0x0000,0x0000,0x07FF,0xFFFF,0xFFFF,0xFFFF,0xFFFF,0xFFFF,
	0xFFFF,0xFFFF,0xFFFF,0xFFFF,0xFFFF,0xFFFF,0xFFFF,0xFFFF,
	0xFFFF,0xFFFF,0xFE00,0x0420,0x0CA7,0xB81F,0xFFFF,0xFFFF,
	0x0000,0x2070,0x00CB,0x1FFF,0xB3FF,0xFFFF,0xFFFF,0xFFFF,
	0xFFFF,0xFFFF,0xFFFF,0xFFFF,0xFFFF,0xFFC0,0x0000,0x0000,
	0x0000,0x0000,0x07FF,0xFFFF,0xFFFF,0xFFFF,0xFFFF,0xFFFF,
	0xFFFF,0xFFFF,0xFFFF,0xFFFF,0xFFFF,0xFFFF,0xFFFF,0xFFFF,
	0xFFFF,0xFFFF,0xFE00,0x0400,0x4007,0xE01F,0xFFFF,0xFFFD,
	0x0603,0x0080,0x0003,0xFCBF,0xB3FF,0xFFFF,0xFFFF,0xFFFF,
	0xFFFF,0xFFFF,0xFFFF,0xFFFF,0xFFFF,0xFFC0,0x0000,0x0000,
	0x0000,0x0000,0x07FF,0xFFFF,0xFFFF,0xFFFF,0xFFFF,0xFFFF,
	0xFFFF,0xFFFF,0xFFFF,0xFFFF,0xFFFF,0xFFFF,0xFFFF,0xFFFF,
	0xFFFF,0xFFFF,0xFE00,0x000F,0xFF60,0x003F,0xFFFF,0xFFFB,
	0x0000,0x00BC,0x0003,0xFFFF,0xD3FF,0xFFFF,0xFFFF,0xFFFF,
	0xFFFF,0xFFFF,0xFFFF,0xFFFF,0xFFFF,0xFFC0,0x0000,0x0000,
	0x0000,0x0000,0x07FF,0xFFFF,0xFFFF,0xFFFF,0xFFFF,0xFFFF,
	0xFFFF,0xFFFF,0xFFFF,0xFFFF,0xFFFF,0xFFFF,0xFFFF,0xFFFF,
	0xFFFF,0xFFFF,0xFFF0,0x0000,0x0000,0x00FF,0xFFFF,0xFFFF,
	0x8018,0x0040,0x000F,0xFFCF,0x93FF,0xFFFF,0xFFFF,0xFFFF,
	0xFFFF,0xFFFF,0xFFFF,0xFFFF,0xFFFF,0xFFC0,0x0000,0x0000,
	0x0000,0x0000,0x07FF,0xFFFF,0xFFFF,0xFFFF,0xFFFF,0xFFFF,
	0xFFFF,0xFFFF,0xFFFF,0xFFFF,0xFFFF,0xFFFF,0xFFFF,0xFFFF,
	0xFFFF,0xFFFF,0xFFFC,0x0000,0x0000,0x07FF,0xFFFF,0xFFFC,
	0x0000,0x0050,0x0007,0xFFDF,0x33FF,0xFFFF,0xFFFF,0xFFFF,
	0xFFFF,0xFFFF,0xFFFF,0xFFFF,0xFFFF,0xFFC0,0x0000,0x0000,
	0x0000,0x0000,0x07FF,0xFFFF,0xFFFF,0xFFFF,0xFFFF,0xFFFF,
	0xFFFF,0xFFFF,0xFFFF,0xFFFF,0xFFFF,0xFF83,0xFFFE,0x07FF,
	0xFFFF,0xFFFF,0xFFFF,0xE000,0x0000,0x37FF,0xFFFF,0xFFFC,
	0x0000,0x0040,0x001F,0xFFC0,0x33FF,0xFFFF,0xFFFF,0xFFFF,
	0xFFFF,0xFFFF,0xFFFF,0xFFFF,0xFFFF,0xFFC0,0x0000,0x0000,
	0x0000,0x0000,0x07FF,0xFFFF,0xFFFF,0xFFFF,0xFFFF,0xFFFF,
	0xFFFF,0xFFFF,0xFFFF,0xFFFF,0xFFFF,0xFFAF,0xE201,0x7EFF,
	0xFFFF,0xFEFF,0xFFE0,0x0200,0x0000,0x00FF,0xFFFF,0xFFE1,
	0x0000,0x0000,0x03FF,0xFFC0,0x33FF,0xFFFF,0xFFFF,0xFFFF,
	0xFFFF,0xFFFF,0xFFFF,0xFFFF,0xFFFF,0xFFC0,0x0000,0x0000,
	0x0000,0x0000,0x07FF,0xFFFF,0xFFFF,0xFFFF,0xFFFF,0xFFFF,
	0xFFFF,0xFFFF,0xFFFF,0xFFFF,0xFFFF,0xE1FF,0xE001,0xFD87,
	0xFFFF,0xFFFF,0xFFE0,0x080E,0x0000,0x5FFF,0xFFFF,0xFFE0,
	0x2080,0x0041,0xF3FF,0xFF3F,0xB3FF,0xFFFF,0xFFFF,0xFFFF,
	0xFFFF,0xFFFF,0xFFFF,0xFFFF,0xFFFF,0xFFC0,0x0000,0x0000,
	0x0000,0x0000,0x07FF,0xFFFF,0xFFFF,0xFFFF,0xFFFF,0xFFFF,
	0xFFFF,0xFFFF,0xFFFF,0xFFFF,0xFFFE,0x019E,0x780D,0xFF3F,
	0xFFFF,0xFFFF,0xFFE0,0x4000,0x139C,0x66FF,0xFFFF,0xFFA0,
	0x0000,0x0049,0xF3FF,0x0038,0x33FF,0xFFFF,0xFFFF,0xFFFF,
	0xFFFF,0xFFFF,0xFFFF,0xFFFF,0xFFFF,0xFFC0,0x0000,0x0000,
	0x0000,0x0000,0x07FF,0xFFFF,0xFFFF,0xFFFF,0xFFFF,0xFFFF,
	0xFFFF,0xFFFF,0xFFFF,0xFFFF,0xFFFC,0x3FF0,0x6004,0x29FC,
	0xFFFF,0xFFFF,0xFFE1,0xC010,0x3B9D,0xEAFF,0xFFFF,0xFE00,
	0x0018,0x0C7F,0xF000,0x3F38,0x33FF,0xFFFF,0xFFFF,0xFFFF,
	0xFFFF,0xFFFF,0xFFFF,0xFFFF,0xFFFF,0xFFC0,0x0000,0x0000,
	0x0000,0x0000,0x07FF,0xFFFF,0xFFFF,0xFFFF,0xFFFF,0xFFFF,
	0xFFFF,0xFFFF,0xFFFF,0xFFFF,0xFFF0,0x3C00,0x8003,0x1FDE,
	0x8FFF,0xFFFF,0xFFE1,0x8810,0x1F9C,0x00FF,0xFFFF,0x8000,
	0x0207,0xE000,0x0002,0xF810,0x43FF,0xFFFF,0xFFFF,0xFFFF,
	0xFFFF,0xFFFF,0xFFFF,0xFFFF,0xFFFF,0xFFC0,0x0000,0x0000,
	0x0000,0x0001,0x07FF,0xFFFF,0xFFFF,0xFFFF,0xFFFF,0xFFFF,
	0xFFFF,0xFFFF,0xFFFF,0xFFFF,0xFFD0,0x0000,0xE0E1,0x000E,
	0x43FF,0xFF7F,0xFFE0,0x0004,0x8B80,0xE0FF,0xFFFE,0x0000,
	0x0004,0x0002,0x7007,0xC230,0x03FF,0xFFFF,0xFFFF,0xFFFF,
	0xFFFF,0xFFFF,0xFFFF,0xFFFF,0xFFFF,0xFFC0,0x0000,0x0000,
	0x0000,0x0001,0x07FF,0xFFFF,0xFFFF,0xFFFF,0xFFFF,0xFFFF,
	0xFFFF,0xFFFF,0xFFFF,0xFFFF,0xFF7E,0x4001,0xE002,0x81FB,
	0xF1FF,0xFFFF,0xFFE0,0xA404,0x0F80,0x80FF,0xFFFF,0x8F68,
	0x00E4,0x8000,0x027F,0x07F0,0x13FF,0xFFFF,0xFFFF,0xFFFF,
	0xFFFF,0xFFFF,0xFFFF,0xFFFF,0xFFFF,0xFFC0,0x0000,0x0000,
	0x0000,0x0001,0x07FF,0xFFFF,0xFFFF,0xFFFF,0xFFFF,0xFFFF,
	0xFFFF,0xFFFF,0xFFFF,0xFFFF,0xFFF8,0x0001,0xC002,0xF800,
	0xF07F,0xFFFF,0xFFE0,0x8058,0x0380,0x00FF,0xFFFE,0x01FC,
	0x6000,0x5000,0x3800,0x10F0,0x11FF,0xFFFF,0xFFFF,0xFFFF,
	0xFFFF,0xFFFF,0xFFFF,0xFFFF,0xFFFF,0xFFC0,0x0000,0x0000,
	0x0000,0x0001,0x07FF,0xFFFF,0xFFFF,0xFFFF,0xFFFF,0xFFFF,
	0xFFFF,0xFFFF,0xFFFF,0xFFFF,0xFF00,0x0005,0x8000,0x0000,
	0xFF7F,0xFFFF,0xFFE2,0x6058,0x0384,0x00FF,0xFFFE,0x0101,
	0x0700,0x0007,0xFC0B,0xF0F0,0x03FF,0xFFFF,0xFFFF,0xFFFF,
	0xFFFF,0xFFFF,0xFFFF,0xFFFF,0xFFFF,0xFFC0,0x0000,0x0000,
	0x0000,0x0001,0x07FF,0xFFFF,0xFFFF,0xFFFF,0xFFFF,0xFFFF,
	0xFFFF,0xFFFF,0xFFFF,0xFFFF,0xFF00,0x0004,0x0000,0x0191,
	0xFF7F,0xFFFF,0xFFFF,0xE018,0x0782,0x0EFF,0xFFFE,0x07FE,
	0x03C0,0xFC1F,0xFC80,0xE0F0,0x01FF,0xFFFF,0xFFFF,0xFFFF,
	0xFFFF,0xFFFF,0xFFFF,0xFFFF,0xFFFF,0xFFC0,0x0000,0x0000,
	0x0000,0x0001,0x07FF,0xFFFF,0xFFFF,0xFFFF,0xFFFF,0xFFFF,
	0xFFFF,0xFFFF,0xFFFF,0xFFFF,0x0000,0x0005,0x801F,0x3FFF,
	0xFFB1,0xFFFF,0xFFFE,0x0000,0x1F02,0xAFFF,0xFFFF,0x81FC,
	0x0000,0x4003,0xA000,0x10F0,0x01FF,0xFFFF,0xFFFF,0xFFFF,
	0xFFFF,0xFFFF,0xFFFF,0xFFFF,0xFFFF,0xFFC0,0x0000,0x0000,
	0x0000,0x0001,0x07FF,0xFFFF,0xFFFF,0xFFFF,0xFFFF,0xFFFF,
	0xFFFF,0xFFFF,0xFFFF,0xFFFF,0xCA00,0x0015,0x80FF,0x3FFF,
	0xFF09,0x3FFF,0xFFE2,0x241C,0x013E,0x227F,0xFFFF,0x0004,
	0x0341,0x4001,0xC000,0x18F8,0x01FF,0xFFFF,0xFFFF,0xFFFF,
	0xFFFF,0xFFFF,0xFFFF,0xFFFF,0xFFFF,0xFFC0,0x0000,0x0000,
	0x0000,0x0001,0x07FF,0xFFFF,0xFFFF,0xFFFF,0xFFFF,0xFFFF,
	0xFFFF,0xFFFF,0xFFFF,0xFFFF,0xD818,0x0001,0x87FF,0x3FFF,
	0xC149,0x3FFF,0xFFE0,0x2618,0x040E,0x027F,0xFFFF,0xC000,
	0x0007,0x2001,0x8200,0x18E0,0x21FF,0xFFFF,0xFFFF,0xFFFF,
	0xFFFF,0xFFFF,0xFFFF,0xFFFF,0xFFFF,0xFFC0,0x0000,0x0000,
	0x0000,0x0001,0x07FF,0xFFFF,0xFFFF,0xFFFF,0xFFFF,0xFFFF,
	0xFFFF,0xFFFF,0xFFFF,0xFFFF,0xC009,0x2005,0x7FFF,0x3BF0,
	0x1F9F,0x3FFF,0xFFE0,0x0018,0x0100,0x02FF,0xFFFF,0xC000,
	0x006D,0x000B,0xE08F,0xD8E8,0x01FF,0xFFFF,0xFFFF,0xFFFF,
	0xFFFF,0xFFFF,0xFFFF,0xFFFF,0xFFFF,0xFDC0,0x0000,0x0000,
	0x0000,0x0001,0x07FF,0xFFFF,0xFFFF,0xFFFF,0xFFFF,0xFFFF,
	0xFFFF,0xFFFF,0xFFFF,0xFFFF,0x0000,0x0001,0x04B9,0x003E,
	0x601F,0x3FFF,0xFFE0,0x0010,0x078E,0x2A7F,0xFFFF,0xD07E,
	0x7CD9,0x000F,0xE000,0x01FF,0x01FF,0xFFFF,0xFFFF,0xFFFF,
	0xFFFF,0xFFFF,0xFFFF,0xFFFF,0xFFFF,0xF800,0x0000,0x0000,
	0x0000,0x0001,0x07FF,0xFFFF,0xFFFF,0xFFFF,0xFFFF,0xFFFF,
	0xFFFF,0xFFFF,0xFFFF,0xFFFF,0x0000,0x4000,0x0000,0x0BFF,
	0x8F1F,0x3FFF,0xF800,0x2000,0x8106,0x0A07,0xFFFF,0xF863,
	0x7C01,0x1000,0x0128,0x00F0,0x3FFF,0xFFFF,0xFFFF,0xFFFF,
	0xFFFF,0xFFFF,0xFFFF,0xFFFF,0xFFFF,0xF800,0x0000,0x0000,
	0x0000,0x0001,0x07FF,0xFFFF,0xFFFF,0xFFFF,0xFFFF,0xFFFF,
	0xFFFF,0xFFFF,0xFFFF,0xFFFF,0x0100,0x0000,0x0000,0x7E50,
	0x041F,0x0000,0x0000,0x001A,0x010E,0x00FB,0xFFFF,0xFFED,
	0x3C05,0x000F,0x0000,0x00F3,0xCFFF,0xFFFF,0xFFFF,0xFFFF,
	0xFFFF,0xFFFF,0xFFFF,0xFFFF,0xFBFF,0xF800,0x0000,0x0000,
	0x0000,0x0001,0x07FF,0xFFFF,0xFFFF,0xFFFF,0xFFFF,0xFFFF,
	0xFFFF,0xFFFF,0xFFFF,0xFDF3,0x0110,0x0000,0x0000,0x0000,
	0x0C1F,0x2000,0x2068,0x0010,0x3D8E,0x481D,0xFFFF,0xFFE2,
	0x1C08,0x060E,0x0000,0x13F7,0xEFFF,0xFFFF,0xFFFF,0xFFFF,
	0xFFFF,0xFFFF,0xFFFF,0xFFFF,0xE3FE,0x8000,0x0000,0x0000,
	0x0000,0x0001,0x07FF,0xFFFF,0xFFFF,0xFFFF,0xFFFF,0xFFFF,
	0xFFFF,0xFFFF,0xFFFE,0xFDE3,0x0010,0x1F80,0x0000,0x0000,
	0x0C1F,0x3EDF,0xC808,0x0000,0x3B80,0x0806,0xFFFF,0xF810,
	0x0016,0x7E2E,0x0801,0x02F0,0x05FF,0xFFFF,0xFFFF,0xFFFF,
	0xFFFF,0xFFFF,0xFFFF,0xFFFE,0x07FE,0xC380,0x0000,0x0000,
	0x0000,0x0001,0x07FF,0xFFFF,0xFFFF,0xFFFF,0xFFFF,0xFFFF,
	0xFFFF,0xFFFF,0xFFFA,0x00EB,0x0210,0x0000,0x0000,0x0280,
	0x081F,0x000B,0x880A,0x0000,0x0C00,0x0872,0x87FF,0xF000,
	0x145A,0x0070,0x0000,0x0000,0x01FF,0xFFFF,0xFFFF,0xFFFF,
	0xFFFF,0xFFFF,0xFFFF,0xFFFE,0x1080,0x0000,0x0000,0x0000,
	0x0000,0x0001,0x07FF,0xFFFF,0xFFFF,0xFFFF,0xFFFF,0xFFFF,
	0xFFFF,0xFFFF,0xFFC2,0x002B,0x0012,0x0003,0xE03C,0x0000,
	0x0C1F,0x3E80,0xB000,0x0000,0x7883,0xFFA3,0x8047,0xFFC4,
	0x0013,0xF8E0,0x5003,0xCFFF,0xF3FF,0xFFFF,0xFFFF,0xFFFF,
	0xFFFF,0xFFFF,0xFFFF,0xFFFE,0x6700,0x0080,0x0000,0x0000,
	0x0000,0x0001,0x07FF,0xFFFF,0xFFFF,0xFFFF,0xFFFF,0xFFFF,
	0xFFFF,0xFFFF,0xFFFC,0x808B,0x0010,0x1C03,0xE000,0x4000,
	0x0C1F,0x0000,0x12AF,0xA000,0x0004,0x007C,0x8200,0x0000,
	0x0000,0x0001,0x9002,0x0000,0x000F,0xFFFF,0xFFFF,0xFFFF,
	0xFFFF,0xFFFF,0xFFFF,0xFFFF,0xB60F,0x00C0,0x0000,0x0000,
	0x0000,0x0001,0x07FF,0xFFFF,0xFFFF,0xFFFF,0xFFFF,0xFFFF,
	0xFFFF,0xFFFF,0xFFB2,0x0021,0x0010,0x0C00,0x020A,0x00A4,
	0x1C00,0x1030,0x8040,0x03C2,0x000C,0x0008,0x2000,0x01FC,
	0x0000,0x200B,0x9C22,0x0E04,0x8007,0xFFFF,0xFFFF,0xFFFF,
	0xFFFF,0xFFFF,0xFFFF,0xFFFF,0xFFA0,0x0080,0x0000,0x0000,
	0x0000,0x0001,0x07FF,0xFFFF,0xFFFF,0xFFFF,0xFFFF,0xFFFF,
	0xFFFF,0xFFFF,0xFFBE,0x0713,0x0110,0x0900,0x0001,0xCF8C,
	0x1D02,0x2830,0x0380,0x0100,0x01F2,0x0036,0x2A07,0x807F,
	0x0BC6,0x0000,0x0000,0x0FC0,0x7C04,0xFFFF,0xFFFF,0xFFFF,
	0xFFFF,0xFFFF,0xFFFF,0xFFFF,0xF0FE,0x0000,0x0000,0x0000,
	0x0000,0x0001,0x07FF,0xFFFF,0xFFFF,0xFFFF,0xFFFF,0xFFFF,
	0xFFFF,0xFFFF,0xE002,0x7000,0x0410,0x3C18,0x1800,0x0190,
	0x1C4E,0x000D,0x3FE3,0xFFFF,0xFFFF,0xD08C,0x1800,0x0000,
	0x0000,0x3007,0xFFF3,0x0000,0x0010,0xFFFF,0xFFFF,0xFFFF,
	0xFFFF,0xFFFF,0x1FFF,0xFFF3,0xC1F4,0x4000,0x0000,0x0000,
	0x0000,0x0001,0x07FF,0xFFFF,0xFFFF,0xFFFF,0xFFFF,0xFFFF,
	0xFFFF,0xFFFF,0x1002,0x7000,0x4010,0x0024,0x00FF,0xE014,
	0x10C9,0x8008,0x8000,0x0300,0x007C,0x9F00,0x0298,0xC01E,
	0x0005,0xCFF9,0xFC80,0x3000,0x003C,0x7FFF,0xFFFF,0xFFFF,
	0xFFFF,0xFFFF,0x7FFF,0xFFFF,0x8100,0x5000,0x0000,0x0000,
	0x0000,0x0001,0x07FF,0xFFFF,0xFFFF,0xFFFF,0xFFFF,0xFFFF,
	0xFFFF,0xFFFF,0x0000,0x0000,0x0006,0x0094,0x00BF,0xE020,
	0x03D0,0x0008,0x8400,0x0400,0xA300,0x0000,0xC00C,0x0000,
	0x0007,0xFFFA,0x0000,0x0700,0x0040,0x7FFF,0xFFFF,0xFFAF,
	0xFFFF,0xFFFF,0x5FFF,0xFFFE,0x0000,0x5800,0x0000,0x0000,
	0x0000,0x0001,0x07FF,0xFFFF,0xFFFF,0xFFFF,0xFFFF,0xFFFF,
	0xFFFF,0xFFFF,0x0020,0x0018,0x1840,0x0000,0x0000,0x0000,
	0x0058,0x0008,0x07F0,0x0000,0x4000,0x0070,0x459C,0x0000,
	0x0E0D,0xFF82,0x0020,0x0070,0x0040,0x03FF,0xFFFF,0xFFFF,
	0xFFFF,0xFFFF,0x1FFF,0xFFF8,0x0200,0x0200,0x0000,0x0000,
	0x0000,0x0000,0x07FF,0xFFFF,0xFFFF,0xFFFF,0xFFFF,0xFFFF,
	0xFFFF,0xFFFF,0x0000,0x0000,0x4000,0x0000,0x0000,0x0002,
	0x0CA0,0x0009,0x27C0,0xB800,0x0603,0xE03F,0xA590,0x0037,
	0xF019,0xE702,0x0008,0x0003,0xFC60,0x83FF,0xFFFF,0xFFDF,
	0xFFFF,0xFFFF,0x3FF7,0xFFF5,0x8000,0x0000,0x0000,0x0000,
	0x0000,0x0000,0x07FF,0xFFFF,0xFFFF,0xFFFF,0xFFFF,0xFFFF,
	0xFFFF,0xFFFF,0x0030,0x0000,0x0000,0x8FFF,0xFF3F,0xC006,
	0x4380,0xD009,0x2640,0x4000,0x0000,0x1003,0x8798,0x8000,
	0x00C2,0xFE0A,0x0008,0x000E,0x0000,0x010F,0xFFFF,0xFFFF,
	0xFFFF,0xFFFF,0x3FFF,0xFE7E,0x0040,0x0000,0x0000,0x0000,
	0x0000,0x0000,0x07FF,0xFFFF,0xFFFF,0xFFFF,0xFFFF,0xFFFF,
	0xFFFF,0xFFFF,0x0000,0x0000,0x0009,0x0810,0x0000,0x0210,
	0x0208,0x2F8F,0x2643,0x0030,0x01C0,0x1C03,0x078D,0xDFE0,
	0x0328,0xC040,0x0001,0x000B,0x8000,0x0001,0xFFFF,0xFFFF,
	0xFFFF,0xFFFF,0x3FE3,0xFDFC,0x0100,0x0000,0x0000,0x0000,
	0x0000,0x0000,0x07FF,0xFFFF,0xFFFF,0xFFFF,0xFFFF,0xFFFF,
	0xFFFF,0xFFFF,0xC060,0x0020,0x0600,0x2000,0x0040,0x2020,
	0x0070,0x0408,0xA648,0x0001,0xF008,0x0C10,0x2700,0x0000,
	0x0604,0x0040,0x0001,0x000B,0xC000,0x000F,0xFFFF,0xFFFF,
	0xFFFF,0xFFFF,0x3FE3,0xFFF8,0x2000,0x0000,0x0000,0x0000,
	0x0000,0x0000,0x07FF,0xFFFF,0xFFFF,0xFFFF,0xFFFF,0xFFFF,
	0xFFFF,0xFFFF,0xF008,0x00FC,0x8C38,0x0000,0xFC49,0x0060,
	0x0C60,0x0108,0xA640,0x1702,0xB00F,0x007A,0xA519,0x7400,
	0x8C00,0x0000,0x0001,0x11FF,0x5001,0x800F,0xFFFF,0xFFFF,
	0xFFFF,0xFFFF,0x1FE7,0x0600,0x6000,0x0000,0x0000,0x0000,
	0x0000,0x0000,0x07FF,0xFFFF,0xFFFF,0xFFFF,0xFFFF,0xFFFF,
	0xFFFF,0xFFFF,0xF003,0x1CEC,0x0032,0x000C,0x8000,0x01E0,
	0x0078,0x0009,0xA640,0x2846,0x08C1,0x0000,0x2600,0x0000,
	0x0C00,0x0100,0x0003,0x9DFF,0xF001,0x818F,0xFFFF,0xFFFF,
	0xFFFF,0xFFFF,0x1FFF,0x3E00,0x0080,0x1C00,0x0000,0x0000,
	0x0000,0x0000,0x07FF,0xFFFF,0xFFFF,0xFFFF,0xFFFF,0xFFFF,
	0xFFFF,0xFFFF,0x0003,0x9000,0x0008,0x0000,0x0000,0x0000,
	0x0038,0x0108,0xA240,0x283F,0xF811,0x0400,0x2700,0x0000,
	0x4C00,0x0100,0x0000,0x3FFF,0xFE03,0x879F,0xFFFF,0xFFFF,
	0xFFFF,0xFFFF,0x1FFF,0x3008,0x0400,0xFC00,0x0000,0x0000,
	0x0000,0x0000,0x07FF,0xFFFF,0xFFFF,0xFFFF,0xFFFF,0xFFFF,
	0xFFFF,0xFFFF,0x0863,0xB3F8,0x2200,0x0000,0x0000,0x0000,
	0x0000,0x0008,0xA640,0x3833,0xFFA1,0x0000,0xA701,0xFE38,
	0x0C00,0x0000,0x001E,0x3EFF,0xFC03,0x8200,0xFFFF,0xFFFF,
	0xFFFF,0xFFFF,0xFF87,0x0000,0x6003,0xFC00,0x0000,0x0000,
	0x0000,0x0000,0x07FF,0xFFFF,0xFFFF,0xFFFF,0xFFFF,0xFFFF,
	0xFFFF,0xFFFF,0x06E0,0x0000,0x0200,0x1F03,0xE29E,0xCFFC,
	0x02DC,0x0008,0xA640,0x2031,0xF800,0x0600,0x9308,0x0005,
	0xE380,0x0000,0x007F,0x3FFF,0xC180,0x8000,0xFFC7,0xFFFF,
	0xFFFF,0xFFFF,0x1F06,0x000C,0x8007,0xE000,0x0000,0x0000,
	0x0000,0x0000,0x07FF,0xFFFF,0xFFFF,0xFFFF,0xFFFF,0xFFFF,
	0xFFFF,0xFFFF,0x0000,0x0000,0x32C0,0x0803,0xF800,0x0000,
	0x3300,0x0009,0xA640,0x1833,0x1C30,0x0400,0xA3B0,0x0000,
	0x9000,0x0100,0x00FF,0x3FC0,0xBFC0,0x1800,0xFE1F,0xFFFF,
	0xFFFF,0xFFFF,0x1FE0,0x01E4,0x003F,0x1800,0x0000,0x0000,
	0x0000,0x0000,0x07FF,0xFFFF,0xFFFF,0xFFFF,0xFFFF,0xFFFF,
	0xFFFF,0xFFFF,0x0000,0x0000,0x30E0,0x0000,0x0000,0x0080,
	0x3000,0x0000,0x2040,0x0810,0x03E2,0x0C00,0x200E,0x0077,
	0x03FE,0x0000,0x7FFD,0x0000,0xF8F0,0x8000,0xFFFF,0xFFFF,
	0xFFFF,0xFFFF,0x1FF0,0x0780,0x00FE,0x3800,0x0000,0x0000,
	0x0000,0x0001,0x07FF,0xDFFF,0xFFFF,0xFFFF,0xFFFF,0xFFFF,
	0xFFFF,0xFFFF,0x0000,0x0000,0x0468,0x0240,0x0000,0xF80C,
	0x0000,0x004E,0x2000,0x000F,0x180E,0x0C00,0xA5B0,0x0C77,
	0x103C,0x373E,0x0000,0xF00F,0x9CF0,0x6001,0xFFFF,0xFFFF,
	0xFFFF,0xFFFF,0x1F00,0x9E80,0x00FC,0xF800,0x0000,0x0000,
	0x0000,0x0001,0x07FF,0xFFFF,0xFFFF,0xFFFF,0xFFFF,0xFFFF,
	0xBFFF,0xFFFF,0x0000,0x0020,0x10E0,0x981F,0x3C00,0x19BC,
	0x2040,0x0808,0x2000,0x0C80,0x01E8,0x0600,0x25B0,0x4865,
	0x0000,0x0000,0x0000,0x0703,0xBCF0,0x0001,0xFFFF,0xFFFF,
	0xFFFF,0xFFFF,0x1F00,0x0800,0x00FC,0x0000,0x0000,0x0000,
	0x0000,0x0001,0x07FE,0x3FFF,0xFFFF,0xFFFF,0xFF3F,0xFFFF,
	0xF97F,0xFBFE,0x0000,0x0060,0x0C18,0x43D0,0x0000,0x0000,
	0x0000,0x2008,0xA040,0x017B,0x0EF0,0x0054,0x0530,0x4004,
	0x0200,0x0000,0x0020,0x0007,0xFCF0,0x0006,0xFFBF,0xFFFF,
	0xFFFF,0xFFFF,0x1F1F,0x0000,0x00FC,0x0000,0x0000,0x0000,
	0x0000,0x0001,0x07CE,0x3CFF,0xFFFF,0xFFFF,0xFFFF,0xFEFF,
	0x9FAF,0x1FFF,0x5102,0x0000,0x6499,0x4100,0x0000,0x4FC6,
	0x0000,0x0108,0x8080,0x0000,0x0000,0x0010,0xA500,0x0004,
	0x0400,0x3000,0x0000,0x2200,0x7FF3,0xC03F,0xFFFF,0xFFFF,
	0xE7FF,0xFFFF,0x1FFF,0x0000,0x00FC,0x0000,0x0000,0x0000,
	0x0000,0x0001,0x06E9,0xFCFF,0xFFFF,0xFFBF,0x6FAF,0xFEBE,
	0x000B,0xE35F,0xF001,0x2078,0x8821,0x4100,0x7FF8,0x0887,
	0x2000,0x0108,0x8330,0x0000,0x0000,0x0D00,0xA401,0x00E4,
	0x0200,0x3E00,0x0003,0x2440,0x3FF2,0x010A,0xFF9F,0xE7FF,
	0x7FFF,0xFFFC,0x1878,0x0000,0x00F0,0x0000,0x0000,0x0000,
	0x0000,0x0001,0x0601,0xFD27,0xFFFF,0xADEF,0xFDF5,0xCB7F,
	0xB00B,0xFFFF,0xFF81,0x0000,0xE467,0xC300,0xFC01,0x0003,
	0x00C8,0x2E01,0x053F,0xB800,0x0001,0x0010,0x0587,0x800C,
	0x0201,0xBE00,0x0000,0x37F8,0x0FF0,0x000F,0xFEDC,0x347B,
	0x473E,0x3F83,0xF858,0x0000,0x0080,0x0000,0x0000,0x0000,
	0x0000,0x0001,0x0604,0x7FA7,0xFFFE,0xEBEF,0xFFFF,0xFFF1,
	0xC07F,0xFFF6,0x0FB3,0xF818,0xE397,0x4102,0x0000,0x418F,
	0x0C00,0x7E00,0x0000,0x0003,0x0000,0x0002,0x9687,0x801C,
	0x0206,0x8000,0x0000,0x0201,0x8CF2,0x1F7B,0xFF7F,0x9FFF,
	0xDBD7,0xFDF3,0xF878,0x0000,0x1000,0x0000,0x0000,0x0000,
	0x0000,0x0001,0x0606,0x7FE7,0xFFF7,0xFFEF,0xFFFF,0xFF20,
	0x8E7F,0x1FFE,0x3FFE,0x0000,0xC1B0,0x4300,0x0400,0x818C,
	0x0C00,0x0604,0x0104,0x1807,0xF008,0x0C00,0x0007,0x81FC,
	0x8200,0x0000,0x0000,0x0000,0x8FF0,0x10FB,0x9FF0,0xFFFF,
	0xFFFF,0xFF63,0xFFE0,0x0007,0xC003,0xE000,0x0000,0x0000,
	0x0000,0x0001,0x060F,0xFC07,0x3EBE,0x0FFF,0xFFFF,0xFE6E,
	0x37FF,0xEBB9,0xEFFF,0xFFE7,0xC201,0x4905,0x0001,0x838D,
	0x0C00,0x0452,0x0000,0x0000,0x0000,0x0043,0x2007,0x800C,
	0x1A06,0x0000,0x0000,0x0008,0x0FF3,0x877F,0xF9B9,0xFFFF,
	0xFFD7,0xFF83,0xFF60,0x005C,0x001F,0xE000,0x0000,0x0000,
	0x0000,0x0001,0x063F,0xD807,0x3FFF,0x3FFF,0xFFF7,0xFF3F,
	0x8EFF,0x1E2F,0x39FB,0xFFFF,0xDFBE,0x4945,0x004C,0x0E02,
	0x0E00,0x201B,0x8000,0x1000,0x0010,0x0045,0x2001,0x81C4,
	0x0206,0x0040,0x0000,0x000C,0x8FF3,0x87FF,0xFF7F,0xFFFD,
	0xE7F3,0xFC7F,0xFFFC,0x03C0,0x01FF,0xE000,0x0000,0x0000,
	0x0000,0x0001,0x07FF,0x8FE8,0xFFDF,0xFFFF,0xFFF7,0xFFFF,
	0xBFF7,0xFFFF,0xFFFF,0xFFFC,0x007D,0x0562,0x2600,0x0402,
	0x4E00,0x0018,0x301C,0x1000,0x003B,0xFFE0,0x1040,0x860C,
	0x1206,0x0104,0x00A0,0x0002,0x0FD8,0xFFFF,0xFBBF,0xFFDF,
	0x3BFF,0xFC7C,0x1FFC,0x0140,0x07C0,0x1C00,0x0000,0x0000,
	0x0000,0x0001,0x07FF,0x8FF0,0xFFFF,0xFF7F,0xFFFE,0xFFFF,
	0xFFFF,0xFFFF,0xFFFF,0xFFFC,0x007F,0x20C0,0x1402,0x1042,
	0x0880,0x0000,0x0000,0x1000,0x0000,0x0020,0xC269,0x4402,
	0x1006,0x0000,0x1BFF,0x0C00,0x4F9F,0xFFFF,0xFFFF,0xFFFD,
	0xE7FF,0xFCE0,0x3FFC,0x00C0,0x0407,0xFC00,0x0000,0x0000,
	0x0000,0x0001,0x067C,0x1F90,0xFFFD,0xDBDF,0xEFBF,0xFFFF,
	0xFFFF,0xFFFF,0xFFFF,0xFFFF,0xFFFF,0xA000,0x140A,0x4008,
	0x03C8,0x1410,0x0008,0x00FF,0xFFE3,0x8310,0x02DC,0x8000,
	0x0000,0x0010,0x0001,0x0070,0x0E1F,0xFFFF,0xFFFF,0xFFFF,
	0xFFFF,0xFCFF,0xFFFC,0x0000,0x803F,0xFC00,0x0000,0x0000,
	0x0000,0x0001,0x067B,0xFFFC,0x0FFB,0xFFFF,0xFEFF,0xFFFF,
	0xFFFF,0xFFFF,0xFFFF,0xFFFF,0xFFFF,0xA000,0x0020,0x006A,
	0x06DB,0x0020,0x01C0,0x7CC0,0x0020,0x0002,0x0EC8,0x0008,
	0x0010,0x4000,0xE040,0x0037,0x5801,0xFFFF,0xFFFF,0xFFFF,
	0xFFFF,0xFCFF,0xFFFC,0x006F,0x007F,0x0000,0x0000,0x0000,
	0x0000,0x0001,0x0607,0xCFFF,0xE7FF,0xFFCF,0xFFFC,0x1FFF,
	0xFFFF,0xFFFF,0xFFFF,0xFFFF,0xFFFF,0xE000,0x0000,0x0020,
	0x07F8,0x0800,0x0000,0x0000,0x0000,0x0001,0xFE40,0x0007,
	0x0000,0x0078,0x0143,0xC23F,0xB018,0x7FFF,0xFFFF,0xFFFF,
	0xFFFF,0xFCFF,0xEB00,0x0001,0x00FC,0x0000,0x0000,0x0000,
	0x0000,0x0001,0x0602,0x0F9F,0x87FF,0xCFFF,0xFFFE,0x01FF,
	0xFFFF,0xFFFF,0xFFFF,0xFFFF,0xFFFF,0xE000,0x0100,0x0381,
	0xEFE0,0x0F0A,0x0000,0x0000,0x0000,0x02DC,0xFE11,0x0130,
	0x003E,0x85BC,0x2038,0x0030,0x0007,0xFFFF,0xFFFF,0xFFFF,
	0xFFF9,0xFFFF,0xE700,0x0000,0x01E4,0x0000,0x0000,0x0000,
	0x0000,0x0001,0x0603,0xFF9E,0x87E3,0xFFFF,0xFFF8,0x07FF,
	0xFFFF,0xFFFF,0xFFFF,0xFFC7,0xFFFF,0xFE2F,0x5E80,0x0FC7,
	0xF3E0,0x65C1,0x4680,0x3800,0x0000,0x6EFC,0xE0C0,0x0221,
	0x007F,0xF987,0xFFE0,0x0090,0x0000,0xE3FF,0xFFFF,0xFFFF,
	0xFFFF,0xFFFF,0xFF00,0x0000,0x01E0,0x0000,0x0000,0x0000,
	0x0000,0x0001,0x0601,0x9E1F,0x87F3,0xF1C3,0xFB03,0xFFFF,
	0xFFFF,0xFFFF,0xFFFF,0xFFFF,0xFFFF,0xFFE0,0x0001,0xFFFF,
	0xF7E0,0x402C,0x0060,0xFC40,0x0017,0xE2E0,0x0E20,0x0970,
	0x0000,0x0FF0,0x0007,0xF000,0x0030,0x81FF,0xFFFF,0xFFFF,
	0xFFFF,0xCC67,0x4000,0x0000,0x0080,0x0000,0x0000,0x0000,
	0x0000,0x0001,0x0601,0xF07F,0xDFFF,0xF003,0xFFE7,0xFFFF,
	0xFFFF,0xFFFF,0xFFFF,0xFFFF,0xFFFF,0xFFFF,0xFFFF,0xFFFF,
	0xFFE1,0x800E,0x7005,0xFCE0,0x00F7,0xE001,0xFE00,0x17F3,
	0x0001,0x8000,0x7FF0,0x0000,0x01F0,0x83FF,0xFFFF,0xED9F,
	0xFFFF,0xFFFC,0x0060,0x0000,0x0000,0x0100,0x0000,0x0000,
	0x0000,0x0001,0x0600,0x3FFF,0x4FFF,0x7000,0x1FB7,0xFFFF,
	0xFFFF,0xFFFF,0xFFFF,0xFFFF,0xFFFF,0xFFFF,0xFFFF,0xFFFF,
	0xFFFA,0x0000,0x77FD,0x3800,0x0000,0x0FFF,0x4000,0x7FF3,
	0x0000,0x0004,0x0010,0x0020,0x200F,0x8BFF,0xFFFD,0x9FFF,
	0xFFFF,0xE3FC,0x03E0,0x003F,0xE000,0x0000,0x0000,0x0000,
	0x0000,0x0001,0x063E,0x7FFF,0xF03D,0xFFFE,0x003F,0xFFFF,
	0xFFFF,0xFFFF,0xFFFF,0xFFFF,0xFFFF,0xFFFF,0xFFFF,0xFFFF,
	0xFFFD,0x0000,0x0600,0xFFF8,0xA7FF,0xF800,0x0000,0x6FF3,
	0xA810,0x000C,0x0010,0x0028,0x003F,0x83FF,0xFFFF,0x9FFF,
	0xFFFE,0x03FF,0x0700,0x07FF,0x001F,0x0000,0x0000,0x0000,
	0x0000,0x0001,0x0604,0x7FFF,0x0000,0x1FFC,0x607F,0xFFFF,
	0xFFFF,0xFFFF,0xFFFC,0x4FFF,0xFFFF,0xFFFF,0xFFFF,0xFFFF,
	0xFFFF,0xE400,0x0000,0x0000,0xE000,0x0000,0x0001,0x7FFF,
	0xE000,0x000C,0x0030,0x0010,0x01FC,0x001F,0x0FC1,0xFFFF,
	0xFDFF,0x87F8,0xE700,0x0FFF,0x0077,0x0000,0x0000,0x0000,
	0x0000,0x0001,0x0600,0x7FFF,0xE03F,0xFFFF,0xFFFF,0xFFFF,
	0xFFFF,0xFFFF,0xFFFD,0xFFE7,0xFFFF,0xFFFF,0xFFFF,0xFFFF,
	0xFFFF,0xF900,0x0000,0x0000,0xD000,0x0000,0x0001,0x8FFF,
	0xFB80,0x0000,0xFFF0,0x0016,0x0FFE,0x7FDF,0xF7C7,0xF87F,
	0xE73E,0x0FFF,0x0000,0x7FC0,0x0380,0x0000,0x0000,0x0000,
	0x0000,0x0001,0x0600,0x0007,0xE03F,0xFFFF,0xF3FF,0x1FFF,
	0xFFFB,0xFFFF,0xFFFC,0xFFFF,0xFFFF,0xFFFF,0xFFFF,0xFFFF,
	0xFFFF,0xFF00,0x0000,0x2400,0x0500,0x0000,0x103E,0x0FFF,
	0xFFFF,0xFF80,0x0000,0x017F,0xFFFE,0x7FFD,0xDFF0,0x607F,
	0xE7FF,0xFBF7,0x0000,0x0000,0x1000,0x0000,0x0000,0x0000,
	0x0000,0x0001,0x0608,0x401F,0xFC3F,0xFFFF,0xE3FF,0x3FFF,
	0xFFFC,0xFF3D,0xFFFF,0xF7FF,0xFFFF,0xFFFF,0xFFFF,0xFFFF,
	0xFFFF,0xFE50,0x0000,0x001E,0x0180,0x0000,0x017F,0xFFFF,
	0xFFFF,0xFFFF,0xFFFF,0xFFFF,0xFE7F,0xFFFF,0xFE00,0x001F,
	0xFFFF,0xF370,0x0000,0x0000,0x0000,0x0000,0x0000,0x0000,
	0x0000,0x0001,0x0600,0x4000,0x4E3F,0xFFFF,0x03C7,0xFFFF,
	0xFFFB,0xFF1C,0xFFFF,0xFFFF,0xFFF3,0xFE7F,0xFFFF,0xFFFF,
	0xFFFF,0xFFF0,0x0088,0x801E,0x0380,0x0080,0x1FFF,0xFFFF,
	0xFFFF,0xFFFF,0xFFFF,0xFFFF,0xFFFF,0xFFFF,0xFE00,0x0FFF,
	0xFFCE,0x1420,0x0018,0x0000,0x0200,0x0000,0x0000,0x0000,
	0x0000,0x0001,0x0603,0xE000,0xFFEF,0xFFF3,0x03FF,0xFFFE,
	0x03FC,0xFFFF,0x3FFF,0xFFFF,0xFFCF,0xFC7F,0xFFFF,0xFFFF,
	0xFFFF,0xFFFF,0xF010,0x0000,0x0100,0x001E,0xFFFF,0xFFFF,
	0xFFFF,0xFFFF,0xFC03,0xFFFF,0xFFFF,0xFFFF,0xFFFF,0xF3FF,
	0xFFFE,0x71FC,0x00F8,0x0000,0x0000,0x0000,0x0000,0x0000,
	0x0000,0x0001,0x0603,0xC00F,0xFFF8,0x3FFF,0x03FF,0xFFFF,
	0xEFFF,0xFFFF,0xFFFF,0xFFFF,0xFFFF,0xFC77,0xFFFF,0xFE7F,
	0xFFFF,0xFFFF,0xFFEB,0x0000,0x0000,0x7FF8,0x7FFF,0xFFFF,
	0xFFFF,0xFFFF,0xFFFF,0xFFFF,0xFFFF,0xFFFF,0xFFFF,0x8FFF,
	0xFFFF,0xC1FC,0x02FC,0x8000,0x0000,0x0000,0x0000,0x0000,
	0x0000,0x0001,0x0600,0xEF8F,0xFFFF,0x0FFF,0x00FF,0xFFFF,
	0xFFFF,0xFFFF,0xFF83,0xFFFF,0xFFFF,0xFFFF,0xFFFE,0x3E7F,
	0xFFFF,0xFFFF,0xFFFF,0x9FFF,0xFF80,0x7FFC,0x7FFF,0xFFFF,
	0xFFFF,0xFFFF,0xFFFF,0xFFFF,0xFFFF,0xFFFF,0xFFFF,0xFFFF,
	0xDFFF,0xEFE0,0x0006,0x3000,0x0000,0x0000,0x0000,0x0000,
	0x0000,0x0001,0x063E,0x2FEF,0xFFFF,0xFFFF,0xF0FF,0xFFFF,
	0xFFFF,0xFFFF,0xFF83,0xFFFF,0xFFFF,0xFFFF,0xFFFF,0xF9FF,
	0xFF9F,0xFFFF,0xFFFF,0xFFFF,0xFFFF,0xFFFF,0xFFFF,0xFFFF,
	0xFFFF,0xFFFF,0xFFFF,0xFFFF,0xFFFF,0xFFFF,0xFFFF,0xFF8F,
	0xE006,0xF380,0x0000,0x6000,0x00FF,0xE000,0x0000,0x0000,
	0x0000,0x0001,0x063F,0x8003,0xFFFF,0xFF0B,0xF0FF,0xFFFF,
	0xFFFF,0xFFFF,0xFF83,0xFFE0,0xFFFF,0xFFFF,0xFFFF,0xCFFF,
	0xFFFF,0xFFFF,0xFFFF,0x07FF,0xFFFF,0xFFFF,0xF1FF,0xFFFF,
	0xFFFF,0xFFFF,0xFFFF,0xFFFF,0xFFFF,0xFFFF,0xFFF1,0xFFFF,
	0xFF0F,0xFE00,0x0844,0x0000,0x0FFF,0xE000,0x0000,0x0000,
	0x0000,0x0001,0x063F,0x8070,0x07FF,0xFFFC,0x1B1F,0xFFFF,
	0xFFFF,0xFFFF,0xFFFF,0xFFEF,0xFFFF,0xFFFF,0xFFFF,0xFFFF,
	0xFFFC,0x7FFF,0xFFFF,0xFFFF,0xFFFF,0xFFFF,0xFFFF,0xFFFF,
	0xFFFF,0xFFFF,0xFFFF,0xFFFF,0xFFFF,0xFFFF,0xFFCF,0xFFFF,
	0x0E0F,0xFE00,0x0F10,0x0000,0x3FFF,0x8000,0x0000,0x0000,
	0x0000,0x0001,0x060F,0xE064,0x01F8,0x7FFF,0xF87F,0xFE3F,
	0xFFFF,0xFFFF,0xFFFF,0xFFFF,0xFFFF,0xFFFF,0xFFFE,0x7FFF,
	0xFFFF,0xFFFF,0xFFFF,0xFFFF,0xFFFF,0xFFFF,0xFFFF,0xFFFF,
	0xFFFF,0xFFFF,0xFFFF,0xFFFF,0xFFFF,0xFFFF,0xFFF1,0xFFFF,
	0x3FFF,0xF1FC,0x00C0,0x0003,0xFFE0,0x0000,0x0000,0x0000,
	0x0000,0x0001,0x0003,0xC7F8,0x01F8,0x7FFF,0xE0FF,0xFFFF,
	0xFFFF,0xFFFF,0xFFFF,0xFFFF,0xFFFF,0xFFFF,0xFFFF,0xFFFF,
	0xFF9F,0xFFFE,0x1FFF,0xF807,0xFFFF,0xFFFF,0xFE7F,0xFFFF,
	0xFFF5,0xFFFF,0xFFFF,0xFFFF,0xFFFF,0xFFFF,0xFFFF,0x83E3,
	0xFFFF,0xF003,0xE000,0x0003,0x9F80,0x0000,0x0000,0x0000,
	0x0000,0x0001,0x0000,0x03FF,0x003C,0x19FF,0x07FF,0xFFFF,
	0xFFFF,0xFFFF,0xFFFF,0xFFFF,0xFFFF,0xFFFF,0xFFC7,0xFF83,
	0xFFFF,0xFFFF,0xFFFF,0xFFFF,0xFFFF,0xFFFF,0xFFFF,0xFFFF,
	0xFFFF,0xFFFF,0xFFFF,0xFFFF,0xFFFF,0xFFFF,0xFFFF,0xFFE3,
	0xFFEF,0xF0E3,0x8780,0x0000,0x1F00,0x0000,0x0000,0x0000,
	0x0000,0x0001,0x0000,0x01CF,0xF03F,0x9DFF,0x07FF,0xFFFF,
	0xF073,0xF81F,0xC1FF,0xFFFF,0xFFFF,0xFFFF,0xFFFF,0xFFFF,
	0xFFFF,0xFFFF,0xFFFF,0xFFFF,0xFFFF,0xFFFF,0xFFFF,0xFFFF,
	0xFFFF,0xFFFF,0xFFFF,0xFFFF,0xFFFF,0xFFFF,0xFFFF,0xFFE3,
	0xFFC1,0xFF83,0x9FE0,0x0000,0x0008,0x0000,0x0000,0x0000,
	0x0000,0x0001,0x0000,0x01E0,0xFC0F,0xE43F,0xE3CF,0xFFFF,
	0xFC63,0xF81F,0xF1FF,0xFFFF,0xFFFF,0xFFFF,0xFFFF,0xFFFF,
	0xFFFF,0xFFFF,0xFFFF,0xFFFF,0xFFFF,0xFFDF,0xFFFF,0xFFFF,
	0xFFFF,0xFFFF,0xFFFF,0xFFFF,0xFFFF,0xFFFF,0xFFFF,0xFFE3,
	0xFFC1,0xFE00,0x1FFC,0x0004,0x6300,0x0000,0x0000,0x0000,
	0x0000,0x0001,0x0010,0x0050,0xFF8B,0xFC1F,0xFE20,0xFFFF,
	0xFF83,0xFF1F,0xFFFF,0xFFFF,0xFFFF,0xFFFF,0xFFFF,0xFFFF,
	0xFFFF,0xFFFF,0xFFFF,0xFFFF,0xFFFF,0xFFFF,0xFFFF,0xFFFF,
	0xFFFF,0xFFFF,0xFFFF,0xFFFF,0xFFFF,0xFFE3,0xC004,0x3FEF,
	0xFFC1,0xF00F,0x9FFF,0x0000,0x0800,0x0000,0x0000,0x0000,
	0x0000,0x0001,0x0000,0x0000,0x0F81,0xF80F,0x1FF8,0x3FFF,
	0xFFFF,0xFFFF,0xFFFF,0xFFFF,0xFFFF,0xFF9F,0xFFFF,0xFFFF,
	0xFFFF,0xFFFF,0xFFFF,0xFFC7,0xFFFF,0xFFFF,0xFFFF,0xF3FF,
	0xFFFF,0xFFFF,0xFFFF,0xFFFF,0xFFFF,0xFF1F,0xC00C,0x3DFF,
	0xE7C0,0x000F,0x9FE3,0x0000,0x6000,0x0000,0x0000,0x0000,
	0x0000,0x0001,0x0000,0x0000,0x07C0,0x3803,0x1FF8,0x37FF,
	0xFFFF,0xFFFF,0xFFFF,0xFFFF,0xFFFF,0xFFFF,0xFFFF,0xFFFF,
	0xFFFF,0xFFFF,0xFFFF,0xFFFF,0xFFFF,0xFF9F,0xFFFF,0xFFFF,
	0xFFDF,0xFFFF,0xEFFF,0xFFFF,0xFFFF,0xFFFF,0xC1CE,0x6BFF,
	0xFF03,0x000F,0x9F23,0xC000,0x0000,0x0000,0x0000,0x0000,
	0x0000,0x0001,0x0000,0x0000,0x0000,0x0008,0xFFFF,0x3FFF,
	0xFFFF,0xFFFF,0xFFFF,0xFFFF,0xFFFF,0xFFF0,0xFFFF,0xFFFF,
	0xFFFF,0xFFFF,0xFFFF,0xFFFF,0xFFFF,0xFFFF,0xFFFF,0xFFFF,
	0x00FF,0xFFFF,0xFFFF,0xFFFF,0xFFFF,0xFFFF,0xC782,0x7FFC,
	0xF800,0x007F,0x9FE3,0xC000,0x0000,0x0000,0x0000,0x0000,
	0x0000,0x0001,0x0000,0x0000,0x3E00,0x0007,0xFCFF,0x3FFF,
	0xFFFF,0xFFFF,0xFFFF,0xFFFF,0xFFFF,0xFFF0,0xFFFF,0xFFFF,
	0xFFFF,0xFFFF,0xFFFF,0xFFFF,0xFFFF,0xFFFF,0xFFFF,0xFFFF,
	0x1039,0xFFFF,0xFFFF,0xFFFF,0xFFFF,0xFFFF,0xC782,0x7D80,
	0xF800,0x0070,0x1FE0,0x0000,0x0000,0x0000,0x0000,0x0000,
	0x0000,0x0001,0x0000,0x3F80,0x3E00,0x0003,0xFCFF,0xFFFF,
	0xFFFF,0xFFFF,0xFFFF,0xFFFF,0xFFFF,0xFFFF,0xFFFF,0xFFFF,
	0xFFFF,0xFFFF,0xFFFF,0xFFFF,0xFFFF,0xFFBF,0xFFFF,0xFFFF,
	0x01FF,0xFFFF,0xFFFF,0xF8FB,0xFFFF,0xFFFC,0xFF8E,0x5C0C,
	0x0000,0x0063,0xFFE0,0xA000,0x0000,0x0000,0x0000,0x0000,
	0x0000,0x0001,0x0180,0x0010,0x0700,0x03E1,0x81FF,0xEFFF,
	0xFFFF,0xFFFF,0xFFFF,0xFFFF,0xFFFF,0xFFFF,0xFFFF,0xFFFF,
	0xFFFF,0xFFFF,0xFFFF,0xFFFF,0xFFFF,0xFFFF,0xFFFF,0xFFFF,
	0xFFF7,0xFFFF,0xFFFF,0xFFFF,0xFFFF,0xFFFE,0xF81E,0x7C00,
	0x0000,0x1FE3,0xE007,0xFC00,0x0000,0x0000,0x0000,0x0000,
	0x0000,0x0001,0x0000,0x0036,0x1300,0x03E0,0x05FF,0xCFFF,
	0xFFFF,0xFFFF,0x403F,0xFFFF,0xFFFF,0xFFFF,0xFFFE,0x0FFF,
	0xFFFF,0xFFFF,0xFFFF,0xFFFF,0xFFFF,0xFF8F,0xFFFF,0xFFFF,
	0xE03F,0xFFFF,0xFFFF,0xFFFF,0xFFFF,0xE3DF,0xF7F8,0x7C1E,
	0x0000,0xFF31,0xE007,0xFF00,0x0000,0x0000,0x0000,0x0000,
	0x0000,0x0001,0x0000,0x0000,0x0200,0x07F8,0x1C7C,0x42FF,
	0xFFFF,0xFFFE,0x01FF,0xFFFF,0xFFFF,0xF3FF,0xFFFE,0x3FFF,
	0xFFFF,0xFFFF,0xFFFF,0xFFF7,0xFFFF,0xFFFF,0xFFFF,0xFFFF,
	0xFFFF,0xFFFF,0xFFFF,0xFFFF,0xFFFF,0xE378,0x37C0,0x7C7E,
	0x000F,0xF061,0x01FF,0xF800,0x0000,0x0000,0x0000,0x0000,
	0x0000,0x0001,0x0080,0x07FF,0xF000,0x0000,0x0018,0xC60B,
	0xFFFF,0xFFFF,0xFFFF,0xFFFF,0xFFFF,0xFFFF,0xFFFF,0xFFFF,
	0xFFFF,0xFFFF,0xFFFF,0xFFE7,0xFFFF,0xFCDF,0xFFFF,0xFFFF,
	0xFFFF,0xFFFF,0xFFFF,0xFFFF,0xFF80,0x7DF9,0x0740,0x7FFC,
	0x000F,0xC00C,0x1FFF,0x8000,0x0000,0x0000,0x0000,0x0000,
	0x0000,0x0001,0x0000,0x0FFF,0xFE00,0x0000,0x0F00,0xC601,
	0xFFFF,0xFFFF,0xFFFF,0xFFFF,0xFFFF,0xFFFF,0xFFFF,0xFFFF,
	0xFFFF,0xFFFF,0xFFFF,0xFFFF,0xFFFF,0xFFFF,0x3FFF,0xFFFF,
	0xFFFF,0xFFFF,0xFFFF,0xFFDF,0xBFFF,0xFC1F,0x80FF,0x7FF0,
	0x003F,0xC000,0xFEFC,0x0000,0x0000,0x0000,0x0000,0x0000,
	0x0000,0x0001,0x0000,0x001F,0xFFE0,0x0000,0x0F18,0x1E3F,
	0xFDFF,0xFFFF,0xFFFF,0xFFFF,0xFFFF,0xFFFF,0xFFFF,0xFFFF,
	0xF3FF,0xFFFF,0xFFFF,0xFFFF,0xFFFF,0xFFFF,0xFE01,0xF3FF,
	0xFFFF,0xFFFF,0xFFCF,0xF7FE,0x007F,0x1CFF,0x80FF,0x7F80,
	0x003E,0x0007,0x1E3C,0x0000,0x0000,0x0000,0x0000,0x0000,
	0x0000,0x0001,0x0000,0x0008,0x01FC,0x0000,0xE000,0x1FFF,
	0xFFFF,0xFFFF,0xFFFF,0xFFFF,0xFFFF,0xFFFF,0xFFFF,0xFFFF,
	0xFFFF,0xFFFF,0xFFFF,0xFFFF,0xFFFF,0xFFFF,0xFFC0,0x3FFF,
	0xFFFF,0xFFFF,0xFFEF,0xFFFF,0x3FFF,0xFCF9,0xE7FC,0x0000,
	0x00F8,0x0000,0x1FE0,0x0000,0x0000,0x0000,0x0000,0x0000,
	0x0000,0x0001,0x0000,0x0000,0xFFFE,0x0000,0xFC38,0x01FF,
	0xFFFF,0xFFFF,0xFFFF,0xFFFF,0xFFFF,0xFFFF,0xFFFF,0xFFFF,
	0xFFFF,0xFFFF,0xFFFF,0xFFFF,0xFFFF,0xFFFF,0xFFF7,0xFFFF,
	0xFFFF,0xFFFF,0xFFFF,0xFFFF,0xFFE1,0xFFE7,0xE7FE,0x02E0,
	0x03F0,0x000F,0x1E00,0x0003,0xE17E,0x0000,0x0000,0x0000,
	0x0000,0x0001,0x0000,0x0000,0xA0FC,0x0000,0x1FE0,0x00FF,
	0xFFFF,0xFFFF,0xFFFF,0xFFFF,0xFFF7,0xFFFF,0xFFFF,0xFFFF,
	0xFFFF,0xFFFF,0xFFFF,0xFFFF,0xFFFF,0xFFFF,0xFFFF,0xFFFF,
	0xFFFF,0xFFFF,0xFFFF,0xFFFF,0xFFFF,0xFFC7,0xE7B4,0x0320,
	0x0700,0x007C,0x00E0,0x003F,0x61A0,0x0000,0x0000,0x0000,
	0x0000,0x0001,0x0000,0x0000,0x000F,0xE000,0x0FF8,0x05FF,
	0xFFFF,0xFFFF,0xFFFF,0xFFFF,0xFFFF,0xFFFF,0xFFFF,0xFFFF,
	0xFFFF,0xFFFF,0xFFFF,0xFFFF,0xFFFF,0xFFFF,0xFFFF,0xFFFF,
	0xFFFF,0xFFFF,0xFFF3,0xFFFF,0x7FFF,0xFC01,0x2040,0x0002,
	0x1F00,0x01E0,0x0000,0x0033,0x8000,0x0000,0x0000,0x0000,
	0x0000,0x0001,0x0000,0x0000,0x0001,0xC000,0x00F8,0x1600,
	0x7DFF,0x7C38,0x1FFF,0xF3FF,0xFEFF,0xFFFF,0xFFC7,0xFFFF,
	0xFFFF,0xCFFF,0xFFFF,0xFFE7,0xFFFF,0xFFFF,0xFFFF,0xFFFF,
	0xFFFF,0xFFFF,0xFF63,0xFFFF,0xAFFF,0xF000,0xFF80,0x0003,
	0x6000,0x3000,0x0000,0x03C0,0x0000,0x0000,0x0000,0x0000,
	0x0000,0x0001,0x0000,0x0000,0x0000,0x0000,0x003F,0x0100,
	0x41FF,0xFFFF,0xC813,0xF3FF,0xFFFF,0xFFFF,0xFFFF,0xFFFF,
	0xFFFF,0xFFFF,0xFFFF,0xFFFF,0xFFFF,0xFFFF,0xFFFF,0xFFFF,
	0xFFFF,0xFFFF,0xCF03,0xFFFF,0xFFF3,0x8000,0x3E02,0xFC1F,
	0x4000,0x3FFF,0x8000,0x0064,0x4000,0x0000,0x0000,0x0000,
	0x0000,0x0001,0x0000,0x0000,0x0000,0x1F00,0x001F,0xC002,
	0x4FFF,0xFFFF,0xFFC1,0xFFFF,0xFFFF,0xFFFC,0xFFFF,0xFFFF,
	0xFFFF,0xFFFF,0xFFFF,0xFFFF,0xFFFF,0xFF1F,0xFFFF,0xFFFF,
	0xFFFE,0x7FFF,0xEF7F,0xFFFF,0x6CF3,0x9000,0x0000,0x003C,
	0x0000,0x0000,0x7C00,0x0000,0x0000,0x0000,0x0000,0x0000,
	0x0000,0x0001,0x0000,0x0000,0x0FFF,0xFFFF,0xE000,0xDF00,
	0x4FED,0x7FFF,0xFFFF,0xFC63,0xC3C0,0xFC03,0xFFFF,0xFFFF,
	0xFFFF,0xFFFF,0xFFFF,0xFFFF,0xFFFF,0x1C1F,0xFFFF,0xFFFF,
	0xFFFE,0x7FFF,0xEF7F,0xFFF9,0xFF8E,0x0001,0xF023,0x0118,
	0x0000,0x01DF,0x8000,0x0000,0xE000,0x0000,0x0000,0x0000,
	0x0000,0x0001,0x0000,0x0000,0x41F1,0x3F1F,0xFC20,0x02A8,
	0x000D,0xFFF8,0xFFFF,0xFC63,0xC00F,0xFC23,0xFFFF,0xFFFF,
	0xFFFF,0xFFFF,0xFFFF,0xFFFF,0xFFFF,0xFC1F,0xFFFF,0xFFFF,
	0xFFFF,0xFFFF,0xEF7F,0x9FC0,0x7FC0,0x0001,0xC020,0x0000,
	0x0000,0x01E0,0x0000,0x0000,0x0000,0x0000,0x0000,0x0000,
	0x0000,0x0001,0x0000,0x0003,0x0010,0x301D,0xFF00,0x0210,
	0x0C8D,0xFF7F,0xFFFF,0xFF00,0x203F,0xF07F,0xFDFF,0xFFFF,
	0xFDFF,0xFFFF,0xFFFF,0xFFFF,0x007F,0xFC1F,0xFFFF,0xFFFF,
	0xFFFF,0xFDFF,0xEF70,0x1B03,0xC0B0,0x0002,0x00FC,0x4000,
	0x0000,0xF080,0x0000,0x0000,0x0000,0x0000,0x0000,0x0000,
	0x0000,0x0001,0x0000,0x0008,0x0000,0x8000,0x7FC0,0x0000,
	0x8C1F,0xFFF9,0xFFFF,0x9FFE,0x3FFF,0xFFFF,0xFFFF,0xFFFF,
	0xFFFF,0xFFFF,0xFFFF,0xFFFF,0xF1FF,0xE0FF,0xFFE0,0x7FFF,
	0xFFDF,0xFE00,0x4FF0,0x0001,0xC0A2,0x0000,0x003E,0x0000,
	0x0000,0x8C00,0x0000,0x0000,0x0000,0x0000,0x0000,0x0000,
	0x0000,0x0001,0x0000,0x0000,0x0000,0x07E0,0x00C0,0x0000,
	0x83FE,0xFFF9,0xFFFF,0x9FFE,0x003F,0xFFFF,0xFFFF,0xFFFF,
	0xFFFF,0xFFFF,0xFFFF,0xFFFF,0xFFFF,0xFFFF,0xE61F,0xFFFF,
	0xFFF0,0x0E0F,0xFFE0,0x0007,0x0000,0x0000,0x0038,0x0000,
	0x0000,0x0000,0x0000,0x0000,0x0000,0x0000,0x0000,0x0000,
	0x0000,0x0001,0x0000,0x0000,0x0000,0x00C7,0xF000,0x0000,
	0x00FF,0xBFF9,0xFFFF,0xFFF8,0xF800,0x7FFF,0x5FFF,0xFBFF,
	0xFFFF,0xFFFF,0xFFFF,0xFDFF,0xFFFF,0x8FFF,0xCE73,0xFFFF,
	0xFFFF,0x8FFF,0xDF40,0x0000,0x007F,0xB838,0x0000,0x0180,
	0x0000,0x7000,0x0000,0x0000,0x0000,0x0000,0x0000,0x0000,
	0x0000,0x0001,0x0000,0x0000,0x00A8,0x0000,0x00FE,0x00FF,
	0x80FE,0x7FDB,0xFFFB,0xE2BF,0xFF0F,0xFFFF,0x1FFF,0xDFFF,
	0xFFFF,0xFFFF,0xFFFF,0xFF01,0xFFFF,0x8F98,0xF8FF,0xFF7F,
	0xFDFF,0x8FFF,0xFE00,0x0000,0x0000,0x0040,0x003F,0x81FF,
	0xE001,0x8008,0x0000,0x0000,0x0000,0x0000,0x0000,0x0000,
	0x0000,0x0001,0x0000,0x0000,0x000F,0xE380,0x0F06,0xFF03,
	0xF01C,0x7FFF,0xFFCF,0x823F,0xFFFF,0xFFF8,0xFFFF,0x1FFF,
	0xFFFF,0xFFFF,0xFFFF,0xFF18,0x0FFF,0x8F80,0x38FF,0xFFF7,
	0xDFFF,0x8FFF,0xE000,0x0001,0x0200,0x1800,0x01FF,0xFF9F,
	0xF804,0x0000,0x0000,0x0000,0x0000,0x0000,0x0000,0x0000,
	0x0000,0x0001,0x0000,0x0000,0x0000,0x7FC0,0x0000,0xFFF8,
	0x7E1C,0x5FFF,0xFFFF,0xFFFF,0xFFF9,0xFFFF,0xFFE0,0x0000,
	0x401F,0xFFFF,0xFFFF,0xFF18,0x3FFC,0x7F87,0x000F,0xF07F,
	0xFFF0,0x3FFF,0x8000,0x1380,0x0303,0x8000,0x19FF,0xF008,
	0xE7C0,0x0000,0x0000,0x0000,0x0000,0x0000,0x0000,0x0000,
	0x0000,0x0001,0x0000,0x0000,0x0000,0x003C,0x0780,0x0FFE,
	0x7F89,0x03FF,0xFFFF,0xFC7C,0xFF80,0x0007,0xFFFE,0x0000,
	0x6000,0xFFFF,0xFFF3,0x02DF,0xFFFB,0xFFF8,0x3F00,0x007F,
	0xFFC1,0xFFFE,0x0000,0x7FC8,0x0220,0x0000,0xC700,0x0000,
	0x0000,0x0000,0x0000,0x0000,0x0000,0x0000,0x0000,0x0000,
	0x0000,0x0001,0x0000,0x0000,0x0004,0x0003,0xE000,0x01FE,
	0x3E80,0xC009,0xEE8F,0xE3F9,0xFFF0,0x0002,0x803E,0x0003,
	0xE0FC,0x0000,0x0000,0xEBFF,0x3FFF,0xFFF8,0x3F00,0x3FFF,
	0xFF81,0xF0E0,0x0000,0x1F00,0x0000,0x0000,0xC1FC,0x0000,
	0x0000,0x0000,0x0000,0x0000,0x0000,0x0000,0x0000,0x0000,
	0x0000,0x0001,0x0000,0x0000,0x0000,0x61D3,0xFF00,0x000E,
	0x3FF0,0x0003,0xFE0F,0xFF7F,0xC7C7,0xF870,0x003F,0xFE7E,
	0x7FFF,0xFF80,0x0FFF,0xFFFF,0xBFFF,0xFFFF,0xE00F,0xFFFF,
	0xFF80,0x0005,0x4000,0x3E04,0x0000,0x0000,0xC000,0x0000,
	0x0000,0x0000,0x0000,0x0000,0x0000,0x0000,0x0000,0x0000,
	0x0000,0x0001,0x0000,0x0000,0x0000,0x0019,0xFFC0,0x000F,
	0xC1F0,0x0000,0xE40F,0xFFFF,0xF600,0x7F83,0x383E,0xFFF7,
	0xFFFF,0xF87F,0xFF80,0xFFFF,0xCFFF,0xFFFF,0xC03F,0xFFFF,
	0xFF80,0x0100,0x0000,0x1000,0x0000,0x001F,0xC000,0x0000,
	0x3E00,0x0000,0x0000,0x0000,0x0000,0x0000,0x0000,0x0000,
	0x0000,0x0001,0x0000,0x0000,0x0000,0x0000,0x0000,0x0001,
	0xC1FC,0x0000,0x3017,0xFFFF,0xFFE7,0xFFF8,0xFFC7,0xFFF3,
	0xFFFF,0xFE7F,0xFF9F,0xFFFF,0xCFFF,0xFFFF,0xFFFF,0xFFFF,
	0xFF80,0x0180,0x0000,0x0008,0x7000,0x007C,0x0000,0x001F,
	0x0000,0x8100,0x0000,0x0000,0x0000,0x0000,0x0000,0x0000,
	0x0000,0x0001,0x0000,0x0000,0x0000,0x0000,0x0000,0x0000,
	0x01FF,0xE000,0x001E,0x0FFF,0xFFFF,0xFFF9,0xFFC7,0xFF83,
	0xFFFF,0xFEFF,0xFFFD,0xFFF9,0xCFFF,0x9FFF,0xFFFF,0xFFFC,
	0xFF80,0x0000,0x0007,0x0007,0xF000,0x03E0,0x0000,0x03FC,
	0x0000,0x0000,0x0000,0x0000,0x0000,0x0000,0x0000,0x0000,
	0x0000,0x0001,0x0000,0x0000,0x0000,0x0000,0x0000,0x0000,
	0x0000,0xE000,0x0000,0x01FF,0xFFFF,0xC3F0,0xFFFC,0xFE8F,
	0xFFFF,0xFFBF,0xFF7D,0xFFC7,0xCFFF,0xF0FF,0xFFFF,0xFFF0,
	0x0000,0x0000,0x0000,0x0018,0x0000,0x1FE0,0x0C31,0xFC0F,
	0xC000,0x0000,0x0000,0x0000,0x0000,0x0000,0x0000,0x0000,
	0x0000,0x0001,0x0000,0x0000,0x0000,0x0000,0x0000,0x0000,
	0x007F,0xF800,0x0000,0x01FF,0xFFFF,0xC7FF,0xFFFF,0xFE7F,
	0xFFF9,0xFFFF,0xF07F,0xFFC7,0xF87F,0xF3FF,0xFFFF,0xF000,
	0x0600,0x0000,0x0000,0x0000,0x3FFF,0xE018,0x3FC1,0x83E0,
	0x0000,0x0000,0x0000,0x0000,0x0000,0x0000,0x0000,0x0000,
	0x0000,0x0001,0x0000,0x0000,0x0000,0x0000,0x0000,0x0000,
	0x01F3,0xFF00,0x0000,0x81FF,0xFFFF,0xC7FF,0xFFFF,0xFFFD,
	0xFFFF,0xFFFF,0x8FFF,0xFFFF,0xF07F,0xFFFF,0xFFFF,0xF1F8,
	0x02E0,0x0000,0x0000,0x000F,0xFFFF,0xFFFF,0xF801,0xC480,
	0x0000,0x0000,0x0000,0x0000,0x0000,0x0000,0x0000,0x0000,
	0x0000,0x0001,0x0000,0x0000,0x0000,0x0000,0x00FF,0xC600,
	0x0008,0x1FF0,0x0800,0x3FFF,0xFFFF,0xCFFF,0xC7FE,0xFFFF,
	0xFFFF,0xEBFF,0xFFFF,0xFFFF,0x01FF,0xFFFF,0xFFFF,0xFFF8,
	0x0080,0x0000,0x007F,0xC3FF,0xFFFF,0xFFFF,0x001E,0x0180,
	0x0000,0x0000,0x0000,0x0000,0x0000,0x0000,0x0000,0x0000,
	0x0000,0x0001,0x0000,0x0000,0x0000,0x0003,0xFFFF,0xF838,
	0x0001,0x9FFE,0x0000,0x021B,0x1FC1,0xBFFF,0xFFC0,0xFFFF,
	0xFEFF,0xFFFF,0xFFFF,0xE3FC,0x01FF,0xFFFF,0xFFF0,0x3F80,
	0x0020,0x0001,0xFFFE,0x07FF,0x807F,0xE000,0x01C8,0x0010,
	0x0000,0x0000,0x0000,0x0000,0x0000,0x0000,0x0000,0x0000,
	0x0000,0x0001,0x0000,0x0000,0x0000,0x001F,0xFF7F,0xFFFF,
	0xC001,0x83FF,0xC3FF,0xC000,0x07F8,0xFFFF,0xFFF9,0xFFFF,
	0xFFFF,0xFFFF,0xFFFF,0xE3F0,0x01FF,0xFFFF,0xF9F4,0x0000,
	0x01C0,0x000F,0xFFFE,0xFFF0,0x0180,0x0801,0xFF80,0x3180,
	0x0000,0x0000,0x0000,0x0000,0x0000,0x0000,0x0000,0x0000,
	0x0000,0x0001,0x0000,0x0000,0x0000,0x01F1,0xC000,0x1FFF,
	0xF800,0x63FF,0xFF8F,0xC00F,0x0007,0xFFFF,0xFFFF,0xFFFF,
	0xFFFF,0xFFFF,0xFFFF,0xE3C0,0x0FFF,0xFFE7,0xC1F0,0x0003,
	0x0000,0x000F,0xFFFF,0xFFC0,0x0000,0x001F,0x0000,0x0000,
	0x0000,0x0000,0x0000,0x0000,0x0000,0x0000,0x0000,0x0000,
	0x0000,0x0001,0x0000,0x0000,0x0000,0x0000,0x10F0,0x003E,
	0xFE00,0x00FE,0x0000,0x3000,0xC03F,0xFFFF,0xFFCF,0xFFFF,
	0xFFFF,0xFFFF,0xFFFC,0x0200,0x3FF3,0xF723,0xC00D,0x4000,
	0xC000,0x0C0F,0xFFFF,0xE600,0x0000,0x0000,0x0000,0x0000,
	0x0000,0x0000,0x0000,0x0000,0x0000,0x0000,0x0000,0x0000,
	0x0000,0x0001,0x0000,0x0000,0x0000,0x0000,0x0006,0x0600,
	0x3FFF,0x8028,0x0000,0x0C00,0xF03F,0xFFFF,0xFFE9,0xFFFF,
	0xFFFF,0xFFFF,0xFFC3,0xE017,0xFE0F,0xF038,0x007E,0x8000,
	0x0000,0x7C0F,0xFFFF,0xC000,0x0000,0x0000,0x0000,0x0000,
	0x0000,0x0000,0x0000,0x0000,0x0000,0x0000,0x0000,0x0000,
	0x0000,0x0001,0x0000,0x0000,0x0000,0x0000,0x0000,0xC7FE,
	0x01E3,0xE000,0x0000,0x0000,0x1C30,0x0FFF,0xFFFD,0xFFFF,
	0xFEAB,0xFFFF,0xFC0F,0xF0FF,0xC003,0xF218,0x0006,0x0000,
	0x0001,0xFC7F,0xFCFC,0x0000,0x0000,0x0010,0x1800,0x0000,
	0x0000,0x0000,0x0000,0x0000,0x0000,0x0000,0x0000,0x0000,
	0x0000,0x0001,0x0000,0x0000,0x0000,0x0000,0x0000,0x0001,
	0xFE0F,0xF800,0x0000,0x000E,0x0780,0x0FFF,0xFFFF,0xF7FE,
	0xFE7F,0xFFFF,0xFC7F,0x9FFF,0x007F,0xE3FC,0x2000,0x0000,
	0x003C,0x01FF,0x6180,0x0000,0x0000,0x0044,0x0000,0x0000,
	0x0000,0x0000,0x0000,0x0000,0x0000,0x0000,0x0000,0x0000,
	0x0000,0x0001,0x0000,0x0000,0x0000,0x0000,0x0000,0x0100,
	0x0E7C,0x1F00,0x0000,0x01FF,0xFFF8,0x0BFF,0xFFFF,0xFFF0,
	0x7FFF,0xF80F,0xFC7F,0x0000,0x1FFC,0x0000,0x0010,0x0000,
	0x01C0,0xFC7C,0x001F,0x3FFE,0x0000,0x0000,0x0000,0x0000,
	0x0000,0x0000,0x0000,0x0000,0x0000,0x0000,0x0000,0x0000,
	0x0000,0x0001,0x0000,0x0000,0x0000,0x0000,0x0000,0x0008,
	0x0003,0x07C0,0x0000,0x01C1,0xFFFC,0x0FFF,0xFFFF,0xFFC0,
	0x7FFF,0xFE0F,0xFE1F,0x0002,0x1F80,0x13FC,0x0000,0x0000,
	0x0007,0xFE70,0x0180,0xF73C,0x0000,0x0000,0x0000,0x0000,
	0x0000,0x0000,0x0000,0x0000,0x0000,0x0000,0x0000,0x0000,
	0x0000,0x0001,0x0000,0x0000,0x0000,0x0000,0x0000,0x0000,
	0x0000,0x00F8,0x0000,0x0002,0x3FFF,0x8FFF,0xFFFF,0xFF81,
	0xFFFF,0xFE0C,0x0000,0x0000,0x8001,0xFFE0,0x0000,0x0000,
	0x01FF,0xF800,0x6200,0x0600,0x0000,0x0000,0x0000,0x0000,
	0x0000,0x0000,0x0000,0x0000,0x0000,0x0000,0x0000,0x0000,
	0x0000,0x0001,0x0000,0x0000,0x0000,0x0000,0x0000,0x0000,
	0x0230,0x0038,0x0000,0x0001,0xC01F,0xF3FF,0xFFFF,0xFF81,
	0xFFFF,0xDE30,0x01FC,0x1FF8,0x0200,0x4000,0x0000,0x0000,
	0x01F0,0x0001,0x0061,0x9800,0x0000,0x0000,0x0000,0x0000,
	0x0000,0x0000,0x0000,0x0000,0x0000,0x0000,0x0000,0x0000,
	0x0000,0x0001,0x0000,0x0000,0x0000,0x0000,0x0000,0x0000,
	0x0000,0x001F,0x0000,0x0000,0x2001,0x3EFF,0xFFFF,0xFE0F,
	0xFFFF,0xF800,0x3FE0,0x0000,0x1000,0x0000,0x0000,0x0000,
	0x0001,0x0000,0x0000,0x0200,0x0000,0x0000,0x0000,0x0000,
	0x0000,0x0000,0x0000,0x0000,0x0000,0x0000,0x0000,0x0000,
	0x0000,0x0001,0x0000,0x0000,0x0000,0x0000,0x0000,0x0000,
	0x0000,0x0007,0x0000,0x0000,0x0000,0x705F,0xFFFF,0xFE3F,
	0xFFFF,0xE080,0xFC00,0x0000,0x0000,0x0000,0x0000,0x0000,
	0x079C,0x0010,0x0408,0x0000,0x0000,0x0000,0x0000,0x0000,
	0x0000,0x0000,0x0000,0x0000,0x0000,0x0000,0x0000,0x0000,
	0x0000,0x0001,0x0000,0x0000,0x0000,0x0000,0x0000,0x0000,
	0x0000,0x0000,0x0000,0x0000,0x0000,0x0000,0x0000,0x0000,
	0x0000,0x0000,0x0000,0x0000,0x0000,0x0000,0x0000,0x0000,
	0x0000,0x0000,0x0000,0x0000,0x0000,0x0000,0x0000,0x0000,
	0x0000,0x0000,0x0000,0x0000,0x0000,0x0000,0x0000,0x0000,
	0x0000,0x0001,0x0000,0x0000,0x0000,0x0000,0x0000,0x0000,
	0x0000,0x0000,0x0000,0x0000,0x0000,0x0000,0x0000,0x0000,
	0x0000,0x0000,0x0000,0x0000,0x0000,0x0000,0x0000,0x0000,
	0x0000,0x0000,0x0000,0x0000,0x0000,0x0000,0x0000,0x0000,
	0x0000,0x0000,0x0000,0x0000,0x0000,0x0006,0x0000,0x0000,
	0x0000,0x0000,0x3FFF,0xFFFF,0xFFFF,0xFFFF,0xFFFF,0xFFFF,
	0xFFFF,0xFFFF,0xFFFF,0xFFFF,0xFFF7,0xFFF8,0x0100,0x0000,
	0x7FFF,0xFF80,0xF000,0x0000,0x0000,0x0008,0x5C00,0x0000,
	0x003F,0xFFFF,0xFFFF,0xFFFF,0xFFF0,0xFFFF,0xFFFF,0xFFFF,
	0xFFFF,0xFFFF,0xFFFF,0xFFFF,0xFFFF,0xFFF8,0x0000,0x0000,
	0x0000,0x0000,0x0000,0x0000,0x0000,0x0000,0x0000,0x0000,
	0x0000,0x0000,0x0000,0x0000,0x0000,0x0000,0x0000,0x0000,
	0x0000,0x0000,0x0000,0x0000,0x0000,0x0000,0x0000,0x0000,
	0x0000,0x0000,0x0000,0x0000,0x0000,0x0000,0x0000,0x0000,
	0x0000,0x0000,0x0000,0x0000,0x0000,0x0000,0x0000,0x0000,
	0x0000,0x0000,0x0000,0x0000,0x0000,0x0000,0x0000,0x0000,
	0x0000,0x0000,0x0000,0x0000,0x0000,0x0000,0x0000,0x0000,
	0x0000,0x0000,0x0000,0x0000,0x0000,0x0000,0x0000,0x0000,
	0x0000,0x0000,0x0000,0x0000,0x0000,0x0000,0x0000,0x0000,
	0x0000,0x0000,0x0000,0x0000,0x0000,0x0000,0x0000,0x0000,
	0x0000,0x0000,0x0000,0x0000,0x0000,0x0000,0x0000,0x0000,
	0x0000,0x0000,0x0000,0x0000,0x0000,0x0000,0x0000,0x0000,
	0x0000,0x0000,0x0000,0x0000,0x0000,0x0000,0x0000,0x0000,
	0x0000,0x0000,0x0000,0x0000,0x0000,0x0000,0x0000,0x0000,
	0x0000,0x0000,0x0000,0x0000,0x0000,0x0000,0x0000,0x0000,
	0x0000,0x0000,0x0000,0x0000,0x0000,0x0000,0x0000,0x0000,
	0x0000,0x0000,0x0010,0x1000,0x0400,0x0004,0x2000,0x2200,
	0x0200,0x0000,0x0200,0x1000,0x0000,0x0020,0x0000,0x0100,
	0x0000,0x0000,0x0020,0x0080,0x0000,0x0000,0x0000,0x0000,
	0x0000,0x0000,0x0000,0x0000,0x0000,0x0000,0x0000,0x0000,
	0x0000,0x0000,0x0000,0x0000,0x0000,0x0000,0x0000,0x0000,
	0x0000,0x0000,0x8822,0x4401,0x0000,0x2008,0x0020,0x2248,
	0x0000,0x0001,0x0000,0x9000,0x0020,0x0520,0x0010,0x0004,
	0x8000,0x0000,0x0020,0x0022,0x4012,0x2000,0x0000,0x0000,
	0x0000,0x0000,0x0000,0x0000,0x0000,0x0000,0x0000,0x0000,
	0x0000,0x0000,0x0000,0x0000,0x0000,0x0000,0x0000,0x0000,
	0x0000,0x0000,0x8822,0x0401,0x0000,0x2008,0x0020,0x2208,
	0x0000,0x0400,0x1000,0x9000,0x002F,0x8520,0x0010,0x0000,
	0x0000,0x0000,0x0126,0x4402,0x3E12,0x3F80,0x0000,0x0000,
	0x0000,0x0000,0x0000,0x0000,0x0000,0x0000,0x0000,0x0000,
	0x0000,0x0000,0x0000,0x0000,0x0000,0x0000,0x0000,0x0000,
	0x0000,0x0000,0x8000,0x0401,0x0000,0x2000,0x0020,0x0208,
	0x0000,0x0400,0x1000,0x9000,0x0000,0x0120,0x0000,0x1000,
	0x0000,0x2000,0x0121,0x0001,0x0000,0x0000,0x0000,0x0000,
	0x0000,0x0000,0x0000,0x0000,0x0000,0x0000,0x0000,0x0000,
	0x0000,0x0000,0x0000,0x0000,0x0000,0x0000,0x0000,0x0000,
	0x0000,0x0000,0x8800,0x0401,0x0000,0x0008,0x0020,0x0208,
	0x0000,0x0400,0x1000,0x9000,0x0000,0x0120,0x0000,0x4000,
	0x0000,0x0000,0x0120,0x0000,0x0102,0x2000,0x0000,0x0000,
	0x0000,0x0000,0x0000,0x0000,0x0000,0x0000,0x0000,0x0000,
	0x0000,0x0000,0x0000,0x0000,0x0000,0x0000,0x0000,0x0000,
	0x0000,0x0000,0x8800,0x03E1,0x0000,0x0000,0x0020,0x0270,
	0x0200,0x0000,0x0200,0x3000,0x0000,0x0180,0x0000,0x0000,
	0x0000,0x0000,0x0120,0x0020,0x0023,0x8018,0x0000,0x0000,
	0x0000,0x0000,0x0000,0x0000,0x0000,0x0000,0x0000,0x0000,
	0x0000,0x0000,0x0000,0x0000,0x0000,0x0000,0x0000,0x0000,
	0x0000,0x0000,0x0002,0x0000,0x0000,0x0000,0x0020,0x0000,
	0x0000,0x0000,0x0000,0x0000,0x0000,0x0000,0x0000,0x0004,
	0x8000,0x0000,0x0120,0x0000,0x8000,0x8000,0x0000,0x0000,
	0x0000,0x0000,0x0000,0x0000,0x0000,0x0000,0x0000,0x0000,
	0x0000,0x0000,0x0000,0x0000,0x0000,0x0000,0x0000,0x0000,
	0x0000,0x0000,0x0000,0x0021,0x0000,0x0000,0x0000,0x0000,
	0x0000,0x0000,0x0000,0x0000,0x0000,0x0000,0x0000,0x0000,
	0x0000,0x0000,0x0000,0x0000,0x0000,0x0000,0x0000,0x0000,
	0x0000,0x0000,0x0000,0x0000,0x0000,0x0000,0x0000,0x0000,
	0x0000,0x0000,0x0000,0x0000,0x0000,0x0000,0x0000,0x0000,
	0x0000,0x0000,0x0000,0x0000,0x0000,0x0000,0x0000,0x0000,
	0x0000,0x0000,0x0000,0x0000,0x0000,0x0000,0x0000,0x0000,
	0x0000,0x0000,0x0000,0x0000,0x0000,0x0000,0x0000,0x0000,
	0x0000,0x0000,0x0000,0x0000,0x0000,0x0000,0x0000,0x0000,
	0x0000,0x0000,0x0000,0x0000,0x0000,0x0000,0x0000,0x0000,
	0x0000,0x0000,0x0000,0x0000,0x0000,0x0000,0x0000,0x0000,
	0x0000,0x0000,0x0000,0x0000,0x0000,0x0000,0x0000,0x0000,
	0x0000,0x0000,0x0000,0x0000,0x0000,0x0000,0x0000,0x0000,
	0x0000,0x0000,0x0000,0x0000,0x0000,0x0000,0x0000,0x0000,
	/* Plane 1 */
	0x0000,0x0000,0x0000,0x0000,0x0000,0x0000,0x0000,0x0000,
	0x0000,0x0000,0x0000,0x0000,0x0000,0x0000,0x0000,0x0000,
	0x0000,0x0000,0x0000,0x0000,0x0000,0x0000,0x0000,0x0000,
	0x0000,0x0000,0x0000,0x0000,0x0000,0x0000,0x0000,0x0000,
	0x0000,0x0000,0x0000,0x0000,0x0000,0x0000,0x0000,0x0000,
	0x0000,0x0000,0x0000,0x0000,0x0000,0x0000,0x0000,0x0000,
	0x0000,0x0000,0x0000,0x0000,0x0000,0x0000,0x0000,0x0000,
	0x0000,0x0000,0x0000,0x0000,0x0000,0x0000,0x0000,0x0000,
	0x0000,0x0000,0x0000,0x0000,0x0000,0x0000,0x0000,0x0000,
	0x0000,0x0000,0x0000,0x0000,0x0000,0x0000,0x0000,0x0000,
	0x0000,0x0000,0x0000,0x0000,0x0000,0x0000,0x0000,0x0000,
	0x0000,0x0000,0x0000,0x0000,0x0000,0x0000,0x0000,0x0000,
	0x0000,0x0000,0x0000,0x0000,0x0000,0x0000,0x0000,0x0000,
	0x0000,0x0000,0x0000,0x0000,0x0000,0x0000,0x0000,0x0000,
	0x0000,0x0000,0x0000,0x0000,0x0000,0x0000,0x0000,0x0000,
	0x0000,0x0000,0x0000,0x0000,0x0000,0x0000,0x0000,0x0000,
	0x0000,0x0000,0x0000,0x0000,0x0000,0x0000,0x0000,0x0000,
	0x0000,0x0000,0x0000,0x0000,0x0000,0x0000,0x0000,0x0000,
	0x0000,0x0000,0x0000,0x0000,0x0000,0x0000,0x0000,0x0000,
	0x0000,0x0000,0x0000,0x0000,0x0000,0x0000,0x0000,0x0000,
	0x0000,0x0000,0x0000,0x0000,0x0000,0x0000,0x0000,0x0000,
	0x0000,0x0000,0x0000,0x0000,0x0000,0x0000,0x0000,0x0000,
	0x0000,0x0000,0x0000,0x0000,0x0000,0x0000,0x0000,0x0000,
	0x0000,0x0000,0x0000,0x0000,0x0000,0x0000,0x0000,0x0000,
	0x0000,0x0000,0x0000,0x0000,0x0000,0x0000,0x0000,0x0000,
	0x0000,0x0000,0x0000,0x0000,0x0000,0x0000,0x0000,0x0000,
	0x0000,0x0000,0x0000,0x0000,0x0000,0x0000,0x0000,0x0000,
	0x0000,0x0000,0x0000,0x0000,0x0000,0x0000,0x0000,0x0000,
	0x0000,0x0000,0x0000,0x0000,0x0000,0x0000,0x0000,0x0000,
	0x0000,0x0000,0x0000,0x0000,0x0000,0x0000,0x0000,0x0000,
	0x0000,0x0000,0x0000,0x0000,0x0000,0x0000,0x0000,0x0000,
	0x0000,0x0000,0x0000,0x0000,0x0000,0x0000,0x0000,0x0000,
	0x0000,0x0000,0x0000,0x0000,0x0000,0x0000,0x0000,0x0000,
	0x0000,0x0000,0x0000,0x0000,0x0000,0x0000,0x0000,0x0000,
	0x0000,0x0000,0x0000,0x0000,0x0000,0x0000,0x0000,0x0000,
	0x0000,0x0000,0x0000,0x0000,0x0000,0x0000,0x0000,0x0000,
	0x0000,0x0000,0x0000,0x0000,0x0000,0x0000,0x0000,0x0000,
	0x0000,0x0000,0x0000,0x0000,0x0000,0x0000,0x0000,0x0000,
	0x0000,0x0000,0x0000,0x0000,0x0000,0x0000,0x0000,0x0000,
	0x0000,0x0000,0x0000,0x0000,0x0000,0x0000,0x0000,0x0000,
	0x0000,0x0000,0x0000,0x0000,0x0000,0x0000,0x0000,0x0000,
	0x0000,0x0000,0x0000,0x0000,0x0000,0x0000,0x0000,0x0000,
	0x0000,0x0000,0x0000,0x0000,0x0000,0x0000,0x0000,0x0000,
	0x0000,0x0000,0x0000,0x0000,0x0000,0x0000,0x0000,0x0000,
	0x0000,0x0000,0x0000,0x0000,0x0000,0x0000,0x0000,0x0000,
	0x0000,0x0000,0x0000,0x0000,0x0000,0x0000,0x0000,0x0000,
	0x0000,0x0000,0x0000,0x0000,0x0000,0x0000,0x0000,0x0000,
	0x0000,0x0000,0x0000,0x0000,0x0000,0x0000,0x0000,0x0000,
	0x0000,0x0000,0x0000,0x0000,0x0000,0x0000,0x0000,0x0000,
	0x0000,0x0000,0x0000,0x0000,0x0000,0x0000,0x0000,0x0000,
	0x0000,0x0000,0x0000,0x0000,0x0000,0x0000,0x0000,0x0000,
	0x0000,0x0000,0x0000,0x0000,0x0000,0x0000,0x0000,0x0000,
	0x0000,0x0000,0x0000,0x0000,0x0000,0x0000,0x0000,0x0000,
	0x0000,0x0000,0x0000,0x0000,0x0000,0x0000,0x0000,0x0000,
	0x0000,0x0000,0x0000,0x0000,0x0000,0x0000,0x0000,0x0000,
	0x0000,0x0000,0x0000,0x0000,0x0000,0x0000,0x0000,0x0000,
	0x0000,0x0000,0x0000,0x0000,0x0000,0x0000,0x0000,0x0000,
	0x0000,0x0000,0x0000,0x0000,0x0000,0x0000,0x0000,0x0000,
	0x0000,0x0000,0x0000,0x0000,0x0000,0x0000,0x0000,0x0000,
	0x0000,0x0000,0x0000,0x0000,0x0000,0x0000,0x0000,0x0000,
	0x0000,0x0000,0x0000,0x0000,0x0000,0x0000,0x0000,0x0000,
	0x0000,0x0000,0x0000,0x0000,0x0000,0x0000,0x0000,0x0000,
	0x0000,0x0000,0x0000,0x0000,0x0000,0x0000,0x0000,0x0000,
	0x0000,0x0000,0x0000,0x0000,0x0000,0x0000,0x0000,0x0000,
	0x0000,0x0000,0x0000,0x0000,0x0000,0x0000,0x0000,0x0000,
	0x0000,0x0000,0x000F,0xFFFF,0xFFFF,0xFFFF,0xFFFF,0xFFFF,
	0xFFFF,0x0000,0x0000,0x0000,0x0000,0x0000,0x0000,0x0000,
	0x0000,0x0000,0x0000,0x0000,0x0000,0x0000,0x0000,0x0000,
	0x0000,0x0000,0x0000,0x0000,0x0000,0x0000,0x0003,0xFFFF,
	0xFFFF,0xFFFF,0xFFFF,0xFFFF,0xFFFF,0xF000,0x0000,0x0000,
	0x0000,0x0000,0x001F,0xFFFF,0xFFFF,0xFFFF,0xFFFF,0xFFFF,
	0xFFFF,0x0000,0x0000,0x0000,0x0000,0x0000,0x0000,0x0000,
	0x0000,0x0000,0x0000,0x0000,0x0000,0x0000,0x0000,0x0000,
	0x0000,0x0000,0x0000,0x0000,0x0000,0x0000,0x0003,0xFFFF,
	0xFFFF,0xFFFF,0xFFFF,0xFFFF,0xFFFF,0xF000,0x0000,0x0000,
	0x0000,0x0000,0x0000,0x0000,0x0000,0x0000,0x0000,0x0000,
	0x0000,0x0000,0x0000,0x0000,0x0000,0x0000,0x0000,0x0000,
	0x0000,0x0000,0x0000,0x0000,0x0000,0x0000,0x0000,0x0000,
	0x0000,0x0000,0x0000,0x0000,0x0000,0x0000,0x0000,0x0000,
	0x0000,0x0000,0x0000,0x0000,0x0000,0x0000,0x0000,0x0000,
	0x0000,0x0000,0x0000,0x0000,0x0000,0x0000,0x0000,0x0000,
	0x0000,0x0000,0x0000,0x0000,0x0000,0x0000,0x0000,0x0000,
	0x0000,0x0000,0x0000,0x0000,0x0000,0x0000,0x0000,0x0000,
	0x0000,0x0000,0x0000,0x0000,0x0000,0x0000,0x0000,0x0000,
	0x0000,0x0000,0x0000,0x0000,0x0000,0x0000,0x0000,0x0000,
	0x0000,0x0000,0x3FFF,0xFFFF,0xFFFF,0xFFFF,0xFFFF,0xFFFF,
	0xFFFF,0xFFFF,0xFFFF,0xFFFF,0xFFFF,0xFFFF,0xFFFF,0xFFFF,
	0xFFFF,0xFFFF,0xFFFF,0xFFFF,0xFFFF,0xFFFF,0xFFFF,0xFFFF,
	0xFFFF,0xFFFF,0xFFFF,0xFFFF,0xFFFF,0xFFFF,0xFFFF,0xFFFF,
	0xFFFF,0xFFFF,0xFFFF,0xFFFF,0xFFFF,0xFFF0,0x0000,0x0000,
	0x0000,0x0001,0xE000,0x0000,0x0000,0x0000,0x0000,0x0000,
	0x0000,0x0000,0x0000,0x0000,0x0000,0x0000,0x0000,0x0000,
	0x0000,0x0000,0x0000,0x0000,0x0000,0x0000,0x0000,0x0000,
	0x0000,0x0000,0x0000,0x0000,0x0000,0x0000,0x0000,0x0000,
	0x0000,0x0000,0x0000,0x0000,0x0000,0x000E,0x0000,0x0000,
	0x0000,0x0001,0xC7FF,0xFFFF,0xFFFF,0xFFFF,0xFFFF,0xFFFF,
	0xFFFF,0xFFFF,0xFFFF,0xFFFF,0xFFFF,0xFFFF,0xFFFF,0xFFFF,
	0xFFFF,0xFFFF,0xFFFF,0xFFFF,0xFFFF,0xFCFF,0xFFD8,0x7FFF,
	0xFFFF,0xFFFF,0xFFFF,0xFFFF,0xFFFF,0xFFFF,0xFFFF,0xFFFF,
	0xFFFF,0xFFFF,0xFFFF,0xFFFF,0xFFFF,0xFFCE,0x0000,0x0000,
	0x0000,0x0000,0xC7FF,0xFFFF,0xFFFF,0xFFFF,0xFFFF,0xFFFF,
	0xFFFF,0xFFFF,0xFFFF,0xFFFF,0xFFFF,0xFFFF,0xFFFF,0xFFFF,
	0xFFFF,0xFFFF,0xFFFF,0xFFFF,0xFFFF,0xFF7F,0xFFFF,0xFFFF,
	0xFFFF,0xFFFF,0xFFFF,0xFFFF,0xFFFF,0xFFFF,0xFFFF,0xFFFF,
	0xFFFF,0xFFFF,0xFFFF,0xFFFF,0xFFFF,0xFFCE,0x0000,0x0000,
	0x0000,0x0001,0xC7FF,0xFFFF,0xFFFF,0xFFFF,0xFFFF,0xFFFF,
	0xFFFF,0xFFFF,0xFFFF,0xFFFF,0xFFFF,0xFFFF,0xFFFF,0xFFFE,
	0x43FF,0xFFFF,0xFFFF,0xFBF8,0xFFFF,0xFFFF,0xFFFF,0x8FFF,
	0xFFBF,0xEFFF,0xFFFF,0xFFFF,0xFFFF,0xFFFF,0xFFFF,0xFFFF,
	0xFFFF,0xFFFF,0xFFFF,0xFFFF,0xFFFF,0xFFCE,0x0000,0x0000,
	0x0000,0x01E1,0xC7FF,0xFFFF,0xFFFF,0xFFFF,0xFFFF,0xFFFF,
	0xFFFF,0xFFFF,0xFFFF,0xFFFF,0xFFFF,0xFFFF,0xFFFF,0xFFFE,
	0x7FFF,0xFFFF,0xF17F,0xFFFF,0xFFFF,0xFCFF,0xFFFF,0xFFFF,
	0xFFFF,0xFFFF,0xFFFF,0xFFFF,0xFFFF,0xFFFF,0xFFFF,0xFFFF,
	0xFFFF,0xFFFF,0xFFFF,0xFFFF,0xFFFF,0xFFCE,0x0F00,0x0000,
	0x0000,0x01E1,0xC7FF,0xFFFF,0xFFFF,0xFFFF,0xFFFF,0xFFFF,
	0xFFFF,0xFFFF,0xFFFF,0xFFFF,0xFFFF,0xFFFF,0xFFFF,0xFFFF,
	0xFFFF,0xFFFF,0xFFFF,0xFFFF,0xFFFF,0xFFFF,0xFFFC,0x03FF,
	0xFFFF,0xFFFF,0xFFFF,0xFFFF,0xFFFF,0xFFFF,0xFFFF,0xFFFF,
	0xFFFF,0xFFFF,0xFFFF,0xFFFF,0xFFFF,0xFFCE,0x0E00,0x0000,
	0x0000,0x01E1,0xC7FF,0xFFFF,0xFFFF,0xFFFF,0xFFFF,0xFFFF,
	0xFFFF,0xFFFF,0xFFFF,0xFFFF,0xFFFF,0xFFFF,0xFFFF,0xFFFF,
	0xFFFF,0xFFFB,0xFFC7,0xFFFF,0xFFFF,0xFFFF,0xFFFB,0xFFFF,
	0xFFFF,0xFFFF,0xFFFF,0xFFFF,0xFFFF,0xFFFF,0xFFFF,0xFFFF,
	0xFFFF,0xFFFF,0xFFFF,0xFFFF,0xFFFF,0xFFCE,0x0E00,0x0000,
	0x0000,0x01E1,0xC7FF,0xFFFF,0xFFFF,0xFFFF,0xFFFF,0xFFFF,
	0xFFFF,0xFFFF,0xFFFF,0xFFFF,0xFFFF,0xFFFF,0xFFFE,0xC184,
	0x8D00,0xF03F,0xFFFF,0xFFFF,0xFFFF,0xFFFF,0xFFFF,0xFFFF,
	0xFFFF,0xFFFF,0xFFFF,0xFFFF,0xFFFF,0xFFFF,0xFFFF,0xFFFF,
	0xFFFF,0xFFFF,0xFFFF,0xFFFF,0xFFFF,0xFFCE,0x0E00,0x0000,
	0x0000,0x01E1,0xC7FF,0xFFFF,0xFFFF,0xFFFF,0xFFFF,0xFFFF,
	0xFFFF,0xFFFF,0xFFFF,0xFFFF,0xFFFF,0xFFFF,0xFFFF,0x7FFF,
	0xFFFF,0xFFF0,0x82FF,0xFFFF,0xFFFF,0xFFFF,0xFFFF,0xFFFF,
	0xFFFF,0xFFFF,0xFFFF,0xFFFF,0xFFFF,0xFFFF,0xFFFF,0xFFFF,
	0xFFFF,0xFFFF,0xFFFF,0xFFFF,0xFFFF,0xFFCE,0x0E00,0x0000,
	0x0000,0x01E1,0xC7FF,0xFFFF,0xFFFF,0xFFFF,0xFFFF,0xFFFF,
	0xFFFF,0xFFFF,0xFFFF,0xFFFF,0xFFFF,0xFFFF,0xFFFF,0xFFFF,
	0xFFFF,0xFFDF,0xFFFF,0xFFFF,0xFFFF,0xFFFF,0xFFFF,0xFFFF,
	0xFFFF,0xFFFF,0xFFFF,0xFFFF,0xFFFF,0xFFFF,0xFFFF,0xFFFF,
	0xFFFF,0xFFFF,0xFFFF,0xFFFF,0xFFFF,0xFFCE,0x0F00,0x0000,
	0x0000,0x01E1,0xC7FF,0xFFFF,0xFFFF,0xFFFF,0xFFFF,0xFFFF,
	0xFFFF,0xFFFF,0xFFFF,0xFFFF,0xFFFF,0xFFFF,0xFFFF,0xFFFF,
	0xFFFF,0xFFFF,0xFFFF,0xFFFF,0xFFFF,0xFFFF,0xFFFF,0xFFFF,
	0xFFFF,0xFFFF,0xFFFF,0xFFFF,0xFFFF,0xFFFF,0xFFFF,0xFFFF,
	0xFFFF,0xFFFF,0xFFFF,0xFFFF,0xFFFF,0xFFCE,0x0F00,0x0000,
	0x0000,0x00E1,0xC7FF,0xFFFF,0xFFFF,0xFFFF,0xFFFF,0xFFFF,
	0xFFFF,0xFFFF,0xFFFF,0xFFFF,0xFFFF,0xFFFF,0xFFFF,0xFFFF,
	0xFFFF,0xFFFF,0xFFFF,0xFFFF,0xFFFF,0xFFFF,0xFFFF,0xFFFF,
	0xFFFF,0xFFFF,0xFFFF,0xFFFF,0xFFFF,0xFFFF,0xFFFF,0xFFFF,
	0xFFFF,0xFFFF,0xFFFF,0xFFFF,0xFFFF,0xFFCE,0x0F00,0x0000,
	0x0000,0x00E1,0xC7FF,0xFFFF,0xFFFF,0xFFFF,0xFFFF,0xFFFF,
	0xFFFF,0xFFFF,0xFFFF,0xFFFF,0xFFFF,0xFFFF,0xFFFF,0xFFFF,
	0xFFFF,0xFFFF,0xFFFF,0xFFFF,0xFFFF,0xFFFF,0xFFFF,0xFFFF,
	0xFFFF,0xFFFF,0xFFFF,0xFFFF,0xFFFF,0xFFFF,0xFFFF,0xFFFF,
	0xFFFF,0xFFFF,0xFFFF,0xFFFF,0xFFFF,0xFFCE,0x0F00,0x0000,
	0x0000,0x01E1,0xC7FF,0xFFFF,0xFFFF,0xFFFF,0xFFFF,0xFFFF,
	0xFFFF,0xFFFF,0xFFFF,0xFFFF,0xFFFF,0xFFFF,0xFFFF,0xFFFF,
	0xFFFF,0xFFFF,0xFFFF,0xFFFF,0xFFFF,0xFFFF,0xFFFF,0xFFFF,
	0xFFFF,0xFFFF,0xFFFF,0xFFFF,0xFFFF,0xFFFF,0xFFFF,0xFFFF,
	0xFFFF,0xFFFF,0xFFFF,0xFFFF,0xFFFF,0xFFCE,0x0F00,0x0000,
	0x0000,0x01E1,0xC7FF,0xFFFF,0xFFFF,0xFFFF,0xFFFF,0xFFFF,
	0xFFFF,0xFFFF,0xFFFF,0xFFFF,0xFFFF,0xFFFF,0xFFFF,0xFFFF,
	0xFFFF,0xFFFF,0xFFFF,0xFFFF,0xFFFF,0xFFFF,0xFFFF,0xFFFF,
	0xFFFF,0xFFFF,0xFFFF,0xFFFF,0xFFFF,0xFFFF,0xFFFF,0xFFFF,
	0xFFFF,0xFFFF,0xFFFF,0xFFFF,0xFFFF,0xFFCE,0x0F00,0x0000,
	0x0000,0x01E1,0xC7FF,0xFFFF,0xFFFF,0xFFFF,0xFFFF,0xFFFF,
	0xFFFF,0xFFFF,0xFFFF,0xFFFF,0xFFFF,0xFFFF,0xFFFF,0xFFFF,
	0xFFFF,0xFFFF,0xFFFF,0xFFFF,0xFFFF,0xFFFF,0xFFFF,0xFFFF,
	0xFFFF,0xFFFF,0xFFFF,0xFFFF,0xFFFF,0xFFFF,0xFFFF,0xFFFF,
	0xFFFF,0xFFFF,0xFFFF,0xFFFF,0xFFFF,0xFFCE,0x0F00,0x0000,
	0x0000,0x00E1,0xC7FF,0xFFFF,0xFFFF,0xFFFF,0xFFFF,0xFFFF,
	0xFFFF,0xFFFF,0xFFFF,0xFFFF,0xFFFF,0xFFFF,0xFFFF,0xFFFF,
	0xFFFF,0xFFFF,0xFFFF,0xFFFF,0xFFFF,0xFFFF,0xFFFF,0xFFFF,
	0xFFFF,0xFFFF,0xFFFF,0xFFFF,0xFFFF,0xFFFF,0xFFFF,0xFFFF,
	0xFFFF,0xFFFF,0xFFFF,0xFFFF,0xFFFF,0xFFCE,0x0F00,0x0000,
	0x0000,0x00E1,0xC7FF,0xFFFF,0xFFFF,0xFFFF,0xFFFF,0xFFFF,
	0xFFFF,0xFFFF,0xFFFF,0xFFFF,0xFFFF,0xFFFF,0xFFFF,0xFFFF,
	0xFFFF,0xFFFF,0xFFFF,0xFFFF,0xF7FF,0xFF5F,0xFFFF,0xFFFF,
	0xFFFF,0xFFFF,0xFFFF,0xFFFF,0xFFFF,0xFFFF,0xFFFF,0xFFFF,
	0xFFFF,0xFFFF,0xFFFF,0xFFFF,0xFFFF,0xFFCE,0x0F00,0x0000,
	0x0000,0x00E1,0xC7FF,0xFFFF,0xFFFF,0xFFFF,0xFFFF,0xFFFF,
	0xFFFF,0xFFFF,0xFFFF,0xFFFF,0xFFFF,0xFFFF,0xFFFF,0xFFFF,
	0xFFFF,0xFFFF,0xFFFF,0xFFFF,0xFFCF,0xFFFF,0xFFFF,0xFFFF,
	0xFFFF,0xFFFF,0xFFFF,0xFFFF,0xFFFF,0xFFFF,0xFFFF,0xFFFF,
	0xFFFF,0xFFFF,0xFFFF,0xFFFF,0xFFFF,0xFFCE,0x0F00,0x0000,
	0x0000,0x01E1,0xC7FF,0xFFFF,0xFFFF,0xFFFF,0xFFFF,0xFFFF,
	0xFFFF,0xFFFF,0xFFFF,0xFFFF,0xFFFF,0xFFFF,0xFFFF,0xFFFF,
	0xFFFF,0xFFFF,0xFFFF,0xFFFF,0xFFFF,0xFFFF,0xFFFF,0xFFFF,
	0xFFFF,0xFFFF,0xFFFF,0xFFFF,0xFFFF,0xFFFF,0xFFFF,0xFFFF,
	0xFFFF,0xFFFF,0xFFFF,0xFFFF,0xFFFF,0xFFCE,0x0F00,0x0000,
	0x0000,0x01E1,0xC7FF,0xFFFF,0xFFFF,0xFFFF,0xFFFF,0xFFFF,
	0xFFFF,0xFFFF,0xFFFF,0xFFFF,0xFFFF,0xFFFF,0xFFFF,0xFFFF,
	0xFFFF,0xFFFF,0xFFFF,0xFFFF,0xFFFF,0xFFFF,0xFFFF,0xFFFF,
	0xFFFF,0xFFFF,0xFFFF,0xFFFF,0xFFFF,0xFFFF,0xFFFF,0xFFFF,
	0xFFFF,0xFFFF,0xFFFF,0xFFFF,0xFFFF,0xFFCE,0x0F00,0x0000,
	0x0000,0x01E1,0xC7FF,0xFFFF,0xFFFF,0xFFFF,0xFFFF,0xFFFF,
	0xFFFF,0xFFFF,0xFFFF,0xFFFF,0xFFFF,0xFFFF,0xFFFF,0xFFFF,
	0xFFFF,0xFFFF,0xFFFF,0xFFFF,0xFFFF,0xFFFF,0xFFFF,0xFFFF,
	0xFFFF,0xFFFF,0xFFFF,0xFFFF,0xFFFF,0xFFFF,0xFFFF,0xFFFF,
	0xFFFF,0xFFFF,0xFFFF,0xFFFF,0xFFFF,0xFFCE,0x0F00,0x0000,
	0x0000,0x00E1,0xC7FF,0xFFFF,0xFFFF,0xFFFF,0xFFFF,0xFFFF,
	0xFFFF,0xFFFF,0xFFFF,0xFFFF,0xFFFF,0xFFFF,0xFFFF,0xFFFF,
	0xFFFF,0xFFFF,0xFFFF,0xFFFF,0xFFFF,0xFFFF,0xFFFF,0xFFFF,
	0xFFFF,0xFFFF,0xFFFF,0xFFFF,0xFFFF,0xFFFF,0xFFFF,0xFFFF,
	0xFFFF,0xFFFF,0xFFFF,0xFFFF,0xFFFF,0xFFCE,0x0F00,0x0000,
	0x0000,0x00E1,0xC7FF,0xFFFF,0xFFFF,0xFFFF,0xFFFF,0xFFFF,
	0xFFFF,0xFFFF,0xFFFF,0xFFFF,0xFFFF,0xFFFF,0xFFFF,0xFFFF,
	0xFFFF,0xFFFF,0xFFFF,0xFFFF,0xFFFF,0xFFFF,0xFFFF,0xFFFF,
	0xFFFF,0xFFFF,0xFFFF,0xFFFF,0xFFFF,0xFFFF,0xFFFF,0xFFFF,
	0xFFFF,0xFFFF,0xFFFF,0xFFFF,0xFFFF,0xFFCE,0x0F00,0x0000,
	0x0000,0x01E1,0xC7FF,0xFFFF,0xFFFF,0xFFFF,0xFFFF,0xFFFF,
	0xFFFF,0xFFFF,0xFFFF,0xFFFF,0xFFFF,0xFFFF,0xFFFF,0xFFFF,
	0xFFFF,0xFFFF,0xFFFF,0xFFFF,0xFFFF,0xFFFF,0xFFFF,0xFFFF,
	0xFFFF,0xFFFF,0xFFFF,0xFFFF,0xFFFF,0xFFFF,0xFFFF,0xFFFF,
	0xFFFF,0xFFFF,0xFFFF,0xFFFF,0xFFFF,0xFFCE,0x0F00,0x0000,
	0x0000,0x01E1,0xC7FF,0xFFFF,0xFFFF,0xFFFF,0xFFFF,0xFFFF,
	0xFFFF,0xFFFF,0xFFFF,0xFFFF,0xFFFF,0xFFFF,0xFFFF,0xFFFF,
	0xFFFF,0xFFFF,0xFFFF,0xFFFF,0xFFFF,0xFFFF,0xFFFF,0xFFFF,
	0xFFFF,0xFFFF,0xFFFF,0xFFFF,0xFFFF,0xFFFF,0xFFFF,0xFFFF,
	0xFFFF,0xFFFF,0xFFFF,0xFFFF,0xFFFF,0xFFCE,0x0F00,0x0000,
	0x0000,0x01E1,0xC7FF,0xFFFF,0xFFFF,0xFFFF,0xFFFF,0xFFFF,
	0xFFFF,0xFFFF,0xFFFF,0xFFFF,0xFFFF,0xFFFF,0xFFFF,0xFFFF,
	0xFFFF,0xFFFF,0xFFFF,0xFFFF,0xFFFF,0xFFFF,0xFFFF,0xFFFF,
	0xFFFF,0xFFFF,0xFFFF,0xFFFF,0xFFFF,0xFFFF,0xFFFF,0xFFFF,
	0xFFFF,0xFFFF,0xFFFF,0xFFFF,0xFFFF,0xFFCE,0x0F00,0x0000,
	0x0000,0x01E1,0xC7FF,0xFFFF,0xFFFF,0xFFFF,0xFFFF,0xFFFF,
	0xFFFF,0xFFFF,0xFFFF,0xFFFF,0xFFFF,0xFFFF,0xFFFF,0xFFFF,
	0xFFFF,0xFFFF,0xFFFF,0xFFFF,0xFFFF,0xFFFF,0xFFFF,0xFFFF,
	0xFFFF,0xFFFF,0xFFFF,0xFFFF,0xFFFF,0xFFFF,0xFFFF,0xFFFF,
	0xFFFF,0xFFFF,0xFFFF,0xFFFF,0xFFFF,0xFFCE,0x0F00,0x0000,
	0x0000,0x01E1,0xC7FF,0xFFFF,0xFFFF,0xFFFF,0xFFFF,0xFFFF,
	0xFFFF,0xFFFF,0xFFFF,0xFFFF,0xFFFF,0xFFFF,0xFFFF,0xFFFF,
	0xFFFF,0xFFFF,0xFFFF,0xFFFF,0xFFFF,0xFFFF,0xFFFF,0xFFFF,
	0xFFFF,0xFFFF,0xFFFF,0xFFFF,0xFFFF,0xFFFF,0xFFFF,0xFFFF,
	0xFFFF,0xFFFF,0xFFFF,0xFFFF,0xFFFF,0xFFCE,0x0F00,0x0000,
	0x0000,0x01E1,0xC7FF,0xFFFF,0xFFFF,0xFFFF,0xFFFF,0xFFFF,
	0xFFFF,0xFFFF,0xFFFF,0xFFFF,0xFFFF,0xFFFF,0xFFFF,0xFFFF,
	0xFFFF,0xFFFF,0xFFFF,0xFFFF,0xFFFF,0xFFFF,0xFFFF,0xFFFF,
	0xFFFF,0xFFFF,0xFFFF,0xFFFF,0xFFFF,0xFFFF,0xFFFF,0xFFFF,
	0xFFFF,0xFFFF,0xFFFF,0xFFFF,0xFFFF,0xFFCE,0x0F00,0x0000,
	0x0000,0x01E1,0xC7FF,0xFFFF,0xFFFF,0xFFFF,0xFFFF,0xFFFF,
	0xFFFF,0xFFFF,0xFFFF,0xFFFF,0xFFFF,0xFFFF,0xFFFF,0xFFFF,
	0xFFFF,0xFFFF,0xFFFF,0xFFFF,0xFFFF,0xFFFF,0xFFFF,0xFFFF,
	0xFFFF,0xFFFF,0xFFFF,0xFFFF,0xFFFF,0xFFFF,0xFFFF,0xFFFF,
	0xFFFF,0xFFFF,0xFFFF,0xFFFF,0xFFFF,0xFFCE,0x0F00,0x0000,
	0x0000,0x01E1,0xC7FF,0xFFFF,0xFFFF,0xFFFF,0xFFFF,0xFFFF,
	0xFFFF,0xFFFF,0xFFFF,0xFFFF,0xFFFF,0xFFFF,0xFFFF,0xFFFF,
	0xFFFF,0xFFFF,0xFFFF,0xFFFF,0xFFFF,0xFFFF,0xFFFF,0xFFFF,
	0xFFFF,0xFFFF,0xFFFF,0xFFFF,0xFFFF,0xFFFF,0xFFFF,0xFFFF,
	0xFFFF,0xFFFF,0xFFFF,0xFFFF,0xFFFF,0xFFCE,0x0F00,0x0000,
	0x0000,0x01E1,0xC7FF,0xFFFF,0xFFFF,0xFFFF,0xFFFF,0xFFFF,
	0xFFFF,0xFFFF,0xFFFF,0xFFFF,0xFFFF,0xFFFF,0xFFFF,0xFFFF,
	0xFFFF,0xFFFF,0xFFFF,0xFFFF,0xFFFF,0xFFFF,0xFFFF,0xFFFF,
	0xFFFF,0xFFFF,0xFFFF,0xFFFF,0xFFFF,0xFFFF,0xFFFF,0xFFFF,
	0xFFFF,0xFFFF,0xFFFF,0xFFFF,0xFFFF,0xFFCE,0x0F00,0x0000,
	0x0000,0x01E1,0xC7FF,0xFFFF,0xFFFF,0xFFFF,0xFFFF,0xFFFF,
	0xFFFF,0xFFFF,0xFFFF,0xFFFF,0xFFFF,0xFFFF,0xFFFF,0xFFFF,
	0xFFFF,0xFFFF,0xFFFF,0xFFFF,0xFFFF,0xFFFF,0xFFFF,0xFFFF,
	0xFFFF,0xFFFF,0xFFFF,0xFFFF,0xFFFF,0xFFFF,0xFFFF,0xFFFF,
	0xFFFF,0xFFFF,0xFFFF,0xFFFF,0xFFFF,0xFFCE,0x0F00,0x0000,
	0x0000,0x01E1,0xC7FF,0xFFFF,0xFFFF,0xFFFF,0xFFFF,0xFFFF,
	0xFFFF,0xFFFF,0xFFFF,0xFFFF,0xFFFF,0xFFFF,0xFFFF,0xFFFF,
	0xFFFF,0xFFFF,0xFFFF,0xFFFF,0xFFFF,0xFFFF,0xFFFF,0xFFFF,
	0xFFFF,0xFFFF,0xFFFF,0xFFFF,0xFFFF,0xFFFF,0xFFFF,0xFFFF,
	0xFFFF,0xFFFF,0xFFFF,0xFFFF,0xFFFF,0xFFCE,0x0F00,0x0000,
	0x0000,0x01E1,0xC7FF,0xFFFF,0xFFFF,0xFFFF,0xFFFF,0xFFFF,
	0xFFFF,0xFFFF,0xFFFF,0xFFFF,0xFFFF,0xFFFF,0xFFFF,0xFFFF,
	0xFFFF,0xFFFF,0xFFFF,0xFFFF,0xFFFF,0xFFFF,0xFFFF,0xFFFF,
	0xFFFF,0xFFFF,0xFFFF,0xFFFF,0xFFFF,0xFFFF,0xFFFF,0xFFFF,
	0xFFFF,0xFFFF,0xFFFF,0xFFFF,0xFFFF,0xFFCE,0x0F00,0x0000,
	0x0000,0x0001,0xC7FF,0xFFFF,0xFFFF,0xFFFF,0xFFFF,0xFFFF,
	0xFFFF,0xFFFF,0xFFFF,0xFFFF,0xFFFF,0xFFFF,0xFFFF,0xFFFF,
	0xFFFF,0xFFFF,0xFFFF,0xFFFF,0xFFFF,0xFFFF,0xFFFF,0xFFFF,
	0xFFFF,0xFFFF,0xFFFF,0xFFFF,0xFFFF,0xFFFF,0xFFFF,0xFFFF,
	0xFFFF,0xFFFF,0xFFFF,0xFFFF,0xFFFF,0xFFCE,0x0000,0x0000,
	0x0000,0x0001,0xC7FF,0xFFFF,0xFFFF,0xFFFF,0xFFFF,0xFFFF,
	0xFFFF,0xFFFF,0xFFFF,0xFFFF,0xFFFF,0xFFFF,0xFFFF,0xFFFF,
	0xFFFF,0xFFFF,0xFFFF,0xFFFF,0xFFFF,0xFFFF,0xFFFF,0xFFFF,
	0xFFFF,0xFFFF,0xFFFF,0xFFFF,0xFFFF,0xFFFF,0xFFFF,0xFFFF,
	0xFFFF,0xFFFF,0xFFFF,0xFFFF,0xFFFF,0xFFCE,0x0000,0x0000,
	0x0000,0x0001,0xC7FF,0xFFFF,0xFFFF,0xFFFF,0xFFFF,0xFFFF,
	0xFFFF,0xFFFF,0xFFFF,0xFFFF,0xFFFF,0xFFFF,0xFFFF,0xFFFF,
	0xFFFF,0xFFFF,0xFFFF,0xFFFF,0xFFFF,0xFFFF,0xFFFF,0xFFFF,
	0xFFFF,0xFFFF,0xFFFF,0xFFFF,0xFFFF,0xFFFF,0xFFFF,0xFFFF,
	0xFFFF,0xFFFF,0xFFFF,0xFFFF,0xFFFF,0xFFCE,0x0000,0x0000,
	0x0000,0x0001,0xC7FF,0xFFFF,0xFFFF,0xFFFF,0xFFFF,0xFFFF,
	0xFFFF,0xFFFF,0xFFFF,0xFFFF,0xFFFF,0xFFFF,0xFFFF,0xFFFF,
	0xFFFF,0xFFFF,0xFFFF,0xFFFF,0xFFFF,0xFFFF,0xFFFF,0xFFFF,
	0xFFFF,0xFFFF,0xFFFF,0xFFFF,0xFFFF,0xFFFF,0xFFFF,0xFFFF,
	0xFFFF,0xFFFF,0xFFFF,0xFFFF,0xFFFF,0xFFCE,0x0000,0x0000,
	0x0000,0x0001,0xC7FF,0xFFFF,0xFFFF,0xFFFF,0xFFFF,0xFFFF,
	0xFFFF,0xFFFF,0xFFFF,0xFFFF,0xFFFF,0xFFFF,0xFFFF,0xFFFF,
	0xFFFF,0xFFFF,0xFFFF,0xFFFF,0xFFFF,0xFFFF,0xFFFF,0xFFFF,
	0xFFFF,0xFFFF,0xFFFF,0xFFFF,0xFFFF,0xFFFF,0xFFFF,0xFFFF,
	0xFFFF,0xFFFF,0xFFFF,0xFFFF,0xFFFF,0xFFCE,0x0000,0x0000,
	0x0000,0x0001,0xC7FF,0xFFFF,0xFFFF,0xFFFF,0xFFFF,0xFFFF,
	0xFFFF,0xFFFF,0xFFFF,0xFFFF,0xFFFF,0xFFFF,0xFFFF,0xFFFF,
	0xFFFF,0xFFFF,0xFFFF,0xFFFF,0xFFFF,0xFFFF,0xFFFF,0xFFFF,
	0xFFFF,0xFFFF,0xFFFF,0xFFFF,0xFFFF,0xFFFF,0xFFFF,0xFFFF,
	0xFFFF,0xFFFF,0xFFFF,0xFFFF,0xFFFF,0xFFCE,0x0000,0x0000,
	0x0000,0x0001,0xC7FF,0xFFFF,0xFFFF,0xFFFF,0xFFFF,0xFFFF,
	0xFFFF,0xFFFF,0xFFFF,0xFFFF,0xFFFF,0xFFFF,0xFFFF,0xFFFF,
	0xFFFF,0xFFFF,0xFFFF,0xFFFF,0xFFFF,0xFFFF,0xFFFF,0xFFFF,
	0xFFFF,0xFFFF,0xFFFF,0xFFFF,0xFFFF,0xFFFF,0xFFFF,0xFFFF,
	0xFFFF,0xFFFF,0xFFFF,0xFFFF,0xFFFF,0xFFCE,0x0000,0x0000,
	0x0000,0x0001,0xC7FF,0xFFFF,0xFFFF,0xFFFF,0xFFFF,0xFFFF,
	0xFFFF,0xFFFF,0xFFFF,0xFFFF,0xFFFF,0xFFFF,0xFFFF,0xFFFF,
	0xFFFF,0xFFFF,0xFFFF,0xFFFF,0xFFFF,0xFFFF,0xFFFF,0xFFFF,
	0xFFFF,0xFFFF,0xFFFF,0xFFFF,0xFFFF,0xFFFF,0xFFFF,0xFFFF,
	0xFFFF,0xFFFF,0xFFFF,0xFFFF,0xFFFF,0xFFCE,0x0000,0x0000,
	0x0000,0x0000,0xC7FF,0xFFFF,0xFFFF,0xFFFF,0xFFFF,0xFFFF,
	0xFFFF,0xFFFF,0xFFFF,0xFFFF,0xFFFF,0xFFFF,0xFFFF,0xFFFF,
	0xFFFF,0xFFFF,0xFFFF,0xFFFF,0xFFFF,0xFFFF,0xFFFF,0xFFFF,
	0xFFFF,0xFFFF,0xFFFF,0xFFFF,0xFFFF,0xFFFF,0xFFFF,0xFFFF,
	0xFFFF,0xFFFF,0xFFFF,0xFFFF,0xFFFF,0xFFCE,0x0000,0x0000,
	0x0000,0x0000,0xC7FF,0xFFFF,0xFFFF,0xFFFF,0xFFFF,0xFFFF,
	0xFFFF,0xFFFF,0xFFFF,0xFFFF,0xFFFF,0xFFFF,0xFFFF,0xFFFF,
	0xFFFF,0xFFFF,0xFFFF,0xFFFF,0xFFFF,0xFFFF,0xFFFF,0xFFFF,
	0xFFFF,0xFFFF,0xFFFF,0xFFFF,0xFFFF,0xFFFF,0xFFFF,0xFFFF,
	0xFFFF,0xFFFF,0xFFFF,0xFFFF,0xFFFF,0xFFCE,0x0000,0x0000,
	0x0000,0x0000,0xC7FF,0xFFFF,0xFFFF,0xFFFF,0xFFFF,0xFFFF,
	0xFFFF,0xFFFF,0xFFFF,0xFFFF,0xFFFF,0xFFFF,0xFFFF,0xFFFF,
	0xFFFF,0xFFFF,0xFFFF,0xFFFF,0xFFFF,0xFFFF,0xFFFF,0xFFFF,
	0xFFFF,0xFFFF,0xFFFF,0xFFFF,0xFFFF,0xFFFF,0xFFFF,0xFFFF,
	0xFFFF,0xFFFF,0xFFFF,0xFFFF,0xFFFF,0xFFCE,0x0000,0x0000,
	0x0000,0x0000,0xC7FF,0xFFFF,0xFFFF,0xFFFF,0xFFFF,0xFFFF,
	0xFFFF,0xFFFF,0xFFFF,0xFFFF,0xFFFF,0xFFFF,0xFFFF,0xFFFF,
	0xFFFF,0xFFFF,0xFFFF,0xFFFF,0xFFFF,0xFFFF,0xFFFF,0xFFFF,
	0xFFFF,0xFFFF,0xFFFF,0xFFFF,0xFFFF,0xFFFF,0xFFFF,0xFFFF,
	0xFFFF,0xFFFF,0xFFFF,0xFFFF,0xFFFF,0xFFCE,0x0000,0x0000,
	0x0000,0x0000,0xC7FF,0xFFFF,0xFFFF,0xFFFF,0xFFFF,0xFFFF,
	0xFFFF,0xFFFF,0xFFFF,0xFFFF,0xFFFF,0xFFFF,0xFFFF,0xFFFF,
	0xFFFF,0xFFFF,0xFFFF,0xFFFF,0xFFFF,0xFFFF,0xFFFF,0xFFFF,
	0xFFFF,0xFFFF,0xFFFF,0xFFFF,0xFFFF,0xFFFF,0xFFFF,0xFFFF,
	0xFFFF,0xFFFF,0xFFFF,0xFFFF,0xFFFF,0xFFCE,0x0000,0x0000,
	0x0000,0x0000,0xC7FF,0xFFFF,0xFFFF,0xFFFF,0xFFFF,0xFFFF,
	0xFFFF,0xFFFF,0xFFFF,0xFFFF,0xFFFF,0xFFFF,0xFFFF,0xFFFF,
	0xFFFF,0xFFFF,0xFFFF,0xFFFF,0xFFFF,0xFFFF,0xFFFF,0xFFFF,
	0xFFFF,0xFFFF,0xFFFF,0xFFFF,0xFFFF,0xFFFF,0xFFFF,0xFFFF,
	0xFFFF,0xFFFF,0xFFFF,0xFFFF,0xFFFF,0xFFCE,0x0000,0x0000,
	0x0000,0x0000,0xC7FF,0xFFFF,0xFFFF,0xFFFF,0xFFFF,0xFFFF,
	0xFFFF,0xFFFF,0xFFFF,0xFFFF,0xFFFF,0xFFFF,0xFFFF,0xFFFF,
	0xFFFF,0xFFFF,0xFFFF,0xFFFF,0x7FFF,0xFFFF,0xFFFF,0xFFFF,
	0xFFFF,0xFFFF,0xFFFF,0xFFFF,0xFFFF,0xFFFF,0xFFFF,0xFFFF,
	0xFFFF,0xFFFF,0xFFFF,0xFFFF,0xFFFF,0xFFCE,0x0000,0x0000,
	0x0000,0x0000,0xC7FF,0xFFFF,0xFFFF,0xFFFF,0xFFFF,0xFFFF,
	0xFFFF,0xFFFF,0xFFFF,0xFFFF,0xFFFF,0xFFFF,0xFFFF,0xFFFF,
	0xFFFF,0xFFFF,0xFFFF,0xFFFF,0xCFFF,0xFFFF,0xFFFF,0xFFFF,
	0xFFFF,0xFFFF,0xFFFF,0xFFFF,0xFFFF,0xFFFF,0xFFFF,0xFFFF,
	0xFFFF,0xFFFF,0xFFFF,0xFFFF,0xFFFF,0xFFCE,0x0000,0x0000,
	0x0000,0x0000,0xC7FF,0xFFFF,0xFFFF,0xFFFF,0xFFFF,0xFFFF,
	0xFFFF,0xFFFF,0xFFFF,0xFFFF,0xFFFF,0xFFFF,0xFFFF,0xFFFF,
	0xFFFF,0xFFFF,0xFFFF,0xFFFF,0xFFFF,0xFFFF,0xFFFF,0xFFFF,
	0xFFFF,0xFFFF,0xFFFF,0xFFFF,0xFFFF,0xFFFF,0xFFFF,0xFFFF,
	0xFFFF,0xFFFF,0xFFFF,0xFFFF,0xFFFF,0xFFCE,0x0000,0x0000,
	0x0000,0x0000,0xC7FF,0xFFFF,0xFFFF,0xFFFF,0xFFFF,0xFFFF,
	0xFFFF,0xFFFF,0xFFFF,0xFFFF,0xFFFF,0xFFFF,0xFFFF,0xFFFF,
	0xFFFF,0xFFFF,0xFFFF,0xFFFF,0xFFFF,0xFFFF,0xFFFF,0xFFFF,
	0xFFFF,0xFFFF,0xFFFF,0xFFFF,0xFFFF,0xFFFF,0xFFFF,0xFFFF,
	0xFFFF,0xFFFF,0xFFFF,0xFFFF,0xFFFF,0xFFCE,0x0000,0x0000,
	0x0000,0x0000,0xC7FF,0xFFFF,0xFFFF,0xFFFF,0xFFFF,0xFFFF,
	0xFFFF,0xFFFF,0xFFFF,0xFFFF,0xFFFF,0xFFFF,0xFFFF,0xFFFF,
	0xFFFF,0xFFFF,0xFFFF,0xFFFF,0xFFFF,0xFFFF,0xFFFF,0xFFFF,
	0xFFFF,0xFFFF,0xFFFF,0xFFFF,0xFFFF,0xFFFF,0xFFFF,0xFFFF,
	0xFFFF,0xFFFF,0xFFFF,0xFFFF,0xFFFF,0xFFCE,0x0000,0x0000,
	0x0000,0x0000,0xC7FF,0xFFFF,0xFFFF,0xFFFF,0xFFFF,0xFFFF,
	0xFFFF,0xFFFF,0xFFFF,0xFFFF,0xFFFF,0xFFFF,0xFFFF,0xFFFF,
	0xFFFF,0xFFFF,0xFFFF,0xFFFF,0xFFFF,0xFFFF,0xFFFF,0xFFFF,
	0xFFFF,0xFFFF,0xFFFF,0xFFFF,0xFFFF,0xFFFF,0xFFFF,0xFFFF,
	0xFFFF,0xFFFF,0xFFFF,0xFFFF,0xFFFF,0xFFCE,0x0000,0x0000,
	0x0000,0x0000,0xC7FF,0xFFFF,0xFFFF,0xFFFF,0xFFFF,0xFFFF,
	0xFFFF,0xFFFF,0xFFFF,0xFFFF,0xFFFF,0xFFFF,0xFFFF,0xFFFF,
	0xFFFF,0xFFFF,0xFFFF,0xFFFF,0xFFFF,0xFFFF,0xFFFF,0xFFFF,
	0xFFFF,0xFFFF,0xFFFF,0xFFFF,0xFFFF,0xFFFF,0xFFFF,0xFFFF,
	0xFFFF,0xFFFF,0xFFFF,0xFFFF,0xFFFF,0xFFCE,0x0000,0x0000,
	0x0000,0x0000,0xC7FF,0xFFFF,0xFFFF,0xFFFF,0xFFFF,0xFFFF,
	0xFFFF,0xFFFF,0xFFFF,0xFFFF,0xFFFF,0xFFFF,0xFFFF,0xFFFF,
	0xFFFF,0xFFFF,0xFFFF,0xFFFF,0xFFFF,0xFFFF,0xFFFF,0xFFFF,
	0xFFFF,0xFFFF,0xFFFF,0xFFFF,0xFFFF,0xFFFF,0xFFFF,0xFFFF,
	0xFFFF,0xFFFF,0xFFFF,0xFFFF,0xFFFF,0xFFCE,0x0000,0x0000,
	0x0000,0x0000,0xC7FF,0xFFFF,0xFFFF,0xFFFF,0xFFFF,0xFFFF,
	0xFFFF,0xFFFF,0xFFFF,0xFFFF,0xFFFF,0xFFFF,0xFFFF,0xFFFF,
	0xFFFF,0xFFFF,0xFFFF,0xFFFF,0xFFFF,0xFFFF,0xFFFF,0xFFFF,
	0xFFFF,0xFFFF,0xFFFF,0xFFFF,0xFFFF,0xFFFF,0xFFFF,0xFFFF,
	0xFFFF,0xFFFF,0xFFFF,0xFFFF,0xFFFF,0xFFCE,0x0000,0x0000,
	0x0000,0x0000,0xC7FF,0xFFFF,0xFFFF,0xFFFF,0xFFFF,0xFFFF,
	0xFFFF,0xFFFF,0xFFFF,0xFFFF,0xFFFF,0xFFFF,0xFFFF,0xFFFF,
	0xFFFF,0xFFFF,0xFFFF,0xFFFF,0xFFFF,0xFFFF,0xFFFF,0xFFFF,
	0xFFFF,0xFFFF,0xFFFF,0xFFFF,0xFFFF,0xFFFF,0xFFFF,0xFFFF,
	0xFFFF,0xFFFF,0xFFFF,0xFFFF,0xFFFF,0xFFCE,0x0000,0x0000,
	0x0000,0x0000,0xC7FF,0xFFFF,0xFFFF,0xFFFF,0xFFFF,0xFFFF,
	0xFFFF,0xFFFF,0xFFFF,0xFFFF,0xFFFF,0xFFFF,0xFFFF,0xFFFF,
	0xFFFF,0xFFFF,0xFFFF,0xFFFF,0xE7FF,0xFFFF,0xFFFF,0xFFFF,
	0xFFFF,0xFFFF,0xFFFF,0xFFFF,0xFFFF,0xFFFF,0xFFFF,0xFFFF,
	0xFFFF,0xFFFF,0xFFFF,0xFFFF,0xFFFF,0xFFCE,0x0000,0x0000,
	0x0000,0x0000,0xC7FF,0xFFFF,0xFFFF,0xFFFF,0xFFFF,0xFFFF,
	0xFFFF,0xFFFF,0xFFFF,0xFFFF,0xFFFF,0xFFFF,0xFFFF,0xFFFF,
	0xFFFF,0xFFFF,0xFFFF,0xFFFF,0xEFFF,0xFFFF,0xFFFF,0xFFFF,
	0xFFFF,0xFFFF,0xFFFF,0xFFFF,0xFFFF,0xFFFF,0xFFFF,0xFFFF,
	0xFFFF,0xFFFF,0xFFFF,0xFFFF,0xFFFF,0xFFCE,0x0000,0x0000,
	0x0000,0x0000,0xC7FF,0xFFFF,0xFFFF,0xFFFF,0xFFFF,0xFFFF,
	0xFFFF,0xFFFF,0xFFFF,0xFFFF,0xFFFF,0xFFFF,0xFFFF,0xFFFF,
	0xFFFF,0xFFFF,0xFFFF,0xFFFE,0x3FFF,0xFFFF,0xFFFF,0xFFFF,
	0xFFFF,0xFFFF,0xFFFF,0xFFFF,0xFFFF,0xFFFF,0xFFFF,0xFFFF,
	0xFFFF,0xFFFF,0xFFFF,0xFFFF,0xFFFF,0xFFCE,0x0000,0x0000,
	0x0000,0x0000,0xC7FF,0xFFFF,0xFFFF,0xFFFF,0xFFFF,0xFFFF,
	0xFFFF,0xFFFF,0xFFFF,0xFFFF,0xFFFF,0xFFFF,0xFFFF,0xFFFF,
	0xFFFF,0xFFFF,0xFFFF,0xFFFF,0x3FFF,0xFFFF,0xFFFF,0xFFFF,
	0xFFFF,0xFFFF,0xFFFF,0xFFFF,0xFFFF,0xFFFF,0xFFFF,0xFFFF,
	0xFFFF,0xFFFF,0xFFFF,0xFFFF,0xFFFF,0xFFCE,0x0000,0x0000,
	0x0000,0x0000,0xC7FF,0xFFFF,0xFFFF,0xFFFF,0xFFFF,0xFFFF,
	0xFFFF,0xFFFF,0xFFFF,0xFFFF,0xFFFF,0xFFFF,0xFFFF,0xFFFF,
	0xFFFF,0xFFFF,0xFFFF,0xFFE0,0x57FF,0xFFFF,0xFFFF,0xFFFF,
	0xFFFF,0xFFFF,0xFFFF,0xFFFF,0xFFFF,0xFFFF,0xFFFF,0xFFFF,
	0xFFFF,0xFFFF,0xFFFF,0xFFFF,0xFFFF,0xFFCE,0x0000,0x0000,
	0x0000,0x0000,0xC7FF,0xFFFF,0xFFFF,0xFFFF,0xFFFF,0xFFFF,
	0xFFFF,0xFFFF,0xFFFF,0xFFFF,0xFFFF,0xFFFF,0xFFFF,0xFFFF,
	0xFFFF,0xFFFF,0xFFFF,0xFFFA,0x17FF,0xFFFF,0xFFFF,0xFFFF,
	0xFFFF,0xFFFF,0xFFFF,0xFFFF,0xFFFF,0xFFFF,0xFFFF,0xFFFF,
	0xFFFF,0xFFFF,0xFFFF,0xFFFF,0xFFFF,0xFFCE,0x0000,0x0000,
	0x0000,0x0000,0xC7FF,0xFFFF,0xFFFF,0xFFFF,0xFFFF,0xFFFF,
	0xFFFF,0xFFFF,0xFFFF,0xFFFF,0xFFFF,0xFFFF,0xFFFF,0xFFFF,
	0xFFFF,0xFFFF,0xFFFF,0xFFEB,0xFFE1,0xFFFF,0xFFFF,0xFFFF,
	0xFFFF,0xFFFF,0xFFFF,0xFFFF,0xFFFF,0xFFFF,0xFFFF,0xFFFF,
	0xFFFF,0xFFFF,0xFFFF,0xFFFF,0xFFFF,0xFFCE,0x0000,0x0000,
	0x0000,0x0000,0xC7FF,0xFFFF,0xFFFF,0xFFFF,0xFFFF,0xFFFF,
	0xFFFF,0xFFFF,0xFFFF,0xFFFF,0xFFFF,0xFFFF,0xFFFF,0xFFFF,
	0xFFFF,0xFFFF,0xFFFF,0xFFE0,0x3F83,0xFFFF,0xFFFF,0xFFFF,
	0xFFFF,0xFFFF,0xFFFF,0xFFFF,0xFFFF,0xFFFF,0xFFFF,0xFFFF,
	0xFFFF,0xFFFF,0xFFFF,0xFFFF,0xFFFF,0xFFCE,0x0000,0x0000,
	0x0000,0x0000,0xC7FF,0xFFFF,0xFFFF,0xFFFF,0xFFFF,0xFFFF,
	0xFFFF,0xFFFF,0xFFFF,0xFFFF,0xFFFF,0xFFFF,0xFFFF,0xFFFF,
	0xFFFF,0xFFFF,0xFFFF,0xFFF8,0x4E93,0xFFFF,0xFFFF,0xFFFF,
	0xFFFF,0xFFFF,0xFFFF,0xFFFF,0xFFFF,0xFFFF,0xFFFF,0xFFFF,
	0xFFFF,0xFFFF,0xFFFF,0xFFFF,0xFFFF,0xFFCE,0x0000,0x0000,
	0x0000,0x0000,0xC7FF,0xFFFF,0xFFFF,0xFFFF,0xFFFF,0xFFFF,
	0xFFFF,0xFFFF,0xFFFF,0xFFFF,0xFFFF,0xFFFF,0xFFFF,0xFFFF,
	0xFFFF,0xFFFF,0xFFFF,0xFFF9,0xCE07,0xFFFF,0xFFFF,0xFFFF,
	0xFFFF,0xFFFF,0xFFFF,0xFFFF,0xFFFF,0xFFFF,0xFFFF,0xFFFF,
	0xFFFF,0xFFFF,0xFFFF,0xFFFF,0xFFFF,0xFFCE,0x0000,0x0000,
	0x0000,0x0000,0xC7FF,0xFFFF,0xFFFF,0xFFFF,0xFFFF,0xFFFF,
	0xFFFF,0xFFFF,0xFFFF,0xFFFF,0xFFFF,0xFFFF,0xFFFF,0xFFFF,
	0xFFFF,0xFFFF,0xFFFF,0xFFF8,0xCE27,0xFFFF,0xFFFF,0xFFFF,
	0xFFFF,0xFFFF,0xFFFF,0xFFFF,0xFFFF,0xFFFF,0xFFFF,0xFFFF,
	0xFFFF,0xFFFF,0xFFFF,0xFFFF,0xFFFF,0xFFCE,0x0000,0x0000,
	0x0000,0x0000,0xC7FF,0xFFFF,0xFFFF,0xFFFF,0xFFFF,0xFFFF,
	0xFFFF,0xFFFF,0xFFFF,0xFFFF,0xFFFF,0xFFFF,0xFFFF,0xFFFF,
	0xFFFF,0xFFFF,0xFFFF,0xFFFC,0x0E4F,0xFFFF,0xFFFF,0xFFFF,
	0xFFFF,0xFFFF,0xFFFF,0xFFFF,0xFFFF,0xFFFF,0xFFFF,0xFFFF,
	0xFFFF,0xFFFF,0xFFFF,0xFFFF,0xFFFF,0xFFCE,0x0000,0x0000,
	0x0000,0x0000,0xC7FF,0xFFFF,0xFFFF,0xFFFF,0xFFFF,0xFFFF,
	0xFFFF,0xFFFF,0xFFFF,0xFFFF,0xFFFF,0xFFFF,0xFFFF,0xFFFF,
	0xFFFF,0xFFFF,0xFFFF,0xFFF0,0x4E4F,0xFEFF,0xFFFF,0xFFFF,
	0xFFFF,0xFFFF,0xFFFF,0xFFFF,0xFFFF,0xFFFF,0xFFFF,0xFFFF,
	0xFFFF,0xFFFF,0xFFFF,0xFFFF,0xFFFF,0xFFCE,0x0000,0x0000,
	0x0000,0x0000,0xC7FF,0xFFFF,0xFFFF,0xFFFF,0xFFFF,0xFFFF,
	0xFFFF,0xFFFF,0xFFFF,0xFFFF,0xFFFF,0xFFFF,0xFFFF,0xFFFF,
	0xFFFF,0xFFFF,0xFFFF,0xF8F2,0x4E6F,0xFFFF,0xFFFF,0xFFFF,
	0xFFFF,0xFFFF,0xFFFF,0xFFFF,0xFFFF,0xFFFF,0xFFFF,0xFFFF,
	0xFFFF,0xFFFF,0xFFFF,0xFFFF,0xFFFF,0xFFCE,0x0000,0x0000,
	0x0000,0x0000,0xC7FF,0xFFFF,0xFFFF,0xFFFF,0xFFFF,0xFFFF,
	0xFFFF,0xFFFF,0xFFFF,0xFFFF,0xFFFF,0xFFFF,0xFFFF,0xFFFF,
	0xFFFF,0xFFFF,0xFFFF,0x84E1,0x4E4F,0xFFFF,0xFFFF,0xFFFF,
	0xFFFF,0xFFFF,0xFFFF,0xFFFF,0xFFFF,0xFFFF,0xFFFF,0xFFFF,
	0xFFFF,0xFFFF,0xFFFF,0xFFFF,0xFFFF,0xFFCE,0x0000,0x0000,
	0x0000,0x0000,0xC7FF,0xFFFF,0xFFFF,0xFFFF,0xFFFF,0xFFFF,
	0xFFFF,0xFFFF,0xFFFF,0xFFFF,0xFFFF,0xFFFF,0xFFFF,0xFFFF,
	0xFFFF,0xFFFF,0xFFFF,0x80E5,0x4E0F,0xFFFF,0xFFFF,0xFFFF,
	0xFFFF,0xFFFF,0xFFFF,0xFFFF,0xFFFF,0xFFFF,0xFFFF,0xFFFF,
	0xFFFF,0xFFFF,0xFFFF,0xFFFF,0xFFFF,0xFFCE,0x0000,0x0000,
	0x0000,0x0000,0xC7FF,0xFFFF,0xFFFF,0xFFFF,0xFFFF,0xFFFF,
	0xFFFF,0xFFFF,0xFFFF,0xFFFF,0xFFFF,0xFFFF,0xFFFF,0xFFFF,
	0xFFFF,0xFFFF,0xFFFF,0x81F0,0x020F,0xFFFF,0xFFFF,0xFFFF,
	0xFFFF,0xFFFF,0xFFFF,0xFFFF,0xFFFF,0xFFFF,0xFFFF,0xFFFF,
	0xFFFF,0xFFFF,0xFFFF,0xFFFF,0xFFFF,0xFFCE,0x0000,0x0000,
	0x0000,0x0000,0xC7FF,0xFFFF,0xFFFF,0xFFFF,0xFFFF,0xFFFF,
	0xFFFF,0xFFFF,0xFFFF,0xFFFF,0xFFFF,0xFFFF,0xFFFF,0xFFFF,
	0xFFFF,0xFFFF,0xFFFF,0xE2E7,0x0003,0xFFFF,0xFFFF,0xFFFF,
	0xFFFF,0xFFFF,0xFFFF,0xFFFF,0xFFFF,0xFFFF,0xFFFF,0xFFFF,
	0xFFFF,0xFFFF,0xFFFF,0xFFFF,0xFFFF,0xFFCE,0x0000,0x0000,
	0x0000,0x0000,0xC7FF,0xFFFF,0xFFFF,0xFFFF,0xFFFF,0xFFFF,
	0xFFFF,0xFFFF,0xFFFF,0xFFFF,0xFFFF,0xFFFF,0xFFFF,0xFFFF,
	0xFFFF,0xFFFF,0xFFFF,0xFF66,0x007E,0x7FFF,0xFFFF,0xFFFF,
	0xFFFF,0xFFFF,0xFFFF,0xFFFF,0xFFFF,0xFFFF,0xFFFF,0xFFFF,
	0xFFFF,0xFFFF,0xFFFF,0xFFFF,0xFFFF,0xFFCE,0x0000,0x0000,
	0x0000,0x0000,0xC7FF,0xFFFF,0xFFFF,0xFFFF,0xFFFF,0xFFFF,
	0xFFFF,0xFFFF,0xFFFF,0xFFFF,0xFFFF,0xFFFF,0xFFFF,0xFFFF,
	0xFFFF,0xFFFF,0xFFFF,0x8F62,0x0F00,0x7FFF,0xFFFF,0xFFFF,
	0xFFFF,0xFFFF,0xFFFF,0xFFFF,0xFFFF,0xFFFF,0xFFFF,0xFFFF,
	0xFFFF,0xFFFF,0xFFFF,0xFFFF,0xFFFF,0xFFCE,0x0000,0x0000,
	0x0000,0x0000,0xC7FF,0xFFFF,0xFFFF,0xFFFF,0xFFFF,0xFFFF,
	0xFFFF,0xFFFF,0xFFFF,0xFFFF,0xFFFF,0xFFFF,0xFFFF,0xFFFF,
	0xFFFF,0xFFFF,0xFFF2,0x31E0,0x13DD,0xE7FF,0xFFFF,0xFFFF,
	0xFFFF,0xFFFF,0xFFFF,0xFFFF,0xFFFF,0xFFFF,0xFFFF,0xFFFF,
	0xFFFF,0xFFFF,0xFFFF,0xFFFF,0xFFFF,0xFFCE,0x0000,0x0000,
	0x0000,0x0000,0xC7FF,0xFFFF,0xFFFF,0xFFFF,0xFFFF,0xFFFF,
	0xFFFF,0xFFFF,0xFFFF,0xFFFF,0xFFFF,0xFFFF,0xFFFF,0xFFFF,
	0xFFFF,0xFFFF,0xFF80,0x0040,0x0040,0x0CFF,0xFFFF,0xFFFF,
	0xFFFF,0xFFFF,0xFFFF,0xFFFF,0xFFFF,0xFFFF,0xFFFF,0xFFFF,
	0xFFFF,0xFFFF,0xFFFF,0xFFFF,0xFFFF,0xFFCE,0x0000,0x0000,
	0x0000,0x0000,0xC7FF,0xFFFF,0xFFFF,0xFFFF,0xFFFF,0xFFFF,
	0xFFFF,0xFFFF,0xFFFF,0xFFFF,0xFFFF,0xFFFF,0xFFFF,0xFFFF,
	0xFFFF,0xFFFF,0xFE00,0x081C,0xC001,0xF01F,0xFFFF,0xFFFF,
	0xFFFF,0xFFFF,0xFFFF,0xFFFF,0xFFFF,0xFFFF,0xFFFF,0xFFFF,
	0xFFFF,0xFFFF,0xFFFF,0xFFFF,0xFFFF,0xFFCE,0x0000,0x0000,
	0x0000,0x0000,0xC7FF,0xFFFF,0xFFFF,0xFFFF,0xFFFF,0xFFFF,
	0xFFFF,0xFFFF,0xFFFF,0xFFFF,0xFFFF,0xFFFF,0xFFFF,0xFFFF,
	0xFFFF,0xFFFF,0xFE01,0xDFC8,0x6A61,0xAA5F,0xFFFF,0xFFFF,
	0xFFFF,0xFFFF,0xFFFF,0xFFFF,0xFFFF,0xFFFF,0xFFFF,0xFFFF,
	0xFFFF,0xFFFF,0xFFFF,0xFFFF,0xFFFF,0xFFCE,0x0000,0x0000,
	0x0000,0x0000,0xC7FF,0xFFFF,0xFFFF,0xFFFF,0xFFFF,0xFFFF,
	0xFFFF,0xFFFF,0xFFFF,0xFFFF,0xFFFF,0xFFFF,0xFFFF,0xFFFF,
	0xFFFF,0xFFFF,0xFE60,0x7C00,0x0001,0x61DF,0xFFFF,0xFFFF,
	0xFFFF,0xFFFF,0xFFFF,0xFFFF,0xFFFF,0xFFFF,0xFFFF,0xFFFF,
	0xFFFF,0xFFFF,0xFFFF,0xFFFF,0xFFFF,0xFFCE,0x0000,0x0000,
	0x0000,0x0000,0xC7FF,0xFFFF,0xFFFF,0xFFFF,0xFFFF,0xFFFF,
	0xFFFF,0xFFFF,0xFFFF,0xFFFF,0xFFFF,0xFFFF,0xFFFF,0xFFFF,
	0xFFFF,0xFFFF,0xFEFF,0xE000,0x000E,0xFF9F,0xFFFF,0xFFFF,
	0xFFFF,0xF000,0x0BFC,0xFFFF,0xFFFF,0xFFFF,0xFFFF,0xFFFF,
	0xFFFF,0xFFFF,0xFFFF,0xFFFF,0xFFFF,0xFFCE,0x0000,0x0000,
	0x0000,0x0000,0xC7FF,0xFFFF,0xFFFF,0xFFFF,0xFFFF,0xFFFF,
	0xFFFF,0xFFFF,0xFFFF,0xFFFF,0xFFFF,0xFFFF,0xFFFF,0xFFFF,
	0xFFFF,0xFFFF,0xFEF9,0xD900,0x0000,0xB9DF,0xFFFF,0xFFFF,
	0xFFFA,0x0FFF,0xFF0F,0xFFFF,0x8FFF,0xFFFF,0xFFFF,0xFFFF,
	0xFFFF,0xFFFF,0xFFFF,0xFFFF,0xFFFF,0xFFCE,0x0000,0x0000,
	0x0000,0x0000,0xC7FF,0xFFFF,0xFFFF,0xFFFF,0xFFFF,0xFFFF,
	0xFFFF,0xFFFF,0xFFFF,0xFFFF,0xFFFF,0xFFFF,0xFFFF,0xFFFF,
	0xFFFF,0xFFFF,0xFEE0,0xC83F,0xFFA1,0xB15F,0xFFFF,0xFFFF,
	0xFFF0,0x7B81,0xEA0F,0xFFFF,0x0BFF,0xFFFF,0xFFFF,0xFFFF,
	0xFFFF,0xFFFF,0xFFFF,0xFFFF,0xFFFF,0xFFCE,0x0000,0x0000,
	0x0000,0x0000,0xC7FF,0xFFFF,0xFFFF,0xFFFF,0xFFFF,0xFFFF,
	0xFFFF,0xFFFF,0xFFFF,0xFFFF,0xFFFF,0xFFFF,0xFFFF,0xFFFF,
	0xFFFF,0xFFFF,0xFF70,0x9830,0x3860,0xB39F,0xFFFF,0xFFFF,
	0xFF8F,0xCF4F,0xE017,0xFFFF,0xB3FF,0xFFFF,0xFFFF,0xFFFF,
	0xFFFF,0xFFFF,0xFFFF,0xFFFF,0xFFFF,0xFFCE,0x0000,0x0000,
	0x0000,0x0000,0xC7FF,0xFFFF,0xFFFF,0xFFFF,0xFFFF,0xFFFF,
	0xFFFF,0xFFFF,0xFFFF,0xFFFF,0xFFFF,0xFFFF,0xFFFF,0xFFFF,
	0xFFFF,0xFFFF,0xFE00,0xC83F,0xFBA7,0xB81F,0xFFFF,0xFFFF,
	0xFC7F,0xDF47,0xA0CB,0x1FFF,0x83FF,0xFFFF,0xFFFF,0xFFFF,
	0xFFFF,0xFFFF,0xFFFF,0xFFFF,0xFFFF,0xFFCE,0x0000,0x0000,
	0x0000,0x0000,0xC7FF,0xFFFF,0xFFFF,0xFFFF,0xFFFF,0xFFFF,
	0xFFFF,0xFFFF,0xFFFF,0xFFFF,0xFFFF,0xFFFF,0xFFFF,0xFFFF,
	0xFFFF,0xFFFF,0xFEF8,0x0000,0x4007,0xE01F,0xFFFF,0xFFFE,
	0xFFFC,0xFF80,0x0003,0xFCBF,0x83FF,0xFFFF,0xFFFF,0xFFFF,
	0xFFFF,0xFFFF,0xFFFF,0xFFFF,0xFFFF,0xFFCE,0x0000,0x0000,
	0x0000,0x0000,0xC7FF,0xFFFF,0xFFFF,0xFFFF,0xFFFF,0xFFFF,
	0xFFFF,0xFFFF,0xFFFF,0xFFFF,0xFFFF,0xFFFF,0xFFFF,0xFFFF,
	0xFFFF,0xFFFF,0xFE1F,0x8070,0x0060,0x003F,0xFFFF,0xFFFC,
	0xFFFF,0xFF83,0xF003,0xFFFF,0xE3FF,0xFFFF,0xFFFF,0xFFFF,
	0xFFFF,0xFFFF,0xFFFF,0xFFFF,0xFFFF,0xFFCE,0x0000,0x0000,
	0x0000,0x0000,0xC7FF,0xFFFF,0xFFFF,0xFFFF,0xFFFF,0xFFFF,
	0xFFFF,0xFFFF,0xFFFF,0xFFFF,0xFFFF,0xFFFF,0xFFFF,0xFFFF,
	0xFFFF,0xFFFF,0xFFF3,0x8000,0x0000,0x00FF,0xFFFF,0xFFE0,
	0xE7E7,0xFE7F,0xF00F,0xFFCF,0xA3FF,0xFFFF,0xFFFF,0xFFFF,
	0xFFFF,0xFFFF,0xFFFF,0xFFFF,0xFFFF,0xFFCE,0x0000,0x0000,
	0x0000,0x0000,0xC7FF,0xFFFF,0xFFFF,0xFFFF,0xFFFF,0xFFFF,
	0xFFFF,0xFFFF,0xFFFF,0xFFFF,0xFFFF,0xFFFF,0xFFFF,0xFFFF,
	0xFFFF,0xFFFF,0xFFFC,0x01E0,0x0000,0x07FF,0xFFFF,0xFFE0,
	0xEFFF,0xFC60,0x0007,0xFFDF,0x03FF,0xFFFF,0xFFFF,0xFFFF,
	0xFFFF,0xFFFF,0xFFFF,0xFFFF,0xFFFF,0xFFCE,0x0000,0x0000,
	0x0000,0x0000,0xC7FF,0xFFFF,0xFFFF,0xFFFF,0xFFFF,0xFFFF,
	0xFFFF,0xFFFF,0xFFFF,0xFFFF,0xFFFF,0xFFFC,0x0001,0xFFFF,
	0xFFFF,0xFFFF,0xFFFF,0xE000,0x0000,0x37FF,0xFFFF,0xFF80,
	0x19FF,0xFC70,0x001F,0xFFC0,0x03FF,0xFFFF,0xFFFF,0xFFFF,
	0xFFFF,0xFFFF,0xFFFF,0xFFFF,0xFFFF,0xFFCE,0x0000,0x0000,
	0x0000,0x0000,0xC7FF,0xFFFF,0xFFFF,0xFFFF,0xFFFF,0xFFFF,
	0xFFFF,0xFFFF,0xFFFF,0xFFFF,0xFFFF,0xFC50,0x1DFF,0x81FF,
	0xFFFF,0xFFFF,0xFFE0,0x0200,0x0000,0x00FF,0xFFFF,0xFF83,
	0x01FB,0xF830,0x03FF,0xFFC0,0x03FF,0xFFFF,0xFFFF,0xFFFF,
	0xFFFF,0xFFFF,0xFFFF,0xFFFF,0xFFFF,0xFFCE,0x0000,0x0000,
	0x0000,0x0000,0xC7FF,0xFFFF,0xFFFF,0xFFFF,0xFFFF,0xFFFF,
	0xFFFF,0xFFFF,0xFFFF,0xFFFF,0xFFFF,0xFE00,0x1FFF,0xFE7B,
	0xFFFF,0xFFFF,0xFFE0,0x0F0E,0x0010,0x5FFF,0xFFFF,0xFF80,
	0x3C88,0xA047,0xF3FF,0xFF3F,0x83FF,0xFFFF,0xFFFF,0xFFFF,
	0xFFFF,0xFFFF,0xFFFF,0xFFFF,0xFFFF,0xFFCE,0x0000,0x0000,
	0x0000,0x0000,0xC7FF,0xFFFF,0xFFFF,0xFFFF,0xFFFF,0xFFFF,
	0xFFFF,0xFFFF,0xFFFF,0xFFFF,0xFFFF,0xFE61,0xE7CF,0xFFC1,
	0xFFFF,0xFFFF,0xFFE0,0x6610,0x139C,0x66FF,0xFFFF,0xFFA3,
	0x8001,0x0049,0xF3FF,0x0038,0x03FF,0xFFFF,0xFFFF,0xFFFF,
	0xFFFF,0xFFFF,0xFFFF,0xFFFF,0xFFFF,0xFFCE,0x0000,0x0000,
	0x0000,0x0000,0xC7FF,0xFFFF,0xFFFF,0xFFFF,0xFFFF,0xFFFF,
	0xFFFF,0xFFFF,0xFFFF,0xFFFF,0xFFFF,0xC00F,0x1FF4,0x7FFF,
	0x7FFF,0xFFFF,0xFFE7,0xC00E,0xFB9D,0xEAFF,0xFFFF,0xFFF0,
	0x0818,0x0C7F,0xF000,0x3F38,0x03FF,0xFFFF,0xFFFF,0xFFFF,
	0xFFFF,0xFFFF,0xFFFF,0xFFFF,0xFFFF,0xFFCE,0x0000,0x0000,
	0x0000,0x0000,0xC7FF,0xFFFF,0xFFFF,0xFFFF,0xFFFF,0xFFFF,
	0xFFFF,0xFFFF,0xFFFF,0xFFFF,0xFFFF,0xC3FF,0xFFE3,0x1FFF,
	0x7FFF,0xFFFF,0xFFE5,0x8F0F,0x1F9C,0x00FF,0xFFFF,0xFFFF,
	0xE21F,0xF000,0x0002,0xF810,0x73FF,0xFFFF,0xFFFF,0xFFFF,
	0xFFFF,0xFFFF,0xFFFF,0xFFFF,0xFFFF,0xFFCE,0x0000,0x0000,
	0x0000,0x0001,0xC7FF,0xFFFF,0xFFFF,0xFFFF,0xFFFF,0xFFFF,
	0xFFFF,0xFFFF,0xFFFF,0xFFFF,0xFFEC,0xFFFF,0x9FE1,0x000E,
	0x7FFF,0xFFFF,0xFFE4,0x0412,0xCB80,0xE0FF,0xFFFF,0xF07E,
	0x0004,0xF872,0x7007,0xC230,0x03FF,0xFFFF,0xFFFF,0xFFFF,
	0xFFFF,0xFFFF,0xFFFF,0xFFFF,0xFFFF,0xFFCE,0x0000,0x0000,
	0x0000,0x0001,0xC7FF,0xFFFF,0xFFFF,0xFFFF,0xFFFF,0xFFFF,
	0xFFFF,0xFFFF,0xFFFF,0xFFFF,0xFF81,0xDAFD,0x9802,0x81FB,
	0xFFFF,0xFFFF,0xFFE4,0xA302,0x0F80,0x80FF,0xFFFF,0xF168,
	0x7FFC,0xB060,0x027F,0x07F3,0x13FF,0xFFFF,0xFFFF,0xFFFF,
	0xFFFF,0xFFFF,0xFFFF,0xFFFF,0xFFFF,0xFFCE,0x0000,0x0000,
	0x0000,0x0001,0xC7FF,0xFFFF,0xFFFF,0xFFFF,0xFFFF,0xFFFF,
	0xFFFF,0xFFFF,0xFFFF,0xFFFF,0xFE07,0xFC01,0xB802,0xF800,
	0xFFFF,0xFFFF,0xFFE4,0x8042,0x0380,0x00FF,0xFFFF,0x8000,
	0x6080,0x5000,0x3800,0x11F3,0x91FF,0xFFFF,0xFFFF,0xFFFF,
	0xFFFF,0xFFFF,0xFFFF,0xFFFF,0xFFFF,0xFFCE,0x0000,0x0000,
	0x0000,0x0001,0xC7FF,0xFFFF,0xFFFF,0xFFFF,0xFFFF,0xFFFF,
	0xFFFF,0xFFFF,0xFFFF,0xFFFF,0xFEFF,0xFF05,0x8000,0x0000,
	0xFFFF,0xFFFF,0xFFE6,0x6742,0x0384,0x00FF,0xFFFF,0x8D01,
	0x0700,0x0007,0xFC0B,0xF1F3,0x03FF,0xFFFF,0xFFFF,0xFFFF,
	0xFFFF,0xFFFF,0xFFFF,0xFFFF,0xFFFF,0xFFCE,0x0000,0x0000,
	0x0000,0x0001,0xC7FF,0xFFFF,0xFFFF,0xFFFF,0xFFFF,0xFFFF,
	0xFFFF,0xFFFF,0xFFFF,0xFFFF,0xFEFF,0xFF9D,0xFFFF,0x0191,
	0xFFFF,0xFFFF,0xFFFF,0xE702,0x0782,0x0EFF,0xFFFE,0x2BFE,
	0xFBC0,0xFC1F,0xFCB0,0xE1F0,0x01FF,0xFFFF,0xFFFF,0xFFFF,
	0xFFFF,0xFFFF,0xFFFF,0xFFFF,0xFFFF,0xFFCE,0x0000,0x0000,
	0x0000,0x0001,0xC7FF,0xFFFF,0xFFFF,0xFFFF,0xFFFF,0xFFFF,
	0xFFFF,0xFFFF,0xFFFF,0xFFFF,0x31EF,0xFF6C,0x001F,0x3FFF,
	0xFFB7,0xFFFF,0xFFFE,0x6700,0x1F02,0xAFFF,0xFFFF,0x8000,
	0x0000,0x4003,0xBFFF,0xD1F3,0x81FF,0xFFFF,0xFFFF,0xFFFF,
	0xFFFF,0xFFFF,0xFFFF,0xFFFF,0xFFFF,0xFFCE,0x0000,0x0000,
	0x0000,0x0001,0xC7FF,0xFFFF,0xFFFF,0xFFFF,0xFFFF,0xFFFF,
	0xFFFF,0xFFFF,0xFFFF,0xFFFF,0x2A6D,0xFFD4,0x00FF,0x3FFF,
	0xFF09,0xFFFF,0xFFE6,0x2402,0x053E,0x227F,0xFFFF,0x7C04,
	0xE341,0x4001,0xD010,0xD9FB,0x01FF,0xFFFF,0xFFFF,0xFFFF,
	0xFFFF,0xFFFF,0xFFFF,0xFFFF,0xFFFF,0xFFCE,0x0000,0x0000,
	0x0000,0x0001,0xC7FF,0xFFFF,0xFFFF,0xFFFF,0xFFFF,0xFFFF,
	0xFFFF,0xFFFF,0xFFFF,0xFFFC,0x3F1A,0x7C00,0x07FF,0x3FFF,
	0xC14B,0x3FFF,0xFFE4,0x2184,0x020E,0x027F,0xFFFF,0xCC00,
	0x0007,0x2071,0x9313,0x19E1,0x21FF,0xFFFF,0xFFFF,0xFFFF,
	0xFFFF,0xFFFF,0xFFFF,0xFFFF,0xFFFF,0xFFCE,0x0000,0x0000,
	0x0000,0x0001,0xC7FF,0xFFFF,0xFFFF,0xFFFF,0xFFFF,0xFFFF,
	0xFFFF,0xFFFF,0xFFFF,0xFFFC,0x21F9,0x2005,0x7FFF,0x3BF0,
	0x1F9F,0x3FFF,0xFFE4,0x0780,0x9100,0x02FF,0xFFFF,0xFE00,
	0x006D,0x107B,0xF08F,0xD9E8,0x01FF,0xFFFF,0xFFFF,0xFFFF,
	0xFFFF,0xFFFF,0xFFFF,0xFFFF,0xFFFF,0xFDCE,0x0000,0x0000,
	0x0000,0x0001,0xC7FF,0xFFFF,0xFFFF,0xFFFF,0xFFFF,0xFFFF,
	0xFFFF,0xFFFF,0xFFFF,0xFFFC,0xC00D,0x9001,0x04B9,0x003E,
	0x601F,0x3FFF,0xFFE6,0x0788,0x078E,0x2A7F,0xFFFF,0xEFFE,
	0x7CD9,0x087F,0xF000,0x01FF,0x01FF,0xFFFF,0xFFFF,0xFFFF,
	0xFFFF,0xFFFF,0xFFFF,0xFFFF,0xFFFF,0xF80E,0x0000,0x0000,
	0x0000,0x0001,0xC7FF,0xFFFF,0xFFFF,0xFFFF,0xFFFF,0xFFFF,
	0xFFFF,0xFFFF,0xFFFF,0xFFFC,0xE080,0x3FF3,0x8000,0x0BFF,
	0x8F1F,0x3FFF,0xF804,0x0685,0x8106,0x0A07,0xFFFF,0xC7E3,
	0x7CE9,0x1070,0x0D3B,0xC1F0,0x3FFF,0xFFFF,0xFFFF,0xFFFF,
	0xFFFF,0xFFFF,0xFFFF,0xFFFF,0xFFFF,0xF80E,0x0000,0x0000,
	0x0000,0x0001,0xC7FF,0xFFFF,0xFFFF,0xFFFF,0xFFFF,0xFFFF,
	0xFFFF,0xFFFF,0xFFFF,0xFFFC,0xE1D0,0x01E0,0x0000,0x7E50,
	0x041F,0x0000,0x07E1,0x8682,0x013E,0x00FB,0xFFFF,0xC06D,
	0x3CE5,0x003F,0x0000,0x41F3,0xCFFF,0xFFFF,0xFFFF,0xFFFF,
	0xFFFF,0xFFFF,0xFFFF,0xFFFF,0xFBFF,0xF80E,0x0000,0x0000,
	0x0000,0x0001,0xC7FF,0xFFFF,0xFFFF,0xFFFF,0xFFFF,0xFFFF,
	0xFFFF,0xFFFF,0xFFFF,0xFDF0,0xE100,0x0003,0xC000,0x0000,
	0x0C1F,0x27CF,0x9C6C,0x068E,0xFDBE,0x481D,0xFFFF,0xC062,
	0x7CC8,0x060E,0x0003,0x13F7,0xEFFF,0xFFFF,0xFFFF,0xFFFF,
	0xFFFF,0xFFFF,0xFFFF,0xFFFF,0xE3FE,0x800E,0x0000,0x0000,
	0x0000,0x0001,0xC7FF,0xFFFF,0xFFFF,0xFFFF,0xFFFF,0xFFFF,
	0xFFFF,0xFFFF,0xFFFF,0x0110,0xE000,0x1F80,0x0000,0x0000,
	0x4C1F,0x3EDF,0xF80C,0x031C,0x3B80,0x0806,0xFFFF,0xC6F0,
	0x4016,0x7E2E,0x1139,0x03F0,0x05FF,0xFFFF,0xFFFF,0xFFFF,
	0xFFFF,0xFFFF,0xFFFF,0xFFFF,0x07FE,0xC38E,0x0000,0x0000,
	0x0000,0x0001,0xC7FF,0xFFFF,0xFFFF,0xFFFF,0xFFFF,0xFFFF,
	0xFFFF,0xFFFF,0xFFFD,0xFCE8,0xC201,0x0007,0xC000,0x0F80,
	0x481F,0x000A,0x786E,0x001E,0x0C00,0x0872,0x87FF,0xCE00,
	0xD45A,0x0070,0x1910,0x0000,0x01FF,0xFFFF,0xFFFF,0xFFFF,
	0xFFFF,0xFFFF,0xFFFF,0xFFFF,0x9080,0x000E,0x0000,0x0000,
	0x0000,0x0001,0xC7FF,0xFFFF,0xFFFF,0xFFFF,0xFFFF,0xFFFF,
	0xFFFF,0xFFFF,0xFFFD,0xC028,0xC002,0x0003,0xE002,0x0000,
	0x4C1F,0x0079,0x3FFF,0xF810,0x7883,0xFFA3,0x81A0,0x0037,
	0xFFF0,0x001F,0xD910,0x0000,0x000F,0xFFFF,0xFFFF,0xFFFF,
	0xFFFF,0xFFFF,0xFFFF,0xFFFE,0x6700,0x008E,0x0000,0x0000,
	0x0000,0x0001,0xC7FF,0xFFFF,0xFFFF,0xFFFF,0xFFFF,0xFFFF,
	0xFFFF,0xFFFF,0xFFC0,0x8088,0xC100,0x1C23,0xE000,0x5800,
	0x4C1F,0x0001,0xD3D0,0x5FFF,0xFFFF,0xFFFC,0x8200,0x0000,
	0x0000,0x0001,0x9802,0x0000,0x000F,0xFFFF,0xFFFF,0xFFFF,
	0xFFFF,0xFFFF,0xFFFF,0xFFFF,0xB60F,0x00CE,0x0000,0x0000,
	0x0000,0x0001,0xC7FF,0xFFFF,0xFFFF,0xFFFF,0xFFFF,0xFFFF,
	0xFFFF,0xFFFF,0xFF8E,0x4022,0xE000,0x0C0F,0x19C4,0x00A4,
	0x5C00,0x1031,0x7040,0x0A3E,0xFFFC,0x0008,0x2000,0x01FC,
	0x03F8,0x200B,0x9C22,0x0E04,0xFE07,0xFFFF,0xFFFF,0xFFFF,
	0xFFFF,0xFFFF,0xFFFF,0xFFFF,0xFFA0,0x008E,0x0000,0x0000,
	0x0000,0x0001,0xC7FF,0xFFFF,0xFFFF,0xFFFF,0xFFFF,0xFFFF,
	0xFFFF,0xFFFF,0xFFBE,0x4713,0xF9E0,0x0800,0x2C0F,0xCF8C,
	0x5D02,0x283E,0x7400,0x0100,0x01F2,0x0036,0x2A07,0x807F,
	0x0BC6,0x0000,0x0000,0x0FC0,0x7C24,0xFFFF,0xFFFF,0xFFFF,
	0xFFFF,0xFFFF,0xFFFF,0xFFFF,0xF0FE,0x000E,0x0000,0x0000,
	0x0000,0x0001,0xC7FF,0xFFFF,0xFFFF,0xFFFF,0xFFFF,0xFFFF,
	0xFFFF,0xFFFF,0xE3F2,0x7000,0x3CE0,0x3FF8,0x3BC3,0x0190,
	0x5C4E,0x0013,0x3FFC,0x0000,0x0000,0x308C,0x1800,0x0000,
	0x0800,0x3038,0x000F,0x0000,0x0010,0xFFFF,0xFFFF,0xFFFF,
	0xFFFF,0xFFFF,0xFFFF,0xFFF3,0xC1F4,0x400E,0x0000,0x0000,
	0x0000,0x0001,0xC7FF,0xFFFF,0xFFFF,0xFFFF,0xFFFF,0xFFFF,
	0xFFFF,0xFFFF,0x13F2,0x7000,0x4600,0x00A7,0xC1FF,0xE194,
	0x50C9,0x8010,0x800F,0x84FF,0xFF7C,0x9F00,0x0298,0xC01E,
	0x0005,0xF006,0x037F,0xF000,0x003C,0x7FFF,0xFFFF,0xFFFF,
	0xFFFF,0xFFFF,0xFFFF,0xFFFF,0x8100,0x500E,0x0000,0x0000,
	0x0000,0x0001,0xC7FF,0xFFFF,0xFFFF,0xFFFF,0xFFFF,0xFFFF,
	0xFFFF,0xFFFF,0x0000,0x0300,0x05FF,0xCE18,0xFFBF,0xE1AC,
	0x63D0,0x0014,0x9400,0x0400,0xA300,0x0000,0xC00C,0x0000,
	0x0007,0xC007,0xFFFF,0xFF00,0x005C,0x7FFF,0xFFFF,0xFFCF,
	0xFFFF,0xFFFF,0xFFFF,0xFFFE,0x0000,0x580E,0x0000,0x0000,
	0x0000,0x0001,0xC7FF,0xFFFF,0xFFFF,0xFFFF,0xFFFF,0xFFFF,
	0xFFFF,0xFFFF,0x0FD0,0x0018,0x187F,0xFFF0,0x0000,0x1FFF,
	0xE05F,0xDF11,0xF7F2,0x0000,0x4000,0x0070,0xC59C,0x0000,
	0x0E0E,0x007F,0xFFEF,0xA7F0,0x005C,0x03FF,0xFFFF,0xFFFF,
	0xFFFF,0xFFFF,0xFFFF,0xFFF8,0x0200,0x020E,0x0000,0x0000,
	0x0000,0x0000,0xC7FF,0xFFFF,0xFFFF,0xFFFF,0xFFFF,0xFFFF,
	0xFFFF,0xFFFF,0x01F0,0x0000,0x4007,0xFFF3,0xFC1F,0xFFFE,
	0x0CA0,0x0010,0xD7D8,0xB800,0x4603,0xE1FF,0x6590,0x0037,
	0xF006,0x18F1,0xFFFB,0x3873,0xFC60,0x83FF,0xFFFF,0xFFDF,
	0xFFFF,0xFFFF,0xFFF7,0xFFF5,0x8000,0x000E,0x0000,0x0000,
	0x0000,0x0000,0xC7FF,0xFFFF,0xFFFF,0xFFFF,0xFFFF,0xFFFF,
	0xFFFF,0xFFFF,0x0BF0,0x0000,0x0000,0x8000,0x00C0,0x3F06,
	0x4380,0xD010,0xD7C0,0x4180,0x0030,0x107F,0x4798,0xBFC0,
	0x7F3F,0x01F5,0xFFFB,0x200E,0x0000,0x010F,0xFFFF,0xFFFF,
	0xFFFF,0xFFFF,0xFFFF,0xFE7E,0x0040,0x000E,0x0000,0x0000,
	0x0000,0x0000,0xC7FF,0xFFFF,0xFFFF,0xFFFF,0xFFFF,0xFFFF,
	0xFFFF,0xFFFF,0x0BC2,0x1FC7,0x000E,0xF83E,0x0000,0x020F,
	0xC208,0x2F90,0xD7C3,0x0FF7,0xF9FE,0x1C7F,0xC78D,0xDFE1,
	0x00FF,0x3FDF,0xE005,0x200B,0x800D,0x0001,0xFFFF,0xFFFF,
	0xFFFF,0xFFFF,0xFFE3,0xFDFC,0x0100,0x000E,0x0000,0x0000,
	0x0000,0x0000,0xC7FF,0xFFFF,0xFFFF,0xFFFF,0xFFFF,0xFFFF,
	0xFFFF,0xFFFF,0xC863,0x0020,0x060F,0xE7FC,0xFF87,0xE7E0,
	0x0470,0x0411,0x47C8,0x180D,0xF789,0x8C6C,0xE700,0x0000,
	0x05FC,0x7FDF,0xFE1D,0x400B,0xC00F,0x000F,0xFFFF,0xFFFF,
	0xFFFF,0xFFFF,0xFFE3,0xFFF8,0x2000,0x000E,0x0000,0x0000,
	0x0000,0x0000,0xC7FF,0xFFFF,0xFFFF,0xFFFF,0xFFFF,0xFFFF,
	0xFFFF,0xFFFF,0xF008,0x00FC,0x8C38,0x0000,0xFC49,0x0060,
	0x0C60,0x0111,0x57C1,0x97FF,0xFC7F,0x107E,0x6519,0x7400,
	0x93FF,0x000E,0x13FD,0x11FF,0x5005,0x800F,0xFFFF,0xFFFF,
	0xFFFF,0xFFFF,0xFFE7,0x0600,0x6000,0x000E,0x0000,0x0000,
	0x0000,0x0000,0xC7FF,0xFFFF,0xFFFF,0xFFFF,0xFFFF,0xFFFF,
	0xFFFF,0xFFFF,0xF1C3,0x1CEC,0x0032,0x000C,0x8008,0x01E1,
	0x0078,0x0010,0x57C1,0xAE79,0xF7FF,0x107C,0xE600,0x0000,
	0x13FF,0xFF08,0x07E7,0x9DFF,0xF005,0x818F,0xFFFF,0xFFFF,
	0xFFFF,0xFFFF,0xFFFF,0x3E00,0x0080,0x1C0E,0x0000,0x0000,
	0x0000,0x0000,0xC7FF,0xFFFF,0xFFFF,0xFFFF,0xFFFF,0xFFFF,
	0xFFFF,0xFFFF,0x2003,0xFFFF,0xF008,0x0000,0x0000,0x0004,
	0x0038,0x0111,0x53C1,0xAE40,0x07FF,0x147C,0xE700,0x0000,
	0x43F9,0x7F00,0x0000,0x3FFF,0xFE07,0x879F,0xFFFF,0xFFFF,
	0xFFFF,0xFFFF,0xFFFF,0x3008,0x0400,0xFC0E,0x0000,0x0000,
	0x0000,0x0000,0xC7FF,0xFFFF,0xFFFF,0xFFFF,0xFFFF,0xFFFF,
	0xFFFF,0xFFFF,0x2863,0xB3F8,0x2200,0x0000,0x0000,0x0000,
	0x0000,0x0011,0x57C1,0xBE4C,0x067F,0x107C,0x6701,0xFE38,
	0x13FE,0x0461,0xFFDE,0x3EFF,0xFC07,0x8200,0xFFFF,0xFFFF,
	0xFFFF,0xFFFF,0xFF87,0x0000,0x6003,0xFC0E,0x0000,0x0000,
	0x0000,0x0000,0xC7FF,0xFFFF,0xFFFF,0xFFFF,0xFFFF,0xFFFF,
	0xFFFF,0xFFFF,0x06E0,0x0000,0x02C0,0x1F03,0xE29E,0xCFFC,
	0x02DC,0xC011,0x57C1,0x3F4E,0x07FE,0x167C,0x5308,0x0004,
	0x03B9,0x0060,0x007F,0x3FFF,0xC180,0x8000,0xFFF7,0xFFFF,
	0xFFFF,0xFFFF,0xFF06,0x000C,0x8007,0xE00E,0x0000,0x0000,
	0x0000,0x0000,0xC7FF,0xFFFF,0xFFFF,0xFFFF,0xFFFF,0xFFFF,
	0xFFFF,0xFFFF,0x0000,0x0000,0x32C0,0x0803,0xF800,0x0000,
	0x3300,0x0010,0x57C1,0x1F7C,0x637E,0x147C,0x63B0,0x0001,
	0x6FC0,0x0160,0x00FF,0x3FC0,0xBFC0,0x1800,0xFFDF,0xFFFF,
	0xFFFF,0xFFFF,0xFFE0,0x01E4,0x003F,0x180E,0x0000,0x0000,
	0x0000,0x0000,0xC7FF,0xFFFF,0xFFFF,0xFFFF,0xFFFF,0xFFFF,
	0xFFFF,0xFFFF,0x0C02,0x0F00,0x30E3,0xF013,0x9FFF,0x2080,
	0x3040,0x0000,0xD1C0,0x0FFF,0xBFFE,0x1C7C,0xE00E,0x0070,
	0x0000,0x0060,0x7FFD,0x0000,0xF8F0,0x8000,0xFFFF,0xFFFF,
	0xFFFF,0xFFFF,0xFFF0,0x0780,0x00FE,0x380E,0x0000,0x0000,
	0x0000,0x0001,0xC7FF,0xFFFF,0xFFFF,0xFFFF,0xFFFF,0xFFFF,
	0xFFFF,0xFFFF,0x0002,0x1F00,0xC468,0x0240,0x0000,0xF80C,
	0x0060,0x0051,0xD380,0x07FF,0x1FFE,0x1C7C,0x65B0,0x0C78,
	0x883F,0xC8BE,0x0000,0xF20F,0x9CF0,0x6001,0xFFFF,0xFFFF,
	0xFFFF,0xFFFF,0xFF00,0x9E80,0x00FC,0xF80E,0x0000,0x0000,
	0x0000,0x0001,0xC7FF,0xFFFF,0xFFFF,0xFFFF,0xFFFF,0xFFFE,
	0x7FFF,0xFFFF,0x0602,0x1E20,0x10E0,0x9860,0x03FF,0x19BC,
	0x2020,0x0991,0xD380,0x6CFF,0x1FE8,0x0600,0xE5B0,0x4863,
	0x18E1,0x0FFF,0xFBFC,0x0703,0xBCF0,0x0801,0xFFFF,0xFFFF,
	0xFFFF,0xFFFF,0xFF00,0x0800,0x00FC,0x000E,0x0000,0x0000,
	0x0000,0x0001,0xC7FE,0x3FFF,0xFFFF,0xFFFF,0xFFFF,0xFFFF,
	0xF6FC,0xE7FF,0x0002,0x0460,0x0C18,0x7BD0,0xFC00,0x4E80,
	0x7060,0x2691,0x53C0,0x0D7B,0x0EF0,0x0034,0xC530,0x400B,
	0x05C0,0x0000,0x0020,0x0007,0xFCF0,0x0005,0xF9CF,0xFFFF,
	0xFFFF,0xFFFF,0xFF1F,0x0000,0x00FC,0x000E,0x0000,0x0000,
	0x0000,0x0001,0xC7CE,0x3FFF,0xFFFF,0xFFFF,0xFFFF,0xE730,
	0x6FD3,0xFF00,0xD102,0x0000,0x6499,0xB900,0x0000,0x5026,
	0x0060,0x0711,0x70E3,0x03FF,0x3FF4,0x01F0,0x6500,0x03EB,
	0x1B00,0x0018,0x0078,0x3E00,0x7FF3,0xC827,0x3830,0x7FFF,
	0xFFFF,0xFFFF,0xFFFF,0x0000,0x00FC,0x000E,0x0000,0x0000,
	0x0000,0x0001,0xC6E9,0xFFFF,0xFFFF,0xFFFC,0xF3DF,0x39C1,
	0xFFF4,0x1CE0,0x3001,0x2E78,0x8821,0x8100,0x7FF8,0x08BF,
	0x2064,0x00D1,0x7330,0x0000,0x0000,0x2D18,0x6401,0x00EB,
	0x1A00,0x3E00,0x0003,0x2040,0x3FF2,0x01F5,0xE1E1,0xFBFC,
	0xFFFF,0xFFFF,0xFB78,0x0000,0x00F0,0x000E,0x0000,0x0000,
	0x0000,0x0001,0xC601,0xFFFF,0xFFFF,0xDE73,0x9E7B,0xF780,
	0x4FF4,0x0000,0x0F81,0x0000,0xE467,0x0300,0xFC01,0x000F,
	0x00C8,0x3159,0x773F,0x8000,0x0200,0xDF18,0x0587,0x8803,
	0x1A00,0x3E00,0x0000,0x36F8,0x0FF0,0x07F0,0x012F,0xCBE7,
	0xBFFF,0xFFFF,0xFB58,0x0000,0x0080,0x000E,0x0000,0x0000,
	0x0000,0x0001,0xC604,0x7FFF,0xFFFF,0xF79C,0x0000,0x000E,
	0x3F80,0x0009,0xF1B3,0xF818,0xE397,0x8102,0x03F8,0x4183,
	0x6C00,0x61C4,0x0BC0,0x0663,0x01C6,0x007A,0x9687,0x8813,
	0x1A01,0x8000,0x0000,0x025D,0x8CF2,0x1084,0x0080,0x6000,
	0x3CEF,0xF3FF,0xF878,0x0000,0x1000,0x000E,0x0000,0x0000,
	0x0000,0x0001,0xC606,0x7FFF,0xFFCF,0xF8F0,0x0000,0x00DF,
	0x7180,0xE001,0xC002,0x0000,0x01B0,0x8300,0x07F0,0x8780,
	0x0C40,0x01C4,0xC13F,0xFF87,0xF03F,0xFF80,0x0007,0x89F3,
	0x9A00,0x0000,0x0003,0x0100,0x8FF0,0x1F04,0x600F,0x0000,
	0x0000,0x0EFF,0xFFE0,0x0007,0xC003,0xE00E,0x0000,0x0000,
	0x0000,0x0001,0xC60F,0xFC1F,0xFF71,0xF000,0x0000,0x0191,
	0xC800,0x1446,0x1000,0x0018,0x2201,0x8905,0x0001,0x8381,
	0x6C40,0x1A6C,0x3F80,0x0039,0xF180,0x007B,0x2F87,0x8003,
	0x0200,0x8761,0xC01F,0x83F8,0x0FF3,0x8080,0x0646,0x0000,
	0x0038,0x03FF,0xFF60,0x005C,0x001F,0xE00E,0x0000,0x0000,
	0x0000,0x0001,0xC63F,0xD81F,0xF9CE,0xC000,0x0008,0x00C0,
	0x7100,0xE1D0,0xC604,0x7000,0x3F80,0x8935,0xFFCC,0x0E0E,
	0x6E00,0x39E4,0x03FF,0xFE00,0x0017,0xFFC5,0x3F81,0x81CB,
	0x1A00,0x0020,0x0007,0x03FC,0x8FF3,0x8000,0x0080,0x0002,
	0x180D,0x83FF,0xFFFC,0x03C0,0x01FF,0xE00E,0x0000,0x0000,
	0x0000,0x0001,0xC7FF,0x8FFF,0xC020,0x0000,0x0008,0x0000,
	0x4008,0x0000,0x0000,0x0003,0xFC43,0xC692,0x2600,0x044E,
	0x2E00,0x07E7,0x081C,0x10FF,0xFFFB,0xFFE3,0xF140,0x860C,
	0x0A00,0x1979,0x80A0,0x00F2,0x0FD8,0x8000,0x0440,0x0020,
	0xC400,0x03FC,0x1FFC,0x0140,0x07C0,0x1C0E,0x0000,0x0000,
	0x0000,0x0001,0xC7FF,0x8FFF,0x0000,0x0080,0x0001,0x0000,
	0x0000,0x0000,0x0000,0x0000,0x0001,0xE2F3,0xFF1A,0x104E,
	0x6880,0x01FB,0xFE7F,0x9000,0x0000,0x7FAF,0x3A69,0x4402,
	0x0800,0x187F,0x9BFF,0x0C00,0x4F9E,0x0000,0x0000,0x0002,
	0x1800,0x03E0,0x3FFC,0x00C0,0x0407,0xFC0E,0x0000,0x0000,
	0x0000,0x0001,0xC67C,0x1FFF,0x0002,0x2420,0x1040,0x0000,
	0x0000,0x0000,0x0000,0x0000,0x0000,0xA9F3,0xFF0A,0x4004,
	0x6048,0x1417,0xFE74,0x7C00,0x0014,0x04F6,0x02DC,0x8000,
	0x0000,0x185F,0xBF01,0x0070,0x0E1F,0x0000,0x0000,0x0000,
	0x0000,0x03FF,0xFFFC,0x0000,0x803F,0xFC0E,0x0000,0x0000,
	0x0000,0x0001,0xC67B,0xFFFF,0xF004,0x0000,0x0100,0x0000,
	0x0000,0x0000,0x0000,0x0000,0x0000,0xAFFF,0xFE20,0x5064,
	0x655B,0x0021,0xF83C,0x803F,0xFFD3,0xF3E2,0x0EC8,0x0008,
	0x0050,0x5E4C,0xFFC3,0x0037,0x5801,0x8300,0x0000,0x0000,
	0x0000,0x03FF,0xFFFC,0x006F,0x007F,0x000E,0x0000,0x0000,
	0x0000,0x0001,0xC607,0xCFFF,0x1800,0x0030,0x0003,0xE000,
	0x0000,0x0000,0x0000,0x0000,0x0000,0x09FF,0xFCFE,0x003E,
	0x647B,0xE800,0x0203,0x8CD9,0xF9A1,0x9001,0xFE40,0x0007,
	0x003E,0x1878,0x017B,0xC23F,0xB018,0x0000,0x0000,0x0000,
	0x0000,0x03FF,0xEB00,0x0001,0x00FC,0x000E,0x0000,0x0000,
	0x0000,0x0001,0xC602,0x0F9F,0xF800,0x3000,0x0001,0xFE00,
	0x0000,0x0000,0x0000,0x0000,0x0000,0x10FE,0x0D00,0x026D,
	0xF01F,0xCF0A,0x0180,0xE8C0,0x07A1,0xE2DC,0xFE11,0x0130,
	0x0E3F,0x7A40,0x2027,0xF930,0x0007,0x0000,0x0000,0x0000,
	0x0006,0x007F,0xE700,0x0000,0x01E4,0x000E,0x0000,0x0000,
	0x0000,0x0001,0xC603,0xFF9E,0xF81C,0x0000,0x0007,0xF800,
	0x0000,0x0000,0x0000,0x0038,0x0000,0x022F,0x5E80,0x0034,
	0x7C1F,0x65C1,0x4680,0x38C0,0x0000,0x6EFC,0xE0C0,0x0221,
	0x7F40,0x3984,0x0010,0x0090,0x3F40,0x1C00,0x0000,0x0000,
	0x0000,0x007F,0xFF00,0x0000,0x01E0,0x000E,0x0000,0x0000,
	0x0000,0x0001,0xC601,0x9E1F,0xF80C,0x0DDC,0x07FC,0x0000,
	0x0000,0x0000,0x0000,0x0000,0x0000,0x0020,0x0000,0x0000,
	0x781F,0x472C,0x0068,0xFC40,0x0017,0xE2E0,0x0E2E,0x0970,
	0x3CBF,0xC008,0x0000,0x090E,0x0E30,0x7E00,0x0000,0x0000,
	0x0000,0x33E7,0x4000,0x0000,0x0080,0x000E,0x0000,0x0000,
	0x0000,0x0001,0xC601,0xF07F,0xA000,0x0E1C,0x1FF8,0x0000,
	0x0000,0x0000,0x0010,0x0000,0x0000,0x001F,0xFFC0,0x0000,
	0x0005,0x87CE,0x7005,0xFCE0,0x00F7,0xE001,0xFE38,0x1693,
	0x7CFF,0xFFFF,0x8017,0xFE0C,0x01F0,0x7C00,0x0000,0x7E60,
	0x0000,0x03FC,0x0060,0x0000,0x0000,0x010E,0x0000,0x0000,
	0x0000,0x0001,0xC600,0x3FFF,0x3000,0xFFFB,0xDFC8,0x0000,
	0x0000,0x0000,0x0000,0x0000,0x0000,0x0000,0x0000,0x0000,
	0x0002,0x0700,0x77FD,0x3800,0x0000,0x0FFF,0x4010,0x7C13,
	0x01FE,0xFE77,0xFFF7,0xFFE8,0x2000,0x7400,0x0003,0xFFE0,
	0x0000,0x1FFC,0x03E0,0x003F,0xE000,0x000E,0x0000,0x0000,
	0x0000,0x0001,0xC63E,0x7FFF,0xF7C3,0xF801,0xFFC0,0x0000,
	0x0000,0x0000,0x0000,0x0000,0x0000,0x0000,0x0000,0x0000,
	0x0002,0x0437,0xF600,0xFFF8,0xA7FF,0xF800,0x2800,0x7013,
	0xA990,0xC00E,0x0010,0x00A8,0x0000,0x7C00,0x0000,0x7FE0,
	0x0001,0xFFFF,0x0700,0x07FF,0x001F,0x000E,0x0000,0x0000,
	0x0000,0x0001,0xC604,0x7FFF,0xEFFF,0xE003,0x9F80,0x0000,
	0x0000,0x0000,0x0003,0xB000,0x0000,0x0000,0x0000,0x0000,
	0x0000,0x048F,0xFFE0,0x0000,0xE000,0x007F,0xF801,0x4000,
	0x6070,0x018E,0x0030,0x0010,0x0003,0xFFF8,0xF03E,0x0000,
	0x0201,0xFFF8,0xE700,0x0FFF,0x0077,0x000E,0x0000,0x0000,
	0x0000,0x0001,0xC600,0x7FFF,0xE3C0,0x0000,0x0000,0x0000,
	0x0000,0x0000,0x0002,0x8018,0x0000,0x0000,0x0000,0x0000,
	0x0000,0x1900,0x300F,0xF8FF,0xDFC1,0xFE19,0x0000,0x7000,
	0x0400,0x0000,0xFFF2,0x0016,0x2001,0x80FF,0xF83E,0x0780,
	0x18C1,0xFFFF,0x0000,0x7FC0,0x0380,0x000E,0x0000,0x0000,
	0x0000,0x0001,0xC600,0x0007,0xE7C0,0x0000,0x1000,0xE000,
	0x0004,0x0000,0x0003,0x0000,0x0000,0x0000,0x0000,0x0000,
	0x0000,0x0700,0x001F,0x2400,0x0500,0x1F02,0x1039,0xF000,
	0x000F,0xFF80,0x0000,0x0080,0x0001,0x80FF,0xE00F,0x9F80,
	0x1801,0xFBF7,0x0000,0x0000,0x1000,0x000E,0x0000,0x0000,
	0x0000,0x0001,0xC608,0x401F,0xFFC0,0x0000,0x0400,0xC000,
	0x0003,0x00C2,0x0003,0xF800,0x0000,0x0000,0x0000,0x0000,
	0x0000,0x01D0,0x0018,0x001E,0x019E,0x0000,0x0100,0x0000,
	0x0000,0x0000,0x0000,0x0000,0x0180,0x0000,0x01FF,0xFFE0,
	0x0001,0xF370,0x0000,0x0000,0x0000,0x000E,0x0000,0x0000,
	0x0000,0x0001,0xC600,0x4000,0x7FC0,0x0000,0x0438,0x0000,
	0x0004,0x00E3,0x0000,0x0000,0x000C,0x0180,0x0000,0x0000,
	0x0000,0x0000,0x0088,0x881F,0x7380,0x0080,0x1800,0x0000,
	0x0000,0x0000,0x0000,0x0000,0x0000,0x0000,0x01FF,0xF000,
	0x0030,0x1420,0x0018,0x0000,0x0200,0x000E,0x0000,0x0000,
	0x0000,0x0001,0xC603,0xE000,0xFFF0,0x000C,0x0400,0x0001,
	0xFC03,0x0000,0xC000,0x0000,0x0030,0x0380,0x0000,0x0000,
	0x0000,0x0000,0x0017,0x0800,0x0100,0x301F,0x0000,0x0000,
	0x0000,0x0000,0x03FC,0x0000,0x0000,0x0000,0x0000,0x0C00,
	0x0000,0x71FC,0x00F8,0x0000,0x0000,0x000E,0x0000,0x0000,
	0x0000,0x0001,0xC603,0xC00F,0xFFFF,0xC000,0x0000,0x0000,
	0x1000,0x0000,0x0000,0x0000,0x0000,0x0388,0x0000,0x0180,
	0x0000,0x0000,0x000B,0x0000,0x0000,0x7C07,0x8000,0x0000,
	0x0000,0x0000,0x007C,0x0000,0x0000,0x0000,0x0000,0x7000,
	0x000F,0xC1FC,0x02FC,0x8000,0x0000,0x000E,0x0000,0x0000,
	0x0000,0x0001,0xC600,0xEF8F,0xFFFF,0xF000,0x0000,0x0000,
	0x0000,0x0000,0x007C,0x0000,0x0000,0x0000,0x0001,0xC180,
	0x0000,0x0000,0x0000,0x3F00,0x0000,0x0003,0x8000,0x0000,
	0x0000,0x0000,0x0000,0x0000,0x0000,0x0000,0x0000,0x0000,
	0x3E0F,0xEFE0,0x0006,0x3000,0x0000,0x000E,0x0000,0x0000,
	0x0000,0x0001,0xC63E,0x2FEF,0xFFFF,0xF000,0x1000,0x0000,
	0x0000,0x0000,0x007C,0x0000,0x0000,0x0000,0x0000,0x0600,
	0x0060,0x0000,0x0000,0x0000,0x0000,0x0000,0x0000,0x0000,
	0x0000,0x0000,0x0000,0x0000,0x0000,0x0000,0x0000,0x0070,
	0x1FFF,0xF380,0x0000,0x6000,0x00FF,0xE00E,0x0000,0x0000,
	0x0000,0x0001,0xC63F,0x8003,0xFFFF,0xFFFC,0x1000,0x0000,
	0x0000,0x0000,0x007C,0x001F,0x0000,0x0000,0x0000,0x3000,
	0x0000,0x0000,0x0000,0xF800,0x0000,0x0000,0x0E00,0x0000,
	0x0000,0x0000,0x0000,0x0000,0x0000,0x0000,0x000E,0x0003,
	0xFFFF,0xFE00,0x0844,0x0000,0x0FFF,0xE00E,0x0000,0x0000,
	0x0000,0x0001,0xC63F,0x8070,0x07FF,0xFFFC,0x78E0,0x0000,
	0x0000,0x0000,0x0000,0x0010,0x0000,0x0000,0x0000,0x0000,
	0x0003,0x8000,0x0000,0x0000,0x0000,0x0000,0x0000,0x0000,
	0x0000,0x0000,0x0000,0x0000,0x0000,0x0000,0x0030,0x0003,
	0xEFFF,0xFE00,0x0F10,0x0000,0x3FFF,0x800E,0x0000,0x0000,
	0x0000,0x0001,0xC60F,0xE064,0x01F8,0x7FFF,0xFB60,0x01C0,
	0x0000,0x0000,0x0000,0x0000,0x0000,0x0000,0x0001,0x8000,
	0x0000,0x0000,0x0000,0x0000,0x0000,0x0000,0x0000,0x0000,
	0x0000,0x0000,0x0000,0x0000,0x0000,0x0000,0x000E,0x0003,
	0xFFFF,0xF1FC,0x00C0,0x0003,0xFFE0,0x000E,0x0000,0x0000,
	0x0000,0x0001,0xC003,0xC7F8,0x01F8,0x7FFF,0xE0E0,0x0000,
	0x0000,0x0000,0x0000,0x0000,0x0000,0x0000,0x0000,0x0000,
	0x0060,0x0001,0xE000,0x07F8,0x0000,0x0000,0x0180,0x0000,
	0x000A,0x0000,0x0000,0x0000,0x0000,0x0000,0x0000,0x7C1F,
	0xFFFF,0xF003,0xE000,0x0003,0x9F80,0x000E,0x0000,0x0000,
	0x0000,0x0001,0xC000,0x03FF,0x003C,0x19FF,0x1F00,0x0000,
	0x0000,0x0000,0x0000,0x0000,0x0000,0x0000,0x0038,0x007C,
	0x0000,0x0000,0x0000,0x0000,0x0000,0x0000,0x0000,0x0000,
	0x0000,0x0000,0x0000,0x0000,0x0000,0x0000,0x0000,0x001F,
	0xFFEF,0xF0E3,0x8780,0x0000,0x1F00,0x000E,0x0000,0x0000,
	0x0000,0x0001,0xC000,0x01CF,0xF03F,0x9DFF,0x7F00,0x0000,
	0x0F8C,0x07E0,0x3E00,0x0000,0x0000,0x0000,0x0000,0x0000,
	0x0000,0x0000,0x0000,0x0000,0x0000,0x0000,0x0000,0x0000,
	0x0000,0x0000,0x0000,0x0000,0x0000,0x0000,0x0000,0x001F,
	0xFFC1,0xFF83,0x9FE0,0x0000,0x0008,0x000E,0x0000,0x0000,
	0x0000,0x0001,0xC000,0x01E0,0xFC0F,0xE43F,0xFF30,0x0000,
	0x039C,0x07E0,0x0E00,0x0000,0x0000,0x0000,0x0000,0x0000,
	0x0000,0x0000,0x0000,0x0000,0x0000,0x00C0,0x0000,0x0000,
	0x0000,0x0000,0x0000,0x0000,0x0000,0x0000,0x0000,0x001F,
	0xFFC1,0xFE00,0x1FFC,0x0004,0x6300,0x000E,0x0000,0x0000,
	0x0000,0x0001,0xC010,0x0050,0xFF8B,0xFC1F,0xFD3F,0x0000,
	0x007C,0x00E0,0x0000,0x0000,0x0000,0x0000,0x0000,0x0000,
	0x0000,0x0000,0x0000,0x0018,0x0000,0x0000,0x0000,0x0000,
	0x0000,0x0000,0x0000,0x0000,0x0000,0x001C,0x3FFF,0xC01F,
	0xFFC1,0xF00F,0x9FFF,0x0000,0x0800,0x000E,0x0000,0x0000,
	0x0000,0x0001,0xC000,0x0000,0x0F81,0xF80F,0x1FFF,0xC000,
	0x0000,0x0000,0x0000,0x0000,0x0000,0x0060,0x0000,0x0000,
	0x0000,0x0000,0x0000,0x0018,0x0000,0x0000,0x0000,0x0C00,
	0x0000,0x0000,0x0000,0x0000,0x0000,0x00E0,0x3FFF,0xC3FF,
	0xE7C0,0x000F,0x9FE3,0x0000,0x6000,0x000E,0x0000,0x0000,
	0x0000,0x0001,0xC000,0x0000,0x07C0,0x3803,0x1FFF,0xF000,
	0x0000,0x0000,0x0000,0x0000,0x0000,0x0000,0x0000,0x0000,
	0x0000,0x0000,0x0000,0x0000,0x0000,0x0060,0x0000,0x0000,
	0x1FE0,0x0000,0x1000,0x0000,0x0000,0x0000,0x3FCE,0x7FFF,
	0xFF03,0x000F,0x9F23,0xC000,0x0000,0x000E,0x0000,0x0000,
	0x0000,0x0001,0xC000,0x0000,0x0000,0x0008,0xFFFF,0xC000,
	0x0000,0x0000,0x0000,0x0000,0x0000,0x000F,0x0000,0x0000,
	0x0000,0x0000,0x0000,0x0000,0x0000,0x0000,0x0000,0x0000,
	0xFBF0,0x0000,0x0000,0x0000,0x0000,0x0000,0x3F82,0x7FFC,
	0xF800,0x007F,0x9FE3,0xC000,0x0000,0x000E,0x0000,0x0000,
	0x0000,0x0001,0xC000,0x0000,0x3E00,0x0007,0xFCFF,0xC000,
	0x0000,0x0000,0x0000,0x0000,0x0000,0x000F,0x0000,0x0000,
	0x0000,0x0000,0x0000,0x0000,0x0000,0x0000,0x0000,0x0000,
	0xFC3E,0x0000,0x0000,0x0000,0x0000,0x0000,0x3FBA,0x7D80,
	0xF800,0x0070,0x1FE0,0x0000,0x0000,0x000E,0x0000,0x0000,
	0x0000,0x0001,0xC000,0x3F80,0x3E00,0x0003,0xFCFF,0xC000,
	0x0000,0x0000,0x0000,0x0000,0x0000,0x0000,0x0000,0x0000,
	0x0000,0x0000,0x0000,0x0000,0x0000,0x0040,0x0000,0x0003,
	0xFDFE,0x0000,0x0000,0x0704,0x0000,0x0003,0xFFAE,0x5C0C,
	0x0000,0x0063,0xFFE0,0xA000,0x0000,0x000E,0x0000,0x0000,
	0x0000,0x0001,0xC180,0x0010,0x0700,0x03E1,0x81FF,0xF000,
	0x0000,0x0000,0x0000,0x0000,0x0000,0x0000,0x0000,0x0000,
	0x0000,0x0000,0x0000,0x0000,0x0000,0x0000,0x0000,0x0000,
	0xFFF8,0x0000,0x0000,0x0000,0x0000,0x0001,0xFBDE,0x7C00,
	0x0000,0x1FE3,0xE007,0xFC00,0x0000,0x000E,0x0000,0x0000,
	0x0000,0x0001,0xC000,0x0036,0x1300,0x3BE0,0x05FF,0xF000,
	0x0000,0x0000,0xBFC0,0x0000,0x0000,0x0000,0x0001,0xF000,
	0x0000,0x0000,0x0000,0x0000,0x0000,0x0070,0x0000,0x0000,
	0x1F00,0x0000,0x0000,0x0000,0x0000,0x1C3F,0xF7F8,0x7C1E,
	0x0000,0xFF31,0xE007,0xFF00,0x0000,0x000E,0x0000,0x0000,
	0x0000,0x0001,0xC000,0x0000,0x0200,0x07F8,0x1F7C,0x72C0,
	0x0000,0x0001,0xFE00,0x0000,0x0000,0x0C00,0x0001,0xC000,
	0x0000,0x0000,0x0000,0x0008,0x0000,0x0000,0x0000,0x0000,
	0x0000,0x0000,0x0000,0x0000,0x0000,0x1CF8,0x37C0,0x7C7E,
	0x000F,0xF061,0x01FF,0xF800,0x0000,0x000E,0x0000,0x0000,
	0x0000,0x0001,0xC080,0x07FF,0xF000,0x0000,0x0018,0xF60F,
	0x8000,0x0000,0x0000,0x0000,0x0000,0x0000,0x0000,0x0000,
	0x0000,0x0000,0x0000,0x0018,0x0000,0x0320,0x0000,0x0000,
	0x0000,0x0000,0x0000,0x0000,0x007F,0x83F9,0x0740,0x7FFC,
	0x000F,0xC00C,0x1FFF,0x8000,0x0000,0x000E,0x0000,0x0000,
	0x0000,0x0001,0xC000,0x0FFF,0xFE00,0x0000,0x0F00,0xF6D1,
	0xF000,0x0000,0x0000,0x0000,0x0000,0x0000,0x0000,0x0000,
	0x0000,0x0000,0x0000,0x0000,0x0000,0x0000,0xC030,0x0000,
	0x0000,0x0000,0x0000,0x0039,0xC07F,0x9F9F,0x80FF,0x7FF0,
	0x003F,0xC000,0xFEFC,0x0000,0x0000,0x000E,0x0000,0x0000,
	0x0000,0x0001,0xC000,0x001F,0xFFE0,0x0000,0x0F18,0x1EFF,
	0xFE00,0x0000,0x0000,0x0000,0x0000,0x0000,0x0000,0x0000,
	0x0C00,0x0000,0x0000,0x0000,0x0000,0x0000,0x01FE,0x0C00,
	0x0000,0x0000,0x0070,0x0F0F,0xFFFF,0xFCFF,0x80FF,0x7F80,
	0x003E,0x0007,0x1E3C,0x0000,0x0000,0x000E,0x0000,0x0000,
	0x0000,0x0001,0xC000,0x0008,0x01FC,0x0000,0xE000,0x1FFF,
	0xFF00,0x0000,0x0000,0x0000,0x0000,0x0000,0x0000,0x0000,
	0x0000,0x0000,0x0000,0x0000,0x0000,0x0000,0x003F,0xC000,
	0x0000,0x0000,0x0071,0xFFFF,0xFFFF,0xFCF9,0xE7FC,0x0000,
	0x00F8,0x0000,0x1FE0,0x0000,0x0000,0x000E,0x0000,0x0000,
	0x0000,0x0001,0xC000,0x0000,0xFFFE,0x0000,0xFC38,0x01FF,
	0xFFE0,0x0000,0x0000,0x0000,0x0000,0x0000,0x0000,0x0000,
	0x0000,0x0000,0x0000,0x0000,0x0000,0x0000,0x0008,0x0000,
	0x0000,0x0000,0x03FF,0xFFFF,0xFFFF,0xFFE7,0xE7FE,0x02E0,
	0x03F0,0x000F,0x1E00,0x0003,0xE17E,0x000E,0x0000,0x0000,
	0x0000,0x0001,0xC000,0x0000,0xA0FC,0x0000,0x1FE0,0x00FF,
	0xFFFC,0x0000,0x0000,0x0000,0x000E,0x0000,0x0000,0x0000,
	0x0000,0x0000,0x0000,0x0000,0x0000,0x0000,0x0000,0x0000,
	0x0000,0x0000,0x0FFF,0xFFFF,0xFFFF,0xFFC7,0xE7B4,0x0320,
	0x0700,0x007C,0x00E0,0x003F,0x61A0,0x000E,0x0000,0x0000,
	0x0000,0x0001,0xC000,0x0000,0x000F,0xE000,0x0FF8,0x05FF,
	0xFFFC,0x0000,0x0000,0x0000,0x0000,0x0000,0x0000,0x0000,
	0x0000,0x0000,0x0000,0x0000,0x0000,0x0000,0x0000,0x0000,
	0x0000,0x0000,0x0FF3,0xFFFF,0x7FFF,0xFC01,0x2040,0x0002,
	0x1F00,0x01E0,0x0000,0x0033,0x8000,0x000E,0x0000,0x0000,
	0x0000,0x0001,0xC000,0x0000,0x0001,0xC000,0x00F8,0x1600,
	0x7DFF,0x83C7,0xE000,0x0C00,0x01F0,0x0000,0x0038,0x0000,
	0x0000,0x3000,0x0000,0x0018,0x0000,0x0000,0x0000,0x0000,
	0x0000,0x0000,0x0F63,0xFFFF,0xAFFF,0xF000,0xFF80,0x0003,
	0x6000,0x3000,0x0000,0x03C0,0x0000,0x000E,0x0000,0x0000,
	0x0000,0x0001,0xC000,0x0000,0x0000,0x0000,0x003F,0x0100,
	0x51F3,0x8000,0x37EC,0x0C00,0x0000,0x0000,0x0000,0x0000,
	0x0000,0x0000,0x0000,0x0000,0x0000,0x0000,0x0000,0x0000,
	0x0000,0x0000,0x3F03,0xFFFF,0xFFF3,0x8000,0x3E02,0xFC1F,
	0x4000,0x3FFF,0x8000,0x0064,0x4000,0x000E,0x0000,0x0000,
	0x0000,0x0001,0xC000,0x0000,0x0000,0x1F00,0x001F,0xC002,
	0x4FF3,0x8000,0x003E,0x0000,0x0000,0x0003,0x0000,0x0000,
	0x0000,0x0000,0x0000,0x0000,0x0000,0x00E0,0x0000,0x0000,
	0x0001,0x8000,0x3FFF,0xFFFF,0x6CF3,0x9000,0x0000,0x003C,
	0x0000,0x0000,0x7C00,0x0000,0x0000,0x000E,0x0000,0x0000,
	0x0000,0x0001,0xC000,0x0000,0x0FFF,0xFFFF,0xE000,0xDF00,
	0x4FE3,0x8000,0x0000,0x039C,0x3C3F,0x03FC,0x0000,0x0000,
	0x0000,0x0000,0x0000,0x0000,0x0000,0xE3E0,0x0000,0x0000,
	0x0001,0x8000,0x3FFF,0xFFF9,0xFF8E,0x0001,0xF023,0x0118,
	0x0000,0x01DF,0x8000,0x0000,0xE000,0x000E,0x0000,0x0000,
	0x0000,0x0001,0xC000,0x0000,0x41F1,0x3F1F,0xFC20,0x02A8,
	0x01C3,0xF807,0x0000,0x039C,0x3FF0,0x03DC,0x0000,0x0000,
	0x0000,0x0000,0x0000,0x0000,0x0000,0x03E0,0x0000,0x0000,
	0x0000,0x003E,0x3FFF,0x9FC0,0x7FC0,0x0001,0xC020,0x0000,
	0x0000,0x01E0,0x0000,0x0000,0x0000,0x000E,0x0000,0x0000,
	0x0000,0x0001,0xC000,0x0003,0x0010,0x301D,0xFF00,0x0210,
	0x0C83,0xFF7F,0xFE00,0x00FF,0xDFC0,0x0F80,0x0200,0x0000,
	0x0200,0x0000,0x0000,0x0000,0xFF80,0x03E0,0x0000,0x0000,
	0x0000,0x0200,0x3FF0,0x1B03,0xC0B0,0x0002,0x00FC,0x4000,
	0x0000,0xF080,0x0000,0x0000,0x0000,0x000E,0x0000,0x0000,
	0x0000,0x0001,0xC000,0x0008,0x0000,0x8000,0x7FC0,0x0000,
	0x8C1F,0xFFF9,0xFE00,0x0001,0xC000,0x0000,0x0000,0x0000,
	0x0000,0x0000,0x0000,0x0000,0x0E00,0x1F00,0x001F,0x8000,
	0x00FF,0xFFFF,0xCFF0,0x2001,0xC0A2,0x0000,0x003E,0x0000,
	0x0000,0x8C00,0x0000,0x0000,0x0000,0x000E,0x0000,0x0000,
	0x0000,0x0001,0xC000,0x0000,0x0000,0x07E0,0x00C0,0x0000,
	0x83FE,0xFFF9,0xFE30,0x0001,0xFFC0,0x0000,0x0000,0x0000,
	0x0000,0x0000,0x0000,0x0000,0x0000,0x0000,0x19E0,0x0000,
	0x07F0,0x0FFF,0xFFE0,0x2007,0x0000,0x0000,0x0038,0x0000,
	0x0000,0x0000,0x0000,0x0000,0x0000,0x000E,0x0000,0x0000,
	0x0000,0x0001,0xC000,0x0000,0x0000,0x00C7,0xF000,0x0000,
	0x00FF,0xBFF9,0xFE00,0x0001,0x07FF,0x8000,0xA000,0x0400,
	0x0000,0x0000,0x0000,0x0200,0x0000,0x7000,0x298C,0x0000,
	0x07FF,0x8FFF,0xFF40,0x0000,0x007F,0xB838,0x0000,0x0180,
	0x0000,0x7000,0x0000,0x0000,0x0000,0x000E,0x0000,0x0000,
	0x0000,0x0001,0xC000,0x0000,0x00A8,0x0000,0x00FE,0x00FF,
	0x80FE,0x7FDB,0xFFFC,0x1FC0,0x00F0,0x0000,0xE000,0x2000,
	0x0000,0x0000,0x0000,0x00FE,0x0000,0x7067,0x0700,0x0300,
	0x03FF,0x8FFF,0xFE00,0x0000,0x0000,0x0040,0x003F,0x81FF,
	0xE001,0x8008,0x0000,0x0000,0x0000,0x000E,0x0000,0x0000,
	0x0000,0x0001,0xC000,0x0000,0x000F,0xE380,0x0F06,0xFF03,
	0xF01C,0x7FFF,0xFFCF,0xFBC0,0x0000,0x0007,0x0000,0xE000,
	0x0000,0x0000,0x0000,0x00E7,0xF000,0x707F,0xC700,0x000F,
	0x1FFF,0x8FFF,0xE000,0x0001,0x0200,0x1800,0x01FF,0xFF9F,
	0xF804,0x0000,0x0000,0x0000,0x0000,0x000E,0x0000,0x0000,
	0x0000,0x0001,0xC000,0x0000,0x0000,0x7FC0,0x0000,0xFFF8,
	0x7E1C,0x5FFF,0xFFFF,0xFFFF,0xFC06,0x0000,0x001F,0xFFFF,
	0xBFE0,0x0000,0x0000,0x00E7,0xC003,0xFFF8,0xFFF0,0x0FFF,
	0xFFF0,0x3FFF,0x8000,0x1380,0x0303,0x8000,0x19FF,0xF008,
	0xE7C0,0x0000,0x0000,0x0000,0x0000,0x000E,0x0000,0x0000,
	0x0000,0x0001,0xC000,0x0000,0x0000,0x003C,0x0780,0x0FFE,
	0x7F89,0x03FF,0xFFFF,0xFC7E,0xFFFF,0xFFF8,0x0001,0xFFFF,
	0x9FFF,0x0000,0x000C,0xFD1F,0xFFFB,0xFFFF,0xC0FF,0xFFFF,
	0xFFC1,0xFFFE,0x0000,0x7FC8,0x0220,0x0000,0xC700,0x0000,
	0x0000,0x0000,0x0000,0x0000,0x0000,0x000E,0x0000,0x0000,
	0x0000,0x0001,0xC000,0x0000,0x0004,0x0003,0xE000,0x01FE,
	0x3F80,0xC009,0xEE8F,0xE3F9,0xFFFF,0xFFFD,0x7FC1,0xFFFC,
	0x1F03,0xFFFF,0xFFFF,0x17FF,0x3FFF,0xFFFD,0xC0FC,0x3FFF,
	0xFF81,0xF0E0,0x0000,0x1F00,0x0000,0x0000,0xC1FC,0x0000,
	0x0000,0x0000,0x0000,0x0000,0x0000,0x000E,0x0000,0x0000,
	0x0000,0x0001,0xC000,0x0000,0x0000,0x61D3,0xFF00,0x000E,
	0x3FF0,0x0003,0xFE0F,0xFF83,0xF7F8,0x078F,0xFFC0,0x0181,
	0x8000,0x007F,0xF000,0x1FFF,0xBFFF,0xFFFF,0xDFFF,0xFFFF,
	0xFF80,0x0005,0x4000,0x3E04,0x0000,0x0000,0xC000,0x0000,
	0x0000,0x0000,0x0000,0x0000,0x0000,0x000E,0x0000,0x0000,
	0x0000,0x0001,0xC000,0x0000,0x0000,0x0019,0xFFC0,0x000F,
	0xC1F0,0x0000,0xE40F,0xFFFF,0xFFF8,0x807C,0xC7C1,0x0008,
	0x0000,0x0780,0x007F,0x1FFF,0xCFFF,0xFFFF,0xFFFF,0xFFFF,
	0xFF80,0x0100,0x0000,0x1000,0x0000,0x001F,0xC000,0x0000,
	0x3E00,0x0000,0x0000,0x0000,0x0000,0x000E,0x0000,0x0000,
	0x0000,0x0001,0xC000,0x0000,0x0000,0x0000,0x0000,0x0001,
	0xC1FC,0x0000,0x3017,0xFFFF,0xFFFF,0xFFFF,0x0038,0x000C,
	0x0000,0x0180,0x0060,0x1FFF,0xCFFF,0xFFFF,0xFFFF,0xFFFF,
	0xFF80,0x0180,0x0000,0x0008,0x7000,0x007C,0x0000,0x001F,
	0x0000,0x8100,0x0000,0x0000,0x0000,0x000E,0x0000,0x0000,
	0x0000,0x0001,0xC000,0x0000,0x0000,0x0000,0x0000,0x0000,
	0x01FF,0xE000,0x001E,0x0FFF,0xFFFF,0xFFFE,0x0038,0x007C,
	0x0000,0x0100,0x0003,0xFFFF,0xCFFF,0x9FFF,0xFFFF,0xFFFC,
	0xFF80,0x0000,0x0007,0x0007,0xF000,0x03E0,0x0000,0x03FC,
	0x0000,0x0000,0x0000,0x0000,0x0000,0x000E,0x0000,0x0000,
	0x0000,0x0001,0xC000,0x0000,0x0000,0x0000,0x0000,0x0000,
	0x0000,0xE000,0x0000,0x01FF,0xFFFF,0xC3FE,0xFF3B,0x3F70,
	0x0000,0x0040,0x00FF,0xFFC7,0xCFFF,0xF0FF,0xFFFF,0xFFF0,
	0x0000,0x0000,0x0000,0x0018,0x0000,0x1FE0,0x0C31,0xFC0F,
	0xC000,0x0000,0x0000,0x0000,0x0000,0x000E,0x0000,0x0000,
	0x0000,0x0001,0xC000,0x0000,0x0000,0x0000,0x0000,0x0000,
	0x007F,0xF800,0x0000,0x01FF,0xFFFF,0xC7FF,0xF8FF,0xFE00,
	0x01FE,0x0000,0x0FFF,0xFFC7,0xF87F,0xF3FF,0xFFFF,0xF000,
	0x0600,0x0000,0x0000,0x0000,0x3FFF,0xE018,0x3FC1,0x83E0,
	0x0000,0x0000,0x0000,0x0000,0x0000,0x000E,0x0000,0x0000,
	0x0000,0x0001,0xC000,0x0000,0x0000,0x0000,0x0000,0x0000,
	0x01F3,0xFF00,0x0000,0x81FF,0xFFFF,0xC7FF,0xFFFF,0xFFFF,
	0xFFFF,0xFFFE,0x7FFF,0xFFFF,0xF07F,0xFFFF,0xFFFF,0xF1F8,
	0x02E0,0x0000,0x0000,0x000F,0xFFFF,0xFFFF,0xF801,0xC480,
	0x0000,0x0000,0x0000,0x0000,0x0000,0x000E,0x0000,0x0000,
	0x0000,0x0001,0xC000,0x0000,0x0000,0x0000,0x00FF,0xC600,
	0x0008,0x1FF0,0x0800,0x3FFF,0xFFFF,0xCFFF,0xC7FE,0xFFFF,
	0xFFFF,0xFBFF,0xFFFF,0xFFFF,0x01FF,0xFFFF,0xFFFF,0xFFF8,
	0x0080,0x0000,0x007F,0xC3FF,0xFFFF,0xFFFF,0x001E,0x0180,
	0x0000,0x0000,0x0000,0x0000,0x0000,0x000E,0x0000,0x0000,
	0x0000,0x0001,0xC000,0x0000,0x0000,0x0003,0xFFFF,0xF838,
	0x0001,0x9FFE,0x0000,0x021B,0x1FC1,0xBFFF,0xFFC0,0xFFFF,
	0xFFFF,0xFFFF,0xFFFF,0xE3FC,0x01FF,0xFFFF,0xFFF0,0x3F80,
	0x0020,0x0001,0xFFFE,0x07FF,0x807F,0xE000,0x01C8,0x0010,
	0x0000,0x0000,0x0000,0x0000,0x0000,0x000E,0x0000,0x0000,
	0x0000,0x0001,0xC000,0x0000,0x0000,0x001F,0xFF7F,0xFFFF,
	0xC001,0x83FF,0xC3FF,0xC000,0x07F8,0xFFFF,0xFFF9,0xFFFF,
	0xFFFF,0xFFFF,0xFFFF,0xE3F0,0x01FF,0xFFFF,0xF9F4,0x0000,
	0x01C0,0x000F,0xFFFE,0xFFF0,0x0180,0x0801,0xFF80,0x3180,
	0x0000,0x0000,0x0000,0x0000,0x0000,0x000E,0x0000,0x0000,
	0x0000,0x0001,0xC000,0x0000,0x0000,0x01F1,0xC000,0x1FFF,
	0xF800,0x63FF,0xFF8F,0xC00F,0x0007,0xFFFF,0xFFFF,0xFFFF,
	0xFFFF,0xFFFF,0xFFFF,0xE3C0,0x0FFF,0xFFE7,0xC1F0,0x0003,
	0x0000,0x000F,0xFFFF,0xFFC0,0x0000,0x001F,0x0000,0x0000,
	0x0000,0x0000,0x0000,0x0000,0x0000,0x000E,0x0000,0x0000,
	0x0000,0x0001,0xC000,0x0000,0x0000,0x0000,0x10F0,0x003E,
	0xFE00,0x00FE,0x0000,0x3000,0xC03F,0xFFFF,0xFFCF,0xFFFF,
	0xFFFF,0xFFFF,0xFFFC,0x0200,0x3FF3,0xF723,0xC00D,0x4000,
	0xC000,0x0C0F,0xFFFF,0xE600,0x0000,0x0000,0x0000,0x0000,
	0x0000,0x0000,0x0000,0x0000,0x0000,0x000E,0x0000,0x0000,
	0x0000,0x0001,0xC000,0x0000,0x0000,0x0000,0x0006,0x0600,
	0x3FFF,0x8028,0x0000,0x0C00,0xF03F,0xFFFF,0xFFFF,0xFFFF,
	0xFFFF,0xFFFF,0xFFC3,0xE017,0xFE0F,0xF038,0x007E,0x8000,
	0x0000,0x7C0F,0xFFFF,0xC000,0x0000,0x0000,0x0000,0x0000,
	0x0000,0x0000,0x0000,0x0000,0x0000,0x000E,0x0000,0x0000,
	0x0000,0x0001,0xC000,0x0000,0x0000,0x0000,0x0000,0xC7FE,
	0x01E3,0xE000,0x0000,0x0000,0x1C30,0x0FFF,0xFFFF,0xFFFF,
	0xFEAB,0xFFFF,0xFC0F,0xF0FF,0xC003,0xF218,0x0006,0x0000,
	0x0001,0xFC7F,0xFCFC,0x0000,0x0000,0x0010,0x1800,0x0000,
	0x0000,0x0000,0x0000,0x0000,0x0000,0x000E,0x0000,0x0000,
	0x0000,0x0001,0xC000,0x0000,0x0000,0x0000,0x0000,0x0001,
	0xFE0F,0xF800,0x0000,0x000E,0x0780,0x0FFF,0xFFFF,0xF7FE,
	0xFE7F,0xFFFF,0xFC7F,0x9FFF,0x007F,0xE3FC,0x2000,0x0000,
	0x003C,0x01FF,0x6180,0x0000,0x0000,0x0044,0x0000,0x0000,
	0x0000,0x0000,0x0000,0x0000,0x0000,0x000E,0x0000,0x0000,
	0x0000,0x0001,0xC000,0x0000,0x0000,0x0000,0x0000,0x0100,
	0x0E7C,0x1F00,0x0000,0x01FF,0xFFF8,0x0BFF,0xFFFF,0xFFF0,
	0x7FFF,0xF80F,0xFC7F,0x0000,0x1FFC,0x0000,0x0010,0x0000,
	0x01C0,0xFC7C,0x001F,0x3FFE,0x0000,0x0000,0x0000,0x0000,
	0x0000,0x0000,0x0000,0x0000,0x0000,0x000E,0x0000,0x0000,
	0x0000,0x0001,0xC000,0x0000,0x0000,0x0000,0x0000,0x0008,
	0x0003,0x07C0,0x0000,0x01C1,0xFFFC,0x0FFF,0xFFFF,0xFFC0,
	0x7FFF,0xFE0F,0xFE1F,0x0002,0x1F80,0x13FC,0x0000,0x0000,
	0x0007,0xFE70,0x0180,0xF73C,0x0000,0x0000,0x0000,0x0000,
	0x0000,0x0000,0x0000,0x0000,0x0000,0x000E,0x0000,0x0000,
	0x0000,0x0001,0xC000,0x0000,0x0000,0x0000,0x0000,0x0000,
	0x0000,0x00F8,0x0000,0x0002,0x3FFF,0x8FFF,0xFFFF,0xFF81,
	0xFFFF,0xFE0C,0x0000,0x0000,0x8001,0xFFE0,0x0000,0x0000,
	0x01FF,0xF800,0x6200,0x0600,0x0000,0x0000,0x0000,0x0000,
	0x0000,0x0000,0x0000,0x0000,0x0000,0x000E,0x0000,0x0000,
	0x0000,0x0001,0xC000,0x0000,0x0000,0x0000,0x0000,0x0000,
	0x0230,0x0038,0x0000,0x0001,0xC01F,0xF3FF,0xFFFF,0xFF81,
	0xFFFF,0xDE30,0x01FC,0x1FF8,0x0200,0x4000,0x0000,0x0000,
	0x01F0,0x0001,0x0061,0x9800,0x0000,0x0000,0x0000,0x0000,
	0x0000,0x0000,0x0000,0x0000,0x0000,0x000E,0x0000,0x0000,
	0x0000,0x0001,0xC000,0x0000,0x0000,0x0000,0x0000,0x0000,
	0x0000,0x001F,0x0000,0x0000,0x2001,0x3EFF,0xFFFF,0xFE0F,
	0xFFFF,0xF800,0x3FE0,0x0000,0x1000,0x0000,0x0000,0x0000,
	0x0001,0x0000,0x0000,0x0200,0x0000,0x0000,0x0000,0x0000,
	0x0000,0x0000,0x0000,0x0000,0x0000,0x000E,0x0000,0x0000,
	0x0000,0x0001,0xC000,0x0000,0x0000,0x0000,0x0000,0x0000,
	0x0000,0x0007,0x0000,0x0000,0x0000,0x705F,0xFFFF,0xFE3F,
	0xFFFF,0xE080,0xFC00,0x0000,0x0000,0x0000,0x0000,0x0000,
	0x079C,0x0010,0x0408,0x0000,0x0000,0x0000,0x0000,0x0000,
	0x0000,0x0000,0x0000,0x0000,0x0000,0x000E,0x0000,0x0000,
	0x0000,0x0001,0xC000,0x0000,0x0000,0x0000,0x0000,0x0000,
	0x0000,0x0000,0x0000,0x0000,0x0000,0x0000,0x0000,0x0000,
	0x0000,0x0000,0x0000,0x0000,0x0000,0x0000,0x0000,0x0000,
	0x0000,0x0000,0x0000,0x0000,0x0000,0x0000,0x0000,0x0000,
	0x0000,0x0000,0x0000,0x0000,0x0000,0x000E,0x0000,0x0000,
	0x0000,0x0001,0x3FFF,0xFFFF,0xFFFF,0xFFFF,0xFFFF,0xFFFF,
	0xFFFF,0xFFFF,0xFFFF,0xFFFF,0xFFFF,0xFFFF,0xFFFF,0xFFFF,
	0xFFFF,0xFFFF,0xFFFF,0xFFFF,0xFFFF,0xFFFF,0xFFFF,0xFFFF,
	0xFFFF,0xFFFF,0xFFFF,0xFFFF,0xFFFF,0xFFFF,0xFFFF,0xFFFF,
	0xFFFF,0xFFFF,0xFFFF,0xFFFF,0xFFFF,0xFFFE,0x0000,0x0000,
	0x0000,0x0000,0x3FFF,0xFFFF,0xFFFF,0xFFFF,0xFFFF,0xFFFF,
	0xFFFF,0xFFFF,0xFFFF,0xFFFF,0xFFF7,0xFFF8,0x0100,0x0000,
	0x7FFF,0xFF80,0xF000,0x0000,0x0000,0x0008,0x5C00,0x0000,
	0x003F,0xFFFF,0xFFFF,0xFFFF,0xFFF0,0xFFFF,0xFFFF,0xFFFF,
	0xFFFF,0xFFFF,0xFFFF,0xFFFF,0xFFFF,0xFFF8,0x0000,0x0000,
	0x0000,0x0000,0x0000,0x0000,0x0000,0x0000,0x0000,0x0000,
	0x0000,0x0000,0x0000,0x0000,0x0000,0x0000,0x0000,0x0000,
	0x0000,0x0000,0x0000,0x0000,0x0000,0x0000,0x0000,0x0000,
	0x0000,0x0000,0x0000,0x0000,0x0000,0x0000,0x0000,0x0000,
	0x0000,0x0000,0x0000,0x0000,0x0000,0x0000,0x0000,0x0000,
	0x0000,0x0000,0x0000,0x0000,0x0000,0x0000,0x0000,0x0000,
	0x0000,0x0000,0x0000,0x0000,0x0000,0x0000,0x0000,0x0000,
	0x0000,0x0000,0x0000,0x0000,0x0000,0x0000,0x0000,0x0000,
	0x0000,0x0000,0x0000,0x0000,0x0000,0x0000,0x0000,0x0000,
	0x0000,0x0000,0x0000,0x0000,0x0000,0x0000,0x0000,0x0000,
	0x0000,0x0000,0x0000,0x0000,0x0000,0x0000,0x0000,0x0000,
	0x0000,0x0000,0x0000,0x0000,0x0000,0x0000,0x0000,0x0000,
	0x0000,0x0000,0x0000,0x0000,0x0000,0x0000,0x0000,0x0000,
	0x0000,0x0000,0x0000,0x0000,0x0000,0x0000,0x0000,0x0000,
	0x0000,0x0000,0x0000,0x0000,0x0000,0x0000,0x0000,0x0000,
	0x0000,0x0000,0x0000,0x0000,0x0000,0x0000,0x0000,0x0000,
	0x0000,0x0000,0x0FF0,0x1FF8,0x3C0E,0x03FC,0x3FFF,0x3E0F,
	0xFE00,0x00FF,0x8380,0xF3FF,0xF1FF,0xE03F,0xC03F,0xFDFF,
	0xFC00,0x0000,0x01E0,0xFF80,0x7F80,0x7FC0,0x0000,0x0000,
	0x0000,0x0000,0x0000,0x0000,0x0000,0x0000,0x0000,0x0000,
	0x0000,0x0000,0x0000,0x0000,0x0000,0x0000,0x0000,0x0000,
	0x0000,0x0000,0xF83E,0x7C1F,0x380E,0x3C0F,0x01E0,0x3E78,
	0x0000,0x0381,0xE380,0xF01E,0x01E0,0x7DE0,0x39F0,0x0007,
	0x8000,0x0000,0x0FE7,0x81E3,0xC0F3,0xE078,0x0000,0x0000,
	0x0000,0x0000,0x0000,0x0000,0x0000,0x0000,0x0000,0x0000,
	0x0000,0x0000,0x0000,0x0000,0x0000,0x0000,0x0000,0x0000,
	0x0000,0x0000,0xF83E,0x7C1F,0x380E,0x3C0F,0x01E0,0x3E78,
	0x0000,0x0780,0xF380,0xF01E,0x01EF,0xFDE0,0x39F0,0x0007,
	0x8000,0x0000,0x01E7,0xC5C3,0xFEF3,0xFFF8,0x0000,0x0000,
	0x0000,0x0000,0x0000,0x0000,0x0000,0x0000,0x0000,0x0000,
	0x0000,0x0000,0x0000,0x0000,0x0000,0x0000,0x0000,0x0000,
	0x0000,0x0000,0xFFFC,0x7C1F,0x380E,0x3FFF,0x01E0,0x1E78,
	0x0000,0x0780,0xF380,0xF01E,0x01FF,0xE1E0,0x383F,0xF007,
	0x8000,0x3FC0,0x01E1,0xFFC1,0xFF80,0xFFC0,0x0000,0x0000,
	0x0000,0x0000,0x0000,0x0000,0x0000,0x0000,0x0000,0x0000,
	0x0000,0x0000,0x0000,0x0000,0x0000,0x0000,0x0000,0x0000,
	0x0000,0x0000,0xF81C,0x7C1F,0x380E,0x3C0F,0x01E0,0x1E78,
	0x0000,0x0780,0xF380,0xF01E,0x01C0,0x01E0,0x3800,0x7C07,
	0x8000,0x0000,0x01E0,0x01C3,0x81E3,0xE078,0x0000,0x0000,
	0x0000,0x0000,0x0000,0x0000,0x0000,0x0000,0x0000,0x0000,
	0x0000,0x0000,0x0000,0x0000,0x0000,0x0000,0x0000,0x0000,
	0x0000,0x0000,0xF81C,0x7FFF,0x3FFE,0x3C07,0x01E0,0x1E7F,
	0xFE00,0x03FF,0xE3FF,0xF01E,0x01C0,0x01FF,0xF8FF,0xFC07,
	0x8000,0x0000,0x01E3,0xFFE3,0xFFE3,0xFFF8,0x0000,0x0000,
	0x0000,0x0000,0x0000,0x0000,0x0000,0x0000,0x0000,0x0000,
	0x0000,0x0000,0x0000,0x0000,0x0000,0x0000,0x0000,0x0000,
	0x0000,0x0000,0x701E,0x0FF8,0x07F8,0x3C07,0x01E0,0x1C0F,
	0xFE00,0x00FF,0x807F,0x801E,0x01C0,0x007F,0xC0FF,0xE007,
	0x8000,0x0000,0x01E3,0xFF00,0xFF80,0xFFC0,0x0000,0x0000,
	0x0000,0x0000,0x0000,0x0000,0x0000,0x0000,0x0000,0x0000,
	0x0000,0x0000,0x0000,0x0000,0x0000,0x0000,0x0000,0x0000,
	0x0000,0x0000,0x0000,0x003F,0x0000,0x0000,0x0000,0x0000,
	0x0000,0x0000,0x0000,0x0000,0x0000,0x0000,0x0000,0x0000,
	0x0000,0x0000,0x0000,0x0000,0x0000,0x0000,0x0000,0x0000,
	0x0000,0x0000,0x0000,0x0000,0x0000,0x0000,0x0000,0x0000,
	0x0000,0x0000,0x0000,0x0000,0x0000,0x0000,0x0000,0x0000,
	0x0000,0x0000,0x0000,0x0000,0x0000,0x0000,0x0000,0x0000,
	0x0000,0x0000,0x0000,0x0000,0x0000,0x0000,0x0000,0x0000,
	0x0000,0x0000,0x0000,0x0000,0x0000,0x0000,0x0000,0x0000,
	0x0000,0x0000,0x0000,0x0000,0x0000,0x0000,0x0000,0x0000,
	0x0000,0x0000,0x0000,0x0000,0x0000,0x0000,0x0000,0x0000,
	0x0000,0x0000,0x0000,0x0000,0x0000,0x0000,0x0000,0x0000,
	0x0000,0x0000,0x0000,0x0000,0x0000,0x0000,0x0000,0x0000,
	0x0000,0x0000,0x0000,0x0000,0x0000,0x0000,0x0000,0x0000,
	0x0000,0x0000,0x0000,0x0000,0x0000,0x0000,0x0000,0x0000,
	/* Plane 2 */
	0x0000,0x0000,0x0000,0x0000,0x0000,0x0000,0x0000,0x0000,
	0x0000,0x0000,0x0000,0x0000,0x0000,0x0000,0x0000,0x0000,
	0x0000,0x0000,0x0000,0x0000,0x0000,0x0000,0x0000,0x0000,
	0x0000,0x0000,0x0000,0x0000,0x0000,0x0000,0x0000,0x0000,
	0x0000,0x0000,0x0000,0x0000,0x0000,0x0000,0x0000,0x0000,
	0x0000,0x0000,0x0000,0x0000,0x0000,0x0000,0x0000,0x0000,
	0x0000,0x0000,0x0000,0x0000,0x0000,0x0000,0x0000,0x0000,
	0x0000,0x0000,0x0000,0x0000,0x0000,0x0000,0x0000,0x0000,
	0x0000,0x0000,0x0000,0x0000,0x0000,0x0000,0x0000,0x0000,
	0x0000,0x0000,0x0000,0x0000,0x0000,0x0000,0x0000,0x0000,
	0x0000,0x0000,0x0000,0x0000,0x0000,0x0000,0x0000,0x0000,
	0x0000,0x0000,0x0000,0x0000,0x0000,0x0000,0x0000,0x0000,
	0x0000,0x0000,0x0000,0x0000,0x0000,0x0000,0x0000,0x0000,
	0x0000,0x0000,0x0000,0x0000,0x0000,0x0000,0x0000,0x0000,
	0x0000,0x0000,0x0000,0x0000,0x0000,0x0000,0x0000,0x0000,
	0x0000,0x0000,0x0000,0x0000,0x0000,0x0000,0x0000,0x0000,
	0x0000,0x0000,0x0000,0x0000,0x0000,0x0000,0x0000,0x0000,
	0x0000,0x0000,0x0000,0x0000,0x0000,0x0000,0x0000,0x0000,
	0x0000,0x0000,0x0000,0x0000,0x0000,0x0000,0x0000,0x0000,
	0x0000,0x0000,0x0000,0x0000,0x0000,0x0000,0x0000,0x0000,
	0x0000,0x0000,0x0000,0x0000,0x0000,0x0000,0x0000,0x0000,
	0x0000,0x0000,0x0000,0x0000,0x0000,0x0000,0x0000,0x0000,
	0x0000,0x0000,0x0000,0x0000,0x0000,0x0000,0x0000,0x0000,
	0x0000,0x0000,0x0000,0x0000,0x0000,0x0000,0x0000,0x0000,
	0x0000,0x0000,0x0000,0x0000,0x0000,0x0000,0x0000,0x0000,
	0x0000,0x0000,0x0000,0x0000,0x0000,0x0000,0x0000,0x0000,
	0x0000,0x0000,0x0000,0x0000,0x0000,0x0000,0x0000,0x0000,
	0x0000,0x0000,0x0000,0x0000,0x0000,0x0000,0x0000,0x0000,
	0x0000,0x0000,0x0000,0x0000,0x0000,0x0000,0x0000,0x0000,
	0x0000,0x0000,0x0000,0x0000,0x0000,0x0000,0x0000,0x0000,
	0x0000,0x0000,0x0000,0x0000,0x0000,0x0000,0x0000,0x0000,
	0x0000,0x0000,0x0000,0x0000,0x0000,0x0000,0x0000,0x0000,
	0x0000,0x0000,0x0000,0x0000,0x0000,0x0000,0x0000,0x0000,
	0x0000,0x0000,0x0000,0x0000,0x0000,0x0000,0x0000,0x0000,
	0x0000,0x0000,0x0000,0x0000,0x0000,0x0000,0x0000,0x0000,
	0x0000,0x0000,0x0000,0x0000,0x0000,0x0000,0x0000,0x0000,
	0x0000,0x0000,0x0000,0x0000,0x0000,0x0000,0x0000,0x0000,
	0x0000,0x0000,0x0000,0x0000,0x0000,0x0000,0x0000,0x0000,
	0x0000,0x0000,0x0000,0x0000,0x0000,0x0000,0x0000,0x0000,
	0x0000,0x0000,0x0000,0x0000,0x0000,0x0000,0x0000,0x0000,
	0x0000,0x0000,0x0000,0x0000,0x0000,0x0000,0x0000,0x0000,
	0x0000,0x0000,0x0000,0x0000,0x0000,0x0000,0x0000,0x0000,
	0x0000,0x0000,0x0000,0x0000,0x0000,0x0000,0x0000,0x0000,
	0x0000,0x0000,0x0000,0x0000,0x0000,0x0000,0x0000,0x0000,
	0x0000,0x0000,0x0000,0x0000,0x0000,0x0000,0x0000,0x0000,
	0x0000,0x0000,0x0000,0x0000,0x0000,0x0000,0x0000,0x0000,
	0x0000,0x0000,0x0000,0x0000,0x0000,0x0000,0x0000,0x0000,
	0x0000,0x0000,0x0000,0x0000,0x0000,0x0000,0x0000,0x0000,
	0x0000,0x0000,0x0000,0x0000,0x0000,0x0000,0x0000,0x0000,
	0x0000,0x0000,0x0000,0x0000,0x0000,0x0000,0x0000,0x0000,
	0x0000,0x0000,0x0000,0x0000,0x0000,0x0000,0x0000,0x0000,
	0x0000,0x0000,0x0000,0x0000,0x0000,0x0000,0x0000,0x0000,
	0x0000,0x0000,0x0000,0x0000,0x0000,0x0000,0x0000,0x0000,
	0x0000,0x0000,0x0000,0x0000,0x0000,0x0000,0x0000,0x0000,
	0x0000,0x0000,0x0000,0x0000,0x0000,0x0000,0x0000,0x0000,
	0x0000,0x0000,0x0000,0x0000,0x0000,0x0000,0x0000,0x0000,
	0x0000,0x0000,0x0000,0x0000,0x0000,0x0000,0x0000,0x0000,
	0x0000,0x0000,0x0000,0x0000,0x0000,0x0000,0x0000,0x0000,
	0x0000,0x0000,0x0000,0x0000,0x0000,0x0000,0x0000,0x0000,
	0x0000,0x0000,0x0000,0x0000,0x0000,0x0000,0x0000,0x0000,
	0x0000,0x0000,0x0000,0x0000,0x0000,0x0000,0x0000,0x0000,
	0x0000,0x0000,0x0000,0x0000,0x0000,0x0000,0x0000,0x0000,
	0x0000,0x0000,0x0000,0x0000,0x0000,0x0000,0x0000,0x0000,
	0x0000,0x0000,0x0000,0x0000,0x0000,0x0000,0x0000,0x0000,
	0x0000,0x0000,0x0000,0x0000,0x0000,0x0000,0x0000,0x0000,
	0x0000,0x0000,0x0010,0x0000,0x0000,0x0000,0x0000,0x0000,
	0x0000,0x0000,0x0000,0x0000,0x0000,0x0000,0x0000,0x0000,
	0x0000,0x0000,0x0000,0x0000,0x0000,0x0000,0x0000,0x0000,
	0x0000,0x0000,0x0000,0x0000,0x0000,0x0000,0x0002,0x0000,
	0x0000,0x0000,0x0000,0x0000,0x0000,0x0000,0x0000,0x0000,
	0x0000,0x0000,0x000F,0xFFFF,0xFFFF,0xFFFF,0xFFFF,0xFFFF,
	0xFFFF,0x0000,0x0000,0x0000,0x0000,0x0000,0x0000,0x0000,
	0x0000,0x0000,0x0000,0x0000,0x0000,0x0000,0x0000,0x0000,
	0x0000,0x0000,0x0000,0x0000,0x0000,0x0000,0x0003,0xFFFF,
	0xFFFF,0xFFFF,0xFFFF,0xFFFF,0xFFFF,0xF000,0x0000,0x0000,
	0x0000,0x0000,0x0000,0x0000,0x0000,0x0000,0x0000,0x0000,
	0x0000,0x0000,0x0000,0x0000,0x0000,0x0000,0x0000,0x0000,
	0x0000,0x0000,0x0000,0x0000,0x0000,0x0000,0x0000,0x0000,
	0x0000,0x0000,0x0000,0x0000,0x0000,0x0000,0x0000,0x0000,
	0x0000,0x0000,0x0000,0x0000,0x0000,0x0000,0x0000,0x0000,
	0x0000,0x0000,0x0000,0x0000,0x0000,0x0000,0x0000,0x0000,
	0x0000,0x0000,0x0000,0x0000,0x0000,0x0000,0x0000,0x0000,
	0x0000,0x0000,0x0000,0x0000,0x0000,0x0000,0x0000,0x0000,
	0x0000,0x0000,0x0000,0x0000,0x0000,0x0000,0x0000,0x0000,
	0x0000,0x0000,0x0000,0x0000,0x0000,0x0000,0x0000,0x0000,
	0x0000,0x0000,0x3FFF,0xFFFF,0xFFFF,0xFFFF,0xFFFF,0xFFFF,
	0xFFFF,0xFFFF,0xFFFF,0xFFFF,0xFFFF,0xFFFF,0xFFFF,0xFFFF,
	0xFFFF,0xFFFF,0xFFFF,0xFFFF,0xFFFF,0xFFFF,0xFFFF,0xFFFF,
	0xFFFF,0xFFFF,0xFFFF,0xFFFF,0xFFFF,0xFFFF,0xFFFF,0xFFFF,
	0xFFFF,0xFFFF,0xFFFF,0xFFFF,0xFFFF,0xFFF8,0x0000,0x0000,
	0x0000,0x0001,0xC000,0x0000,0x0000,0x0000,0x0000,0x0000,
	0x0000,0x0000,0x0000,0x0000,0x0000,0x0000,0x0000,0x0000,
	0x0000,0x0000,0x0000,0x0000,0x0000,0x0000,0x0000,0x0000,
	0x0000,0x0000,0x0000,0x0000,0x0000,0x0000,0x0000,0x0000,
	0x0000,0x0000,0x0000,0x0000,0x0000,0x0006,0x0000,0x0000,
	0x0000,0x0001,0xC7FF,0xFFFF,0xFFFF,0xFFFF,0xFFFF,0xFFFF,
	0xFFFF,0xFFFF,0xFFFF,0xFFFF,0xFFFF,0xFFFF,0xFFFF,0xFFFF,
	0xFFFF,0xFFFF,0xFFFF,0xFFFF,0xFFFF,0xFCFF,0xFFD8,0x7FFF,
	0xFFFF,0xFFFF,0xFFFF,0xE7FF,0xFFFF,0xFFFF,0xFFFF,0xFFFF,
	0xFFFF,0xFFFF,0xFFFF,0xFFFF,0xFFFF,0xFFCE,0x0000,0x0000,
	0x0000,0x0001,0xC7FF,0xFFFF,0xFFFF,0xFFFF,0xFFFF,0xFFFF,
	0xFFFF,0xFFFF,0xFFFF,0xFFFF,0xFFFF,0xFFFF,0xFFFF,0xFFF7,
	0xFFE7,0xFFFF,0xFFFF,0xFFFF,0xFFFF,0xFF7F,0xFFFF,0xFFE0,
	0x003F,0xFDFF,0xFFFE,0x23FF,0xFFFF,0xFFFF,0xFFFF,0xFFFF,
	0xFFFF,0xFFFF,0xFFFF,0xFFFF,0xFFFF,0xFFCE,0x0000,0x0000,
	0x0000,0x0000,0xC7FF,0xFFFF,0xFFFF,0xFFFF,0xFFFF,0xFFFF,
	0xFFFF,0xFFFF,0xFFFF,0xFFFF,0xFFFF,0xFFFF,0xFFFF,0xFFFE,
	0x43FF,0x87C3,0x80FF,0xFBF8,0xFFFE,0xE31F,0xFFFF,0x8000,
	0xFFBF,0xEFFF,0xFFFF,0xFFFF,0xFFFF,0xFFFF,0xFFFF,0xFFFF,
	0xFFFF,0xFFFF,0xFFFF,0xFFFF,0xFFFF,0xFFCE,0x0000,0x0000,
	0x0000,0x00E0,0xC7FF,0xFFFF,0xFFFF,0xFFFF,0xFFFF,0xFFFF,
	0xFFFF,0xFFFF,0xFFFF,0xFFFF,0xFFFF,0xFFFF,0xDFFF,0xFFFE,
	0x7EFF,0xFFFF,0xF170,0x03E0,0x320F,0xFCFF,0xFFFF,0xF5FF,
	0xFFFF,0xBFFF,0xFFFF,0x1F00,0x0001,0xFFE7,0xFFFF,0xFFFF,
	0xFFFF,0xFFFF,0xFFFF,0xFFFF,0xFFFF,0xFFCE,0x0600,0x0000,
	0x0000,0x00C0,0xC7FF,0xFFFF,0xFFFF,0xFFFF,0xFFFF,0xFFFF,
	0xFFFF,0xFFFF,0xFFFF,0xFFFF,0xFFFF,0xFFFF,0xFFFF,0xFFFF,
	0xFFFF,0xFFFF,0xF03F,0xFFE1,0xFFFE,0x003F,0xF7FC,0x03FF,
	0xFFFF,0xFFFF,0xFFFF,0xF83F,0xFFFF,0xFFFF,0xFFFF,0xFFFF,
	0xFFFF,0xFFFF,0xFFFF,0xFFFF,0xFFFF,0xFFCE,0x0700,0x0000,
	0x0000,0x00C0,0xC7FF,0xFFFF,0xFFFF,0xFFFF,0xFFFF,0xFFFF,
	0xFFFF,0xFFFF,0xFFFF,0xFFFF,0xFFFF,0xFFFF,0xFFFF,0xFFFF,
	0xFFFF,0xFFFA,0x7FC7,0xFFFF,0xC1FF,0xE000,0xFFFB,0xFFFF,
	0xFFFF,0xFFFF,0xCFE0,0x01FF,0xFFFF,0xFFFF,0xFFFF,0xFFFF,
	0xFFFF,0xFFFF,0xFFFF,0xFFFF,0xFFFF,0xFFCE,0x0700,0x0000,
	0x0000,0x00C0,0xC7FF,0xFFFF,0xFFFF,0xFFFF,0xFFFF,0xFFFF,
	0xFFFF,0xFFFF,0xFFFF,0xFFFF,0xFFFF,0xFFFF,0xFFFC,0xC184,
	0x8D00,0xF03F,0xFFFF,0xFFFF,0xC7FF,0xFFFF,0xFF0F,0xFFFF,
	0xFBFF,0xFFFF,0xFFFF,0xFFFF,0xFFFF,0xFFFF,0xFFFF,0xFFFF,
	0xFFFF,0xFFFF,0xFFFF,0xFFFF,0xFFFF,0xFFCE,0x0700,0x0000,
	0x0000,0x00C0,0xC7FF,0xFFFF,0xFFFF,0xFFFF,0xFFFF,0xFFFF,
	0xFFFF,0xFFFF,0xFFFF,0xFFFF,0xFFFF,0xFFFF,0xFFFF,0x7FFF,
	0xFFFF,0xFFF0,0x82FF,0xFFFF,0xC7FD,0xFFFF,0xFFFF,0xFFFF,
	0xFFFF,0xFFFF,0xFBFF,0xFFFF,0xFFFF,0xFFFF,0xFFFF,0xFFFF,
	0xFFFF,0xFFFF,0xFFFF,0xFFFF,0xFFFF,0xFFCE,0x0700,0x0000,
	0x0000,0x00C0,0xC7FF,0xFFFF,0xFFFF,0xFFFF,0xFFFF,0xFFFF,
	0xFFFF,0xFFFF,0xFFFF,0xFFFF,0xFFFF,0xFFFF,0xFFFF,0xFFFF,
	0xFFFF,0xFFDF,0xFFFF,0xFFFC,0xFFFF,0xFFFF,0xFFFF,0xFFFF,
	0xFFFF,0xFFFF,0xFFFF,0xFFFF,0xFFFF,0xFFFF,0xFFFF,0xFFFF,
	0xFFFF,0xFFFF,0xFFFF,0xFFFF,0xFFFF,0xFFCE,0x0700,0x0000,
	0x0000,0x00C0,0xC7FF,0xFFFF,0xFFFF,0xFFFF,0xFFFF,0xFFFF,
	0xFFFF,0xFFFF,0xFFFF,0xFFFF,0xFFFF,0xFFFF,0xFFFF,0xFFFF,
	0xEFFF,0xFFFF,0xFEFF,0xFFFD,0xFFFF,0xFFFF,0xFFFF,0xFFFB,
	0xFFFF,0xFFFF,0xFFFF,0xFFFF,0xFFFF,0xFFFF,0xFFFF,0xFFFF,
	0xFFFF,0xFFFF,0xFFFF,0xFFFF,0xFFFF,0xFFCE,0x0700,0x0000,
	0x0000,0x01C0,0xC7FF,0xFFFF,0xFFFF,0xFFFF,0xFFFF,0xFFFF,
	0xFFFF,0xFFFF,0xFFFF,0xFFFF,0xFFFF,0xFFFF,0xFFFF,0xFFFF,
	0xFFFF,0xFFFF,0xFFFF,0xFFFF,0xDFFF,0xFFFE,0xFDFF,0xFFFF,
	0xFFFF,0xFFFF,0xFFFF,0xFFFF,0xFFFF,0xFFFF,0xFFFF,0xFFFF,
	0xFFFF,0xFFFF,0xFFFF,0xFFFF,0xFFFF,0xFFCE,0x0700,0x0000,
	0x0000,0x01C0,0xC7FF,0xFFFF,0xFFFF,0xFFFF,0xFFFF,0xFFFF,
	0xFFFF,0xFFFF,0xFFFF,0xFFFF,0xFFFF,0xFFFF,0xFFFF,0xFFFF,
	0xFFFF,0xFFFF,0xFFFF,0xFFFF,0xFFFF,0xFFFD,0xFFFF,0xFFFF,
	0xFFFF,0xFFFF,0xFFFC,0x3FFF,0xFFFF,0xFFFF,0xFFFF,0xFFFF,
	0xFFFF,0xFFFF,0xFFFF,0xFFFF,0xFFFF,0xFFCE,0x0700,0x0000,
	0x0000,0x01C0,0xC7FF,0xFFFF,0xFFFF,0xFFFF,0xFFFF,0xFFFF,
	0xFFFF,0xFFFF,0xFFFF,0xFFFF,0xFFFF,0xFFFF,0xFFFF,0xFFFF,
	0xFFFF,0xFFFF,0xFFFF,0xFDCF,0xFFFF,0xFFFF,0xFFFF,0xFFFF,
	0xFFFF,0xFFFF,0xFFFF,0xBFFF,0xFFFF,0xFFFF,0xFFFF,0xFFFF,
	0xFFFF,0xFFFF,0xFFFF,0xFFFF,0xFFFF,0xFFCE,0x0700,0x0000,
	0x0000,0x01C0,0xC7FF,0xFFFF,0xFFFF,0xFFFF,0xFFFF,0xFFFF,
	0xFFFF,0xFFFF,0xFFFF,0xFFFF,0xFFFF,0xFFFF,0xFFFF,0xFFFF,
	0xFFFF,0xFFFF,0xFFFF,0xFFFF,0xFFFD,0xEA77,0xFBFF,0xFFFF,
	0xFFFF,0xFFFF,0xFFFF,0xFFFF,0xFFFF,0xFFFF,0xFFFF,0xFFFF,
	0xFFFF,0xFFFF,0xFFFF,0xFFFF,0xFFFF,0xFFCE,0x0700,0x0000,
	0x0000,0x01C0,0xC7FF,0xFFFF,0xFFFF,0xFFFF,0xFFFF,0xFFFF,
	0xFFFF,0xFFFF,0xFFFF,0xFFFF,0xFFFF,0xFFFF,0xFFFF,0xFFFF,
	0xFFFF,0xFFFF,0xFFFC,0x07FF,0xFFFF,0xFFFD,0xFFFF,0xFFFF,
	0xFFFF,0xFFFF,0xFFFF,0xFFFF,0xFFFF,0xFFFF,0xFFFF,0xFFFF,
	0xFFFF,0xFFFF,0xFFFF,0xFFFF,0xFFFF,0xFFCE,0x0700,0x0000,
	0x0000,0x01C0,0xC7FF,0xFFFF,0xFFFF,0xFFFF,0xFFFF,0xFFFF,
	0xFFFF,0xFFFF,0xFFFF,0xFFFF,0xFFFF,0xFFFF,0xFFFF,0xFFFF,
	0xFFFF,0xFFFF,0xFFFF,0xFFFF,0xFFFF,0xFFFF,0xFFFF,0xFFFF,
	0xFFFF,0xFFFF,0xFFFF,0xFFFF,0xFFFF,0xFFFF,0xFFFF,0xFFFF,
	0xFFFF,0xFFFF,0xFFFF,0xFFFF,0xFFFF,0xFFCE,0x0700,0x0000,
	0x0000,0x01C0,0xC7FF,0xFFFF,0xFFFF,0xFFFF,0xFFFF,0xFFFF,
	0xFFFF,0xFFFF,0xFFFF,0xFFFF,0xFFFF,0xFFFF,0xFFFF,0xFFFF,
	0xFFFF,0xFFFF,0xFFFF,0xFFFF,0xF77F,0xFF5F,0xFFFF,0xFFFF,
	0xFFFF,0xFFFF,0xFFFF,0xFFFF,0xFFFF,0xFFFF,0xFFFF,0xFFFF,
	0xFFFF,0xFFFF,0xFFFF,0xFFFF,0xFFFF,0xFFCE,0x0700,0x0000,
	0x0000,0x01C0,0xC7FF,0xFFFF,0xFFFF,0xFFFF,0xFFFF,0xFFFF,
	0xFFFF,0xFFFF,0xFFFF,0xFFFF,0xFFFF,0xFFFF,0xFFFF,0xFFFF,
	0xFFFF,0xFFFF,0xFFFF,0xFDFF,0xADCF,0xFF3F,0xFFFF,0xFFFF,
	0xFFFF,0xFFFF,0xFFFF,0xFFFF,0xFFFF,0xFFFF,0xFFFF,0xFFFF,
	0xFFFF,0xFFFF,0xFFFF,0xFFFF,0xFFFF,0xFFCE,0x0700,0x0000,
	0x0000,0x01C0,0xC7FF,0xFFFF,0xFFFF,0xFFFF,0xFFFF,0xFFFF,
	0xFFFF,0xFFFF,0xFFFF,0xFFFF,0xFFFF,0xFFFF,0xFFFF,0xFFFF,
	0xFFFF,0xFFFF,0xFFFF,0xFFFF,0xFFFF,0xFFFF,0xFFFF,0xFFFF,
	0xFFFF,0xFFFF,0xFFFF,0xFFFF,0xFFFF,0xFFFF,0xFFFF,0xFFFF,
	0xFFFF,0xFFFF,0xFFFF,0xFFFF,0xFFFF,0xFFCE,0x0700,0x0000,
	0x0000,0x01C0,0xC7FF,0xFFFF,0xFFFF,0xFFFF,0xFFFF,0xFFFF,
	0xFFFF,0xFFFF,0xFFFF,0xFFFF,0xFFFF,0xFFFF,0xFFFF,0xFFFF,
	0xFFFF,0xFFFF,0xFFFF,0xFFFF,0xFFFF,0xFFFF,0xFFFF,0xFFFF,
	0xFFFF,0xFFFF,0xFFFF,0xFFFF,0xFFFF,0xFFFF,0xFFFF,0xFFFF,
	0xFFFF,0xFFFF,0xFFFF,0xFFFF,0xFFFF,0xFFCE,0x0700,0x0000,
	0x0000,0x01C0,0xC7FF,0xFFFF,0xFFFF,0xFFFF,0xFFFF,0xFFFF,
	0xFFFF,0xFFFF,0xFFFF,0xFFFF,0xFFFF,0xFFFF,0xFFFF,0xFFFF,
	0xFFFF,0xFFFF,0xFFFF,0xFFFE,0xFFFF,0xFFFC,0x0BFF,0xFFFF,
	0xFFFF,0xFFFF,0xFFFF,0xFFFF,0xFFFF,0xFFFF,0xFFFF,0xFFFF,
	0xFFFF,0xFFFF,0xFFFF,0xFFFF,0xFFFF,0xFFCE,0x0700,0x0000,
	0x0000,0x01C0,0xC7FF,0xFFFF,0xFFFF,0xFFFF,0xFFFF,0xFFFF,
	0xFFFF,0xFFFF,0xFFFF,0xFFFF,0xFFFF,0xFFFF,0xFFFF,0xFFFF,
	0xFFFF,0xFFFF,0xFFFF,0xFFFF,0xFFFF,0xFFFF,0xFFFF,0xFFFF,
	0xFFFF,0xFFFF,0xFFFF,0xFFFF,0xFFFF,0xFFFF,0xFFFF,0xFFFF,
	0xFFFF,0xFFFF,0xFFFF,0xFFFF,0xFFFF,0xFFCE,0x0700,0x0000,
	0x0000,0x01C0,0xC7FF,0xFFFF,0xFFFF,0xFFFF,0xFFFF,0xFFFF,
	0xFFFF,0xFFFF,0xFFFF,0xFFFF,0xFFFF,0xFFFF,0xFFFF,0xFFFF,
	0xFFFF,0xFFFF,0xFFFF,0xFFFF,0xFFFF,0xFFFF,0xFFFF,0xFFFF,
	0xFFFF,0xFFFF,0xFFFF,0xFFFF,0xFFFF,0xFFFF,0xFFFF,0xFFFF,
	0xFFFF,0xFFFF,0xFFFF,0xFFFF,0xFFFF,0xFFCE,0x0700,0x0000,
	0x0000,0x00C0,0xC7FF,0xFFFF,0xFFFF,0xFFFF,0xFFFF,0xFFFF,
	0xFFFF,0xFFFF,0xFFFF,0xFFFF,0xFFFF,0xFFFF,0xFFFF,0xFFFF,
	0xFFFF,0xFFFF,0xFFFF,0xFFFF,0xFFFF,0xFFFF,0xFFFF,0xFFFF,
	0xFFFF,0xFFFF,0xFFFF,0xFFFF,0xFFFF,0xFFFF,0xFFFF,0xFFFF,
	0xFFFF,0xFFFF,0xFFFF,0xFFFF,0xFFFF,0xFFCE,0x0700,0x0000,
	0x0000,0x00C0,0xC7FF,0xFFFF,0xFFFF,0xFFFF,0xFFFF,0xFFFF,
	0xFFFF,0xFFFF,0xFFFF,0xFFFF,0xFFFF,0xFFFF,0xFFFF,0xFFFF,
	0xFFFF,0xFFFF,0xFFFF,0xFFFF,0xFFFF,0xFFFF,0xFFFF,0xFFFF,
	0xFFFF,0xFFFF,0xFFFF,0xFFFF,0xFFFF,0xFFFF,0xFFFF,0xFFFF,
	0xFFFF,0xFFFF,0xFFFF,0xFFFF,0xFFFF,0xFFCE,0x0700,0x0000,
	0x0000,0x00C0,0xC7FF,0xFFFF,0xFFFF,0xFFFF,0xFFFF,0xFFFF,
	0xFFFF,0xFFFF,0xFFFF,0xFFFF,0xFFFF,0xFFFF,0xFFFF,0xFFFF,
	0xFFFF,0xFFFF,0xFFFF,0xFFFF,0xFFFF,0xFFFF,0xFFFF,0xFFFF,
	0xFFFF,0xFFFF,0xFFFF,0xFFFF,0xFFFF,0xFFFF,0xFFFF,0xFFFF,
	0xFFFF,0xFFFF,0xFFFF,0xFFFF,0xFFFF,0xFFCE,0x0700,0x0000,
	0x0000,0x00C0,0xC7FF,0xFFFF,0xFFFF,0xFFFF,0xFFFF,0xFFFF,
	0xFFFF,0xFFFF,0xFFFF,0xFFFF,0xFFFF,0xFFFF,0xFFFD,0x7FFF,
	0xFFFF,0xFFFF,0xFFFF,0xFFFF,0xFFFF,0xFFFF,0xFFFF,0xFFFF,
	0xFFFF,0xFFFF,0xFFFF,0xFFFF,0xFFFF,0xFFFF,0xFFFF,0xFFFF,
	0xFFFF,0xFFFF,0xFFFF,0xFFFF,0xFFFF,0xFFCE,0x0700,0x0000,
	0x0000,0x00C0,0xC7FF,0xFFFF,0xFFFF,0xFFFF,0xFFFF,0xFFFF,
	0xFFFF,0xFFFF,0xFFFF,0xFFFF,0xFFFF,0xFFFF,0xFFFF,0xFFFF,
	0xFFFF,0xFFFF,0xFFFF,0xFFFF,0xFFFF,0xFFFF,0xFFFF,0xFFFF,
	0xFFFF,0xFFFF,0xFFFF,0xFFFF,0xFFFF,0xFFFF,0xFFFF,0xFFFF,
	0xFFFF,0xFFFF,0xFFFF,0xFFFF,0xFFFF,0xFFCE,0x0700,0x0000,
	0x0000,0x00C0,0xC7FF,0xFFFF,0xFFFF,0xFFFF,0xFFFF,0xFFFF,
	0xFFFF,0xFFFF,0xFFFF,0xFFFF,0xFFFF,0xFFFF,0xFFFF,0xFFFF,
	0xFFFF,0xFFFF,0xFFFF,0xFFFF,0xFFFF,0xFFFF,0xFFFF,0xFFFF,
	0xFFFF,0xFFFF,0xFFFF,0xFFFF,0xFFFF,0xFFFF,0xFFFF,0xFFFF,
	0xFFFF,0xFFFF,0xFFFF,0xFFFF,0xFFFF,0xFFCE,0x0700,0x0000,
	0x0000,0x00C0,0xC7FF,0xFFFF,0xFFFF,0xFFFF,0xFFFF,0xFFFF,
	0xFFFF,0xFFFF,0xFFFF,0xFFFF,0xFFFF,0xFFFF,0xFFFF,0xFFFF,
	0xFFFF,0xFFFF,0xFFFF,0xFFFF,0xFFFF,0xFFFF,0xFFFF,0xFFFF,
	0xFFFF,0xFFFF,0xFFFF,0xFFFF,0xFFFF,0xFFFF,0xFFFF,0xFFFF,
	0xFFFF,0xFFFF,0xFFFF,0xFFFF,0xFFFF,0xFFCE,0x0700,0x0000,
	0x0000,0x00C0,0xC7FF,0xFFFF,0xFFFF,0xFFFF,0xFFFF,0xFFFF,
	0xFFFF,0xFFFF,0xFFFF,0xFFFF,0xFFFF,0xFFFF,0xFFFF,0xFFFF,
	0xFFFF,0xFFFF,0xFFFF,0xFFFF,0xFFFF,0xFFFF,0xFFFF,0xFFFF,
	0xFFFF,0xFFFF,0xFFFF,0xFFFF,0xFFFF,0xFFFF,0xFFFF,0xFFFF,
	0xFFFF,0xFFFF,0xFFFF,0xFFFF,0xFFFF,0xFFCE,0x0700,0x0000,
	0x0000,0x00C0,0xC7FF,0xFFFF,0xFFFF,0xFFFF,0xFFFF,0xFFFF,
	0xFFFF,0xFFFF,0xFFFF,0xFFFF,0xFFFF,0xFFFF,0xFFFF,0xFFFF,
	0xFFFF,0xFFFF,0xFFFF,0xFFFF,0xFFFF,0xFFFF,0xFFFF,0xFFFF,
	0xFFFF,0xFFFF,0xFFFF,0xFFFF,0xFFFF,0xFFFF,0xFFFF,0xFFFF,
	0xFFFF,0xFFFF,0xFFFF,0xFFFF,0xFFFF,0xFFCE,0x0700,0x0000,
	0x0000,0x00C0,0xC7FF,0xFFFF,0xFFFF,0xFFFF,0xFFFF,0xFFFF,
	0xFFFF,0xFFFF,0xFFFF,0xFFFF,0xFFFF,0xFFFF,0xFFFF,0xFFFF,
	0xFFFF,0xFFFF,0xFFFF,0xFFFF,0xFFFF,0xFFFF,0xFFFF,0xFFFF,
	0xFFFF,0xFFFF,0xFFFF,0xFFFF,0xFFFF,0xFFFF,0xFFFF,0xFFFF,
	0xFFFF,0xFFFF,0xFFFF,0xFFFF,0xFFFF,0xFFCE,0x0700,0x0000,
	0x0000,0x00C0,0xC7FF,0xFFFF,0xFFFF,0xFFFF,0xFFFF,0xFFFF,
	0xFFFF,0xFFFF,0xFFFF,0xFFFF,0xFFFF,0xFFFF,0xFFFF,0xFFFF,
	0xFFFF,0xFFFF,0xFFFF,0xFFFF,0xF7FF,0xFFFF,0xFFFF,0xFFFF,
	0xFFFF,0xFFFF,0xFFFF,0xFFFF,0xFFFF,0xFFFF,0xFFFF,0xFFFF,
	0xFFFF,0xFFFF,0xFFFF,0xFFFF,0xFFFF,0xFFCE,0x0700,0x0000,
	0x0000,0x00C0,0xC7FF,0xFFFF,0xFFFF,0xFFFF,0xFFFF,0xFFFF,
	0xFFFF,0xFFFF,0xFFFF,0xFFFF,0xFFFF,0xFFFF,0xFFFE,0xFFFF,
	0xFFFF,0xFFFF,0xFFFF,0xFFFF,0xFFFF,0xFFFF,0xFFFF,0xFFFF,
	0xFFFF,0xFFFF,0xFFFF,0xFFFF,0xFFFF,0xFFFF,0xFFFF,0xFFFF,
	0xFFFF,0xFFFF,0xFFFF,0xFFFF,0xFFFF,0xFFCE,0x0700,0x0000,
	0x0000,0x0000,0xC7FF,0xFFFF,0xFFFF,0xFFFF,0xFFFF,0xFFFF,
	0xFFFF,0xFFFF,0xFFFF,0xFFFF,0xFFFF,0xFFFF,0xFFFF,0xFFFF,
	0xFFFF,0xFFFF,0xFFFF,0xFFFF,0xFFFF,0xFFFF,0xFFFF,0xFFFF,
	0xFFFF,0xFFFF,0xFFFF,0xFFFF,0xFFFF,0xFFFF,0xFFFF,0xFFFF,
	0xFFFF,0xFFFF,0xFFFF,0xFFFF,0xFFFF,0xFFCE,0x0000,0x0000,
	0x0000,0x0000,0xC7FF,0xFFFF,0xFFFF,0xFFFF,0xFFFF,0xFFFF,
	0xFFFF,0xFFFF,0xFFFF,0xFFFF,0xFFFF,0xFFFF,0xFFFF,0xFFFF,
	0xFFFF,0xFFFF,0xFFFF,0xFFFF,0xFFFF,0xFFFF,0xFFFF,0xFFFF,
	0xFFFF,0xFFFF,0xFFFF,0xFFFF,0xFFFF,0xFFFF,0xFFFF,0xFFFF,
	0xFFFF,0xFFFF,0xFFFF,0xFFFF,0xFFFF,0xFFCE,0x0000,0x0000,
	0x0000,0x0000,0xC7FF,0xFFFF,0xFFFF,0xFFFF,0xFFFF,0xFFFF,
	0xFFFF,0xFFFF,0xFFFF,0xFFFF,0xFFFF,0xFFFF,0xFFFF,0xFFFF,
	0xFFFF,0xFFFF,0xFFFF,0xFFFF,0xFFFF,0xFFFF,0xFFFF,0xFFFF,
	0xFFFF,0xFFFF,0xFFFF,0xFFFF,0xFFFF,0xFFFF,0xFFFF,0xFFFF,
	0xFFFF,0xFFFF,0xFFFF,0xFFFF,0xFFFF,0xFFCE,0x0000,0x0000,
	0x0000,0x0000,0xC7FF,0xFFFF,0xFFFF,0xFFFF,0xFFFF,0xFFFF,
	0xFFFF,0xFFFF,0xFFFF,0xFFFF,0xFFFF,0xFFFF,0xFFFF,0xFFFF,
	0xFFFF,0xFFFF,0xFFFF,0xFFFF,0xFFFF,0xFFFF,0xFFFF,0xFFFF,
	0xFFFF,0xFFFF,0xFFFF,0xFFFF,0xFFFF,0xFFFF,0xFFFF,0xFFFF,
	0xFFFF,0xFFFF,0xFFFF,0xFFFF,0xFFFF,0xFFCE,0x0000,0x0000,
	0x0000,0x0000,0xC7FF,0xFFFF,0xFFFF,0xFFFF,0xFFFF,0xFFFF,
	0xFFFF,0xFFFF,0xFFFF,0xFFFF,0xFFFF,0xFFFF,0xFFFF,0xFFFF,
	0xFFFF,0xFFFF,0xFFFF,0xFFFF,0xFFFF,0xFFFF,0xFFFF,0xFFFF,
	0xFFFF,0xFFFF,0xFFFF,0xFFFF,0xFFFF,0xFFFF,0xFFFF,0xFFFF,
	0xFFFF,0xFFFF,0xFFFF,0xFFFF,0xFFFF,0xFFCE,0x0000,0x0000,
	0x0000,0x0000,0xC7FF,0xFFFF,0xFFFF,0xFFFF,0xFFFF,0xFFFF,
	0xFFFF,0xFFFF,0xFFFF,0xFFFF,0xFFFF,0xFFFF,0xFFFF,0xFFFB,
	0xFFFF,0xFFFF,0xFFFF,0xFFFF,0xFFFF,0xFFFF,0xFFFF,0xFFFF,
	0xFFFF,0xFFFF,0xFFFF,0xFFFF,0xFFFF,0xFFFF,0xFFFF,0xFFFF,
	0xFFFF,0xFFFF,0xFFFF,0xFFFF,0xFFFF,0xFFCE,0x0000,0x0000,
	0x0000,0x0000,0xC7FF,0xFFFF,0xFFFF,0xFFFF,0xFFFF,0xFFFF,
	0xFFFF,0xFFFF,0xFFFF,0xFFFF,0xFFFF,0xFFFF,0xFFFF,0xFFFF,
	0xFFFF,0xFFFF,0xFFFF,0xFFFF,0xFFFF,0xFFFF,0xFFFF,0xFFFF,
	0xFFFF,0xFFFF,0xFFFF,0xFFFF,0xFFFF,0xFFFF,0xFFFF,0xFFFF,
	0xFFFF,0xFFFF,0xFFFF,0xFFFF,0xFFFF,0xFFCE,0x0000,0x0000,
	0x0000,0x0000,0xC7FF,0xFFFF,0xFFFF,0xFFFF,0xFFFF,0xFFFF,
	0xFFFF,0xFFFF,0xFFFF,0xFFFF,0xFFFF,0xFFFF,0xFFFF,0xFFFF,
	0xFFFF,0xFFFF,0xFFFF,0xFFFF,0xFFFF,0xFFFF,0xFFFF,0xFFFF,
	0xFFFF,0xFFFF,0xFFFF,0xFFFF,0xFFFF,0xFFFF,0xFFFF,0xFFFF,
	0xFFFF,0xFFFF,0xFFFF,0xFFFF,0xFFFF,0xFFCE,0x0000,0x0000,
	0x0000,0x0001,0xC7FF,0xFFFF,0xFFFF,0xFFFF,0xFFFF,0xFFFF,
	0xFFFF,0xFFFF,0xFFFF,0xFFFF,0xFFFF,0xFFFF,0xFFFF,0xFFFF,
	0xFFFF,0xFFFF,0xFFFF,0xFFFF,0xFFFF,0xFFFF,0xFFFF,0xFFFF,
	0xFFFF,0xFFFF,0xFFFF,0xFFFF,0xFFFF,0xFFFF,0xFFFF,0xFFFF,
	0xFFFF,0xFFFF,0xFFFF,0xFFFF,0xFFFF,0xFFCE,0x0000,0x0000,
	0x0000,0x0001,0xC7FF,0xFFFF,0xFFFF,0xFFFF,0xFFFF,0xFFFF,
	0xFFFF,0xFFFF,0xFFFF,0xFFFF,0xFFFF,0xFFFF,0xFFFF,0xFFFF,
	0xFFFF,0xFFFF,0xFFFF,0xFF7F,0xFFFF,0xFFFF,0xFFFF,0xFFFF,
	0xFFFF,0xFFFF,0xFFFF,0xFFFF,0xFFFF,0xFFFF,0xFFFF,0xFFFF,
	0xFFFF,0xFFFF,0xFFFF,0xFFFF,0xFFFF,0xFFCE,0x0000,0x0000,
	0x0000,0x0001,0xC7FF,0xFFFF,0xFFFF,0xFFFF,0xFFFF,0xFFFF,
	0xFFFF,0xFFFF,0xFFFF,0xFFFF,0xFFFF,0xFFFF,0xFFFF,0xFFFF,
	0xFFFF,0xFFFF,0xFFFF,0xFFFF,0xFFFF,0xFFFF,0xFFFF,0xFFFF,
	0xFFFF,0xFFFF,0xFFFF,0xFFFF,0xFFFF,0xFFFF,0xFFFF,0xFFFF,
	0xFFFF,0xFFFF,0xFFFF,0xFFFF,0xFFFF,0xFFCE,0x0000,0x0000,
	0x0000,0x0001,0xC7FF,0xFFFF,0xFFFF,0xFFFF,0xFFFF,0xFFFF,
	0xFFFF,0xFFFF,0xFFFF,0xFFFF,0xFFFF,0xFFFF,0xFFFF,0xFFFF,
	0xFFFF,0xFFFF,0xFFFF,0xFFFF,0xFFFF,0xFFFF,0xFFFF,0xFFFF,
	0xFFFF,0xFFFF,0xFFFF,0xFFFF,0xFFFF,0xFFFF,0xFFFF,0xFFFF,
	0xFFFF,0xFFFF,0xFFFF,0xFFFF,0xFFFF,0xFFCE,0x0000,0x0000,
	0x0000,0x0001,0xC7FF,0xFFFF,0xFFFF,0xFFFF,0xFFFF,0xFFFF,
	0xFFFF,0xFFFF,0xFFFF,0xFFFF,0xFFFF,0xFFFF,0xFFFF,0xFFFF,
	0xFFFF,0xFFFF,0xFFFF,0xFFFF,0xFFFF,0xFFFF,0xFFFF,0xFFFF,
	0xFFFF,0xFFFF,0xFFFF,0xFFFF,0xFFFF,0xFFFF,0xFFFF,0xFFFF,
	0xFFFF,0xFFFF,0xFFFF,0xFFFF,0xFFFF,0xFFCE,0x0000,0x0000,
	0x0000,0x0001,0xC7FF,0xFFFF,0xFFFF,0xFFFF,0xFFFF,0xFFFF,
	0xFFFF,0xFFFF,0xFFFF,0xFFFF,0xFFFF,0xFFFF,0xFFFF,0xFFFF,
	0xFFFF,0xFFFF,0xFFFF,0xFFFF,0xFFFF,0xFFFF,0xFFFF,0xFFFF,
	0xFFFF,0xFFFF,0xFFFF,0xFFFF,0xFFFF,0xFFFF,0xFFFF,0xFFFF,
	0xFFFF,0xFFFF,0xFFFF,0xFFFF,0xFFFF,0xFFCE,0x0000,0x0000,
	0x0000,0x0001,0xC7FF,0xFFFF,0xFFFF,0xFFFF,0xFFFF,0xFFFF,
	0xFFFF,0xFFFF,0xFFFF,0xFFFF,0xFFFF,0xFFFF,0xFFFF,0xFFFF,
	0xFFFF,0xFFFE,0xEFFF,0xFFFF,0x7FFF,0xFFFF,0xFFFF,0xFFFF,
	0xFFFF,0xFFFF,0xFFFF,0xFFFF,0xFFFF,0xFFFF,0xFFFF,0xFFFF,
	0xFFFF,0xFFFF,0xFFFF,0xFFFF,0xFFFF,0xFFCE,0x0000,0x0000,
	0x0000,0x0001,0xC7FF,0xFFFF,0xFFFF,0xFFFF,0xFFFF,0xFFFF,
	0xFFFF,0xFFFF,0xFFFF,0xFFFF,0xFFFF,0xFFFF,0xFFFF,0xFFFF,
	0xFFFF,0xFFFF,0xFFFF,0xFFFF,0xCFFF,0xFFFF,0xFFFF,0xFFFF,
	0xFFFF,0xFFFF,0xFFFF,0xFFFF,0xFFFF,0xFFFF,0xFFFF,0xFFFF,
	0xFFFF,0xFFFF,0xFFFF,0xFFFF,0xFFFF,0xFFCE,0x0000,0x0000,
	0x0000,0x0001,0xC7FF,0xFFFF,0xFFFF,0xFFFF,0xFFFF,0xFFFF,
	0xFFFF,0xFFFF,0xFFFF,0xFFFF,0xFFFF,0xFFFF,0xFFFF,0xFFFF,
	0xFFFF,0xFFFF,0xFFFF,0xFFFF,0xFFFF,0xFFFF,0xFFFF,0xFFFF,
	0xFFFF,0xFFFF,0xFFFF,0xFFFF,0xFFFF,0xFFFF,0xFFFF,0xFFFF,
	0xFFFF,0xFFFF,0xFFFF,0xFFFF,0xFFFF,0xFFCE,0x0000,0x0000,
	0x0000,0x0001,0xC7FF,0xFFFF,0xFFFF,0xFFFF,0xFFFF,0xFFFF,
	0xFFFF,0xFFFF,0xFFFF,0xFFFF,0xFFFF,0xFFFF,0xFFFF,0xFFFF,
	0xFFFF,0xFFFF,0xFFFF,0xFFFF,0xFFFF,0xFFFF,0xFFFF,0xFFFF,
	0xFFFF,0xFFFF,0xFFFF,0xFFFF,0xFFFF,0xFFFF,0xFFFF,0xFFFF,
	0xFFFF,0xFFFF,0xFFFF,0xFFFF,0xFFFF,0xFFCE,0x0000,0x0000,
	0x0000,0x0001,0xC7FF,0xFFFF,0xFFFF,0xFFFF,0xFFFF,0xFFFF,
	0xFFFF,0xFFFF,0xFFFF,0xFFFF,0xFFFF,0xFFFF,0xFFFF,0xFFFF,
	0xFFFF,0xFFFF,0xFFFF,0xFFFF,0xFFFF,0xFFFF,0xFFFF,0xFFFF,
	0xFFFF,0xFFFF,0xFFFF,0xFFFF,0xFFFF,0xFFFF,0xFFFF,0xFFFF,
	0xFFFF,0xFFFF,0xFFFF,0xFFFF,0xFFFF,0xFFCE,0x0000,0x0000,
	0x0000,0x0001,0xC7FF,0xFFFF,0xFFFF,0xFFFF,0xFFFF,0xFFFF,
	0xFFFF,0xFFFF,0xFFFF,0xFFFF,0xFFFF,0xFFFF,0xFFFF,0xFFFF,
	0xFFFF,0xFFFF,0xFFFF,0xFFFF,0xFFDF,0xFFFF,0xFFFF,0xFFFF,
	0xFFFF,0xFDFF,0xFFFF,0xFFFF,0xFFFF,0xFFFF,0xFFFF,0xFFFF,
	0xFFFF,0xFFFF,0xFFFF,0xFFFF,0xFFFF,0xFFCE,0x0000,0x0000,
	0x0000,0x0001,0xC7FF,0xFFFF,0xFFFF,0xFFFF,0xFFFF,0xFFFF,
	0xFFFF,0xFFFF,0xFFFF,0xFFFF,0xFFFF,0xFFFF,0xFFFF,0xFFFF,
	0xFFFF,0xFFFF,0xFFFF,0xFFFF,0xFFFF,0xFFFF,0xFFFF,0xFFFF,
	0xFFFF,0xFFFF,0xFFFF,0xFFFF,0xFFFF,0xFFFF,0xFFFF,0xFFFF,
	0xFFFF,0xFFFF,0xFFFF,0xFFFF,0xFFFF,0xFFCE,0x0000,0x0000,
	0x0000,0x0001,0xC7FF,0xFFFF,0xFFFF,0xFFFF,0xFFFF,0xFFFF,
	0xFFFF,0xFFFF,0xFFFF,0xFFFF,0xFFFF,0xFFFF,0xFFFF,0xFFFF,
	0xFFFF,0xFFFF,0xFFFF,0xFFFF,0xFFFF,0xFFFF,0xFFFF,0xFFFF,
	0xFFFF,0xFFFF,0xFFFF,0xFFFF,0xFFFF,0xFFFF,0xFFFF,0xFFFF,
	0xFFFF,0xFFFF,0xFFFF,0xFFFF,0xFFFF,0xFFCE,0x0000,0x0000,
	0x0000,0x0001,0xC7FF,0xFFFF,0xFFFF,0xFFFF,0xFFFF,0xFFFF,
	0xFFFF,0xFFFF,0xFFFF,0xFFFF,0xFFFF,0xFFFF,0xFFFF,0xFFFF,
	0xFFFF,0xFFFF,0xFFFF,0xFFFF,0xFFFF,0xFFFF,0xFFFF,0xFFFF,
	0xFFFF,0xFFFF,0xFFFF,0xFFFF,0xFFFF,0xFFFF,0xFFFF,0xFFFF,
	0xFFFF,0xFFFF,0xFFFF,0xFFFF,0xFFFF,0xFFCE,0x0000,0x0000,
	0x0000,0x0001,0xC7FF,0xFFFF,0xFFFF,0xFFFF,0xFFFF,0xFFFF,
	0xFFFF,0xFFFF,0xFFFF,0xFFFF,0xFFFF,0xFFFF,0xFFFF,0xFFFF,
	0xFFFF,0xFFFF,0xFFFF,0xFFFF,0xFFFF,0xFFFF,0xFFFF,0xFFFF,
	0xFFFF,0xFFFF,0xFFFF,0xFFFF,0xFFFF,0xFFFF,0xFFFF,0xFFFF,
	0xFFFF,0xFFFF,0xFFFF,0xFFFF,0xFFFF,0xFFCE,0x0000,0x0000,
	0x0000,0x0001,0xC7FF,0xFFFF,0xFFFF,0xFFFF,0xFFFF,0xFFFF,
	0xFFFF,0xFFFF,0xFFFF,0xFFFF,0xFFFF,0xFFFF,0xFFFF,0xFFFF,
	0xFFFF,0xFFFF,0xFFFF,0xFFFF,0xC7FF,0xEFFF,0xFFFF,0xFFFF,
	0xFFFF,0xFFFF,0xFFFF,0xFFFF,0xFFFF,0xFFFF,0xFFFF,0xFFFF,
	0xFFFF,0xFFFF,0xFFFF,0xFFFF,0xFFFF,0xFFCE,0x0000,0x0000,
	0x0000,0x0001,0xC7FF,0xFFFF,0xFFFF,0xFFFF,0xFFFF,0xFFFF,
	0xFFFF,0xFFFF,0xFFFF,0xFFFF,0xFFFF,0xFFFF,0xFFFF,0xFFFF,
	0xFFFF,0xFFFF,0xFFFF,0xFFFE,0x4FFF,0xFFFF,0xFFFF,0xFFFF,
	0xFFFF,0xFFFF,0xFFFF,0xFFFF,0xFFFF,0xFFFF,0xFFFF,0xFFFF,
	0xFFFF,0xFFFF,0xFFFF,0xFFFF,0xFFFF,0xFFCE,0x0000,0x0000,
	0x0000,0x0001,0xC7FF,0xFFFF,0xFFFF,0xFFFF,0xFFFF,0xFFFF,
	0xFFFF,0xFFFF,0xFFFF,0xFFFF,0xFFFF,0xFFFF,0xFFFF,0xFFFF,
	0xFFFF,0xFFFF,0xFFFF,0xFFFE,0x3FFF,0xFFFF,0xFFFF,0xFFFF,
	0xFFFF,0xFFFF,0xFFFF,0xFFFF,0xFFFF,0xFFFF,0xFFFF,0xFFFF,
	0xFFFF,0xFFFF,0xFFFF,0xFFFF,0xFFFF,0xFFCE,0x0000,0x0000,
	0x0000,0x0001,0xC7FF,0xFFFF,0xFFFF,0xFFFF,0xFFFF,0xFFFF,
	0xFFFF,0xFFFF,0xFFFF,0xFFFF,0xFFFF,0xFFFF,0xFFFF,0xFFFF,
	0xFFFF,0xFFFF,0xFFFF,0xFFF3,0xBFFF,0xFFFF,0xFFFF,0xFFFF,
	0xFFFF,0xFFFF,0xFFFF,0xFFFF,0xFFFF,0xFFFF,0xFFFF,0xFFFF,
	0xFFFF,0xFFFF,0xFFFF,0xFFFF,0xFFFF,0xFFCE,0x0000,0x0000,
	0x0000,0x0001,0xC7FF,0xFFFF,0xFFFF,0xFFFF,0xFFFF,0xFFFF,
	0xFFFF,0xFFFF,0xFFFF,0xFFFF,0xFFFF,0xFFFF,0xFFFF,0xFFFF,
	0xFFFF,0xFFFF,0xFFFF,0xFFDF,0xF3FF,0xFFFF,0xFFFF,0xFFFF,
	0xFFFF,0xFFFF,0xFFFF,0xFFFF,0xFFFF,0xFFFF,0xFFFF,0xFFFF,
	0xFFFF,0xFFFF,0xFFFF,0xFFFF,0xFFFF,0xFFCE,0x0000,0x0000,
	0x0000,0x0001,0xC7FF,0xFFFF,0xFFFF,0xFFFF,0xFFFF,0xFFFF,
	0xFFFF,0xFFFF,0xFFFF,0xFFFF,0xFFFF,0xFFFF,0xFFFF,0xFFFF,
	0xFFFF,0xFFFE,0xFFFF,0xFFE7,0xF3FF,0xFFFF,0xFFFF,0xFFFF,
	0xFFFF,0xFFFF,0xFFFF,0xFFFF,0xFFFF,0xFFFF,0xFFFF,0xFFFF,
	0xFFFF,0xFFFF,0xFFFF,0xFFFF,0xFFFF,0xFFCE,0x0000,0x0000,
	0x0000,0x0001,0xC7FF,0xFFFF,0xFFFF,0xFFFF,0xFFFF,0xFFFF,
	0xFFFF,0xFFFF,0xFFFF,0xFFFF,0xFFFF,0xFFFF,0xFFFF,0xFFFF,
	0xFFFF,0xFFFF,0xFFFF,0xFFF4,0x1FE2,0xFFFF,0xFFFF,0xFFFF,
	0xFFFF,0xFFFF,0xFFFF,0xFFFF,0xFFFF,0xFFFF,0xFFFF,0xFFFF,
	0xFFFF,0xFFFF,0xFFFF,0xFFFF,0xFFFF,0xFFCE,0x0000,0x0000,
	0x0000,0x0001,0xC7FF,0xFFFF,0xFFFF,0xFFFF,0xFFFF,0xFFFF,
	0xFFFF,0xFFFF,0xFFFF,0xFFFF,0xFFFF,0xFFFF,0xFFFF,0xFFFF,
	0xFFFF,0xFFFF,0xFFFF,0xFFC0,0x1F1B,0xFFFF,0xFFFF,0xFFFF,
	0xFFFF,0xFFFF,0xFFFF,0xFFFF,0xFFFF,0xFFFF,0xFFFF,0xFFFF,
	0xFFFF,0xFFFF,0xFFFF,0xFFFF,0xFFFF,0xFFCE,0x0000,0x0000,
	0x0000,0x0001,0xC7FF,0xFFFF,0xFFFF,0xFFFF,0xFFFF,0xFFFF,
	0xFFFF,0xFFFF,0xFFFF,0xFFFF,0xFFFF,0xFFFF,0xFFFF,0xFFFF,
	0xFFFF,0xFFFF,0xFFFF,0xFFFA,0x7EEF,0xFFFF,0xFFFF,0xFFFF,
	0xFFFF,0xFFFF,0xFFFF,0xFFFF,0xFFFF,0xFFFF,0xFFFF,0xFFFF,
	0xFFFF,0xFFFF,0xFFFF,0xFFFF,0xFFFF,0xFFCE,0x0000,0x0000,
	0x0000,0x0001,0xC7FF,0xFFFF,0xFFFF,0xFFFF,0xFFFF,0xFFFF,
	0xFFFF,0xFFFF,0xFFFF,0xFFFF,0xFFFF,0xFFFF,0xFFFF,0xFFFF,
	0xFFFF,0xFFFF,0xFFFF,0xFFFF,0xA86F,0xFFFF,0xFFFF,0xFFFF,
	0xFFFF,0xFFFF,0xFFFF,0xFFFF,0xFFFF,0xFFFF,0xFFFF,0xFFFF,
	0xFFFF,0xFFFF,0xFFFF,0xFFFF,0xFFFF,0xFFCE,0x0000,0x0000,
	0x0000,0x0001,0xC7FF,0xFFFF,0xFFFF,0xFFFF,0xFFFF,0xFFFF,
	0xFFFF,0xFFFF,0xFFFF,0xFFFF,0xFFFF,0xFFFF,0xFFFF,0xFFFF,
	0xFFFF,0xFFFF,0xFFFF,0xFFF6,0xAE4F,0xFFFF,0xFFFF,0xFFFF,
	0xFFFF,0xFFFF,0xFFFF,0xFFFF,0xFFFF,0xFFFF,0xFFFF,0xFFFF,
	0xFFFF,0xFFFF,0xFFFF,0xFFFF,0xFFFF,0xFFCE,0x0000,0x0000,
	0x0000,0x0001,0xC7FF,0xFFFF,0xFFFF,0xFFFF,0xFFFF,0xFFFF,
	0xFFFF,0xFFFF,0xFFFF,0xFFFF,0xFFFF,0xFFFF,0xFFFF,0xFFFF,
	0xFFFF,0xFFFF,0xFFFF,0xFFF2,0x6E6F,0xFFFF,0xFFFF,0xFFFF,
	0xFFFF,0xFFFF,0xFFFF,0xFFFF,0xFFFF,0xFFFF,0xFFFF,0xFFFF,
	0xFFFF,0xFFFF,0xFFFF,0xFFFF,0xFFFF,0xFFCE,0x0000,0x0000,
	0x0000,0x0001,0xC7FF,0xFFFF,0xFFFF,0xFFFF,0xFFFF,0xFFFF,
	0xFFFF,0xFFFF,0xFFFF,0xFFFF,0xFFFF,0xFFFF,0xFFFF,0xFFFF,
	0xFFFF,0xFFFF,0xFFFF,0xFFE8,0x2E6F,0xFEFF,0xFFFF,0xFFFF,
	0xFFFF,0xFFFF,0xFFFF,0xFFFF,0xFFFF,0xFFFF,0xFFFF,0xFFFF,
	0xFFFF,0xFFFF,0xFFFF,0xFFFF,0xFFFF,0xFFCE,0x0000,0x0000,
	0x0000,0x0001,0xC7FF,0xFFFF,0xFFFF,0xFFFF,0xFFFF,0xFFFF,
	0xFFFF,0xFFFF,0xFFFF,0xFFFF,0xFFFF,0xFFFF,0xFFFF,0xFFFF,
	0xFFFF,0xFFFF,0xFFFF,0xF8CC,0x2E6F,0xFFFF,0xFFFF,0xFFFF,
	0xFFFF,0xFFFF,0xFFFF,0xFFFF,0xFFFF,0xFFFF,0xFFFF,0xFFFF,
	0xFFFF,0xFFFF,0xFFFF,0xFFFF,0xFFFF,0xFFCE,0x0000,0x0000,
	0x0000,0x0001,0xC7FF,0xFFFF,0xFFFF,0xFFFF,0xFFFF,0xFFFF,
	0xFFFF,0xFFFF,0xFFFF,0xFFFF,0xFFFF,0xFFFF,0xFFFF,0xFFFF,
	0xFFFF,0xFFFF,0xFFFF,0x9AFF,0x2E6F,0xFFFF,0xFFFF,0xFFFF,
	0xFFFF,0xFFFF,0xFFFF,0xFFFF,0xFFFF,0xFFFF,0xFFFF,0xFFFF,
	0xFFFF,0xFFFF,0xFFFF,0xFFFF,0xFFFF,0xFFCE,0x0000,0x0000,
	0x0000,0x0001,0xC7FF,0xFFFF,0xFFFF,0xFFFF,0xFFFF,0xFFFF,
	0xFFFF,0xFFFF,0xFFFF,0xFFFF,0xFFFF,0xFFFF,0xFFFF,0xFFFF,
	0xFFFF,0xFFFF,0xFFDF,0xE0F7,0x2E6F,0xFFFF,0xFFFF,0xFFFF,
	0xFFFF,0xFFFF,0xFFFF,0xFFFF,0xFFFF,0xFFFF,0xFFFF,0xFFFF,
	0xFFFF,0xFFFF,0xFFFF,0xFFFF,0xFFFF,0xFFCE,0x0000,0x0000,
	0x0000,0x0001,0xC7FF,0xFFFF,0xFFFF,0xFFFF,0xFFFF,0xFFFF,
	0xFFFF,0xFFFF,0xFFFF,0xFFFF,0xFFFF,0xFFFF,0xFFFF,0xFFFF,
	0xFFFF,0xFFFF,0xFFFF,0x61F6,0x066F,0xFFFF,0xFFFF,0xFFFF,
	0xFFFF,0xFFFF,0xFFFF,0xFFFF,0xFFFF,0xFFFF,0xFFFF,0xFFFF,
	0xFFFF,0xFFFF,0xFFFF,0xFFFF,0xFFFF,0xFFCE,0x0000,0x0000,
	0x0000,0x0001,0xC7FF,0xFFFF,0xFFFF,0xFFFF,0xFFFF,0xFFFF,
	0xFFFF,0xFFFF,0xFFFF,0xFFFF,0xFFFF,0xFFFF,0xFFFF,0xFFFF,
	0xFFFF,0xFFFF,0xFFDF,0x82D0,0xF003,0xFFFF,0xFFFF,0xFFFF,
	0xFFDF,0xFFFF,0xFFFF,0xFFFF,0xFFFF,0xFFFF,0xFFFF,0xFFFF,
	0xFFFF,0xFFFF,0xFFFF,0xFFFF,0xFFFF,0xFFCE,0x0000,0x0000,
	0x0000,0x0001,0xC7FF,0xFFFF,0xFFFF,0xFFFF,0xFFFF,0xFFFF,
	0xFFFF,0xFFFF,0xFFFF,0xFFFF,0xFFFF,0xFFFF,0xFFFF,0xFFFF,
	0xFFFF,0xFFFF,0xFFFF,0x8153,0xF002,0xFFFF,0xFFFF,0xFFFF,
	0xFFFF,0xFFFF,0xFFFF,0xFFFF,0xFFFF,0xFFFF,0xFFFF,0xFFFF,
	0xFFFF,0xFFFF,0xFFFF,0xFFFF,0xFFFF,0xFFCE,0x0000,0x0000,
	0x0000,0x0001,0xC7FF,0xFFFF,0xFFFF,0xFFFF,0xFFFF,0xFFFF,
	0xFFFF,0xFFFF,0xFFFF,0xFFFF,0xFFFF,0xFFFF,0xFFFF,0xFFFF,
	0xFFFF,0xFFFF,0xFFFC,0x117F,0xF88C,0x3FFF,0xFFFF,0xFFFF,
	0xFFFF,0xFFFF,0xFFFF,0xFFFF,0xFFFF,0xFFFF,0xFFFF,0xFFFF,
	0xFFFF,0xFFFF,0xFFFF,0xFFFF,0xFFFF,0xFFCE,0x0000,0x0000,
	0x0000,0x0001,0xC7FF,0xFFFF,0xFFFF,0xFFFF,0xFFFF,0xFFFF,
	0xFFFF,0xFFFF,0xFFFF,0xFFFF,0xFFFF,0xFFFF,0xFFFF,0xFFFF,
	0xFFFF,0xFFFF,0xFFF2,0xC03B,0x3FDC,0x17FF,0xFFFF,0xFFFF,
	0xFFFF,0xFFFF,0xFFFF,0xFFFF,0xFFFF,0xFFFF,0xFFFF,0xFFFF,
	0xFFFF,0xFFFF,0xFFFF,0xFFFF,0xFFFF,0xFFCE,0x0000,0x0000,
	0x0000,0x0001,0xC7FF,0xFFFF,0xFFFF,0xFFFF,0xFFFF,0xFFFF,
	0xFFFF,0xFFFF,0xFFFF,0xFFFF,0xFFFF,0xFFFF,0xFFFF,0xFFFF,
	0xFFFF,0xFFFF,0xFF8F,0xE1A0,0x01C0,0x0CFF,0xFFFF,0xFFFF,
	0xFFFF,0xFFFF,0xFFFF,0xFFFF,0xFFFF,0xFFFF,0xFFFF,0xFFFF,
	0xFFFF,0xFFFF,0xFFFF,0xFFFF,0xFFFF,0xFFCE,0x0000,0x0000,
	0x0000,0x0001,0xC7FF,0xFFFF,0xFFFF,0xFFFF,0xFFFF,0xFFFF,
	0xFFFF,0xFFFF,0xFFFF,0xFFFF,0xFFFF,0xFFFF,0xFFFF,0xFFFF,
	0xFFFF,0xFFFF,0xFE7F,0xF01C,0xFE00,0x0DDF,0xFFFF,0xFFFF,
	0xFFFF,0xFFFF,0xFFFF,0xFFFF,0xFFFF,0xFFFF,0xFFFF,0xFFFF,
	0xFFFF,0xFFFF,0xFFFF,0xFFFF,0xFFFF,0xFFCE,0x0000,0x0000,
	0x0000,0x0001,0xC7FF,0xFFFF,0xFFFF,0xFFFF,0xFFFF,0xFFFF,
	0xFFFF,0xFFFF,0xFFFF,0xFFFF,0xFFFF,0xFFFF,0xFFFF,0xFFFF,
	0xFFFF,0xFFFF,0xFE7D,0x201F,0xFE1E,0x7BDF,0xFFFF,0xFFFF,
	0xFFFF,0xFFFF,0xFFFF,0xFFFF,0xFFFF,0xFFFF,0xFFFF,0xFFFF,
	0xFFFF,0xFFFF,0xFFFF,0xFFFF,0xFFFF,0xFFCE,0x0000,0x0000,
	0x0000,0x0001,0xC7FF,0xFFFF,0xFFFF,0xFFFF,0xFFFF,0xFFFF,
	0xFFFF,0xFFFF,0xFFFF,0xFFFF,0xFFFF,0xFFFF,0xFFFF,0xFFFF,
	0xFFFF,0xFFFF,0xFE63,0x7FFF,0xFFFF,0x9FDF,0xFFFF,0xFFFF,
	0xFFFF,0xFFFF,0xFFFF,0xFFFF,0xFFFF,0xFFFF,0xFFFF,0xFFFF,
	0xFFFF,0xFFFF,0xFFFF,0xFFFF,0xFFFF,0xFFCE,0x0000,0x0000,
	0x0000,0x0001,0xC7FF,0xFFFF,0xFFFF,0xFFFF,0xFFFF,0xFFFF,
	0xFFFF,0xFFFF,0xFFFF,0xFFFF,0xFFFF,0xFFFF,0xFFFF,0xFFFF,
	0xFFFF,0xFFFF,0xFEFF,0xFBFF,0xFFF3,0xFF9F,0xFFFD,0xFFFF,
	0xFFFF,0xFFFE,0x0BC8,0xFFFF,0xFFFF,0xFFFF,0xFFFF,0xFFFF,
	0xFFFF,0xFFFF,0xFFFF,0xFFFF,0xFFFF,0xFFCE,0x0000,0x0000,
	0x0000,0x0001,0xC7FF,0xFFFF,0xFFFF,0xFFFF,0xFFFF,0xFFFF,
	0xFFFF,0xFFFF,0xFFFF,0xFFFF,0xFFFF,0xFFFF,0xFFFF,0xFFFF,
	0xFFFF,0xFFFF,0xFEFF,0xE680,0x001F,0xB9DF,0xFFFF,0xFFFF,
	0xFFFA,0xEFBF,0xBC0F,0xE7FF,0xCFFF,0xFFFF,0xFFFF,0xFFFF,
	0xFFFF,0xFFFF,0xFFFF,0xFFFF,0xFFFF,0xFFCE,0x0000,0x0000,
	0x0000,0x0001,0xC7FF,0xFFFF,0xFFFF,0xFFFF,0xFFFF,0xFFFF,
	0xFFFF,0xFFFF,0xFFFF,0xFFFF,0xFFFF,0xFFFF,0xFFFF,0xFFFF,
	0xFFFF,0xFFFF,0xFEF1,0xF726,0xFFBF,0xB1DF,0xFFFF,0xFFFF,
	0xFFFF,0x7BFE,0x6FFC,0x027F,0xBBFF,0xFFFF,0xFFFF,0xFFFF,
	0xFFFF,0xFFFF,0xFFFF,0xFFFF,0xFFFF,0xFFCE,0x0000,0x0000,
	0x0000,0x0001,0xC7FF,0xFFFF,0xFFFF,0xFFFF,0xFFFF,0xFFFF,
	0xFFFF,0xFFFF,0xFFFF,0xFFFF,0xFFFF,0xFFFF,0xFFFF,0xFFFF,
	0xFFFF,0xFFFF,0xFF79,0xF72F,0xCFFF,0xBF9F,0xFFFF,0xFFFF,
	0xBF7F,0xEFFF,0xEFF7,0xE11F,0x83FF,0xFFFF,0xFFFF,0xFFFF,
	0xFFFF,0xFFFF,0xFFFF,0xFFFF,0xFFFF,0xFFCE,0x0000,0x0000,
	0x0000,0x0001,0xC7FF,0xFFFF,0xFFFF,0xFFFF,0xFFFF,0xFFFF,
	0xFFFF,0xFFFF,0xFFFF,0xFFFF,0xFFFF,0xFFFF,0xFFFF,0xFFFF,
	0xFFFF,0xFFFF,0xFE01,0xF73F,0x033F,0xB81F,0xFFFF,0xFFFE,
	0xFEFF,0xDFEF,0xEFCB,0xF807,0x73FF,0xFFFF,0xFFFF,0xFFFF,
	0xFFFF,0xFFFF,0xFFFF,0xFFFF,0xFFFF,0xFFCE,0x0000,0x0000,
	0x0000,0x0001,0xC7FF,0xFFFF,0xFFFF,0xFFFF,0xFFFF,0xFFFF,
	0xFFFF,0xFFFF,0xFFFF,0xFFFF,0xFFFF,0xFFFF,0xFFFF,0xFFFF,
	0xFFFF,0xFFFF,0xFF04,0x3F00,0x401F,0xE3FF,0xFFFF,0xFFFE,
	0xFFFF,0xFF80,0x03FF,0xFFFF,0x73FF,0xFFFF,0xFFFF,0xFFFF,
	0xFFFF,0xFFFF,0xFFFF,0xFFFF,0xFFFF,0xFFCE,0x0000,0x0000,
	0x0000,0x0001,0xC7FF,0xFFFF,0xFFFF,0xFFFF,0xFFFF,0xFFFF,
	0xFFFF,0xFFFF,0xFFFF,0xFFFF,0xFFFF,0xFFFF,0xFFFF,0xFFFF,
	0xFC1F,0xFFFF,0xFF20,0x43FF,0xFFF0,0x3F3F,0xFFFF,0xFFFF,
	0xE7FF,0xFFBF,0xF3FF,0xFFFF,0x53FF,0xFFFF,0xFFFF,0xFFFF,
	0xFFFF,0xFFFF,0xFFFF,0xFFFF,0xFFFF,0xFFCE,0x0000,0x0000,
	0x0000,0x0001,0xC7FF,0xFFFF,0xFFFF,0xFFFF,0xFFFF,0xFFFF,
	0xFFFF,0xFFFF,0xFFFF,0xFFFF,0xFFFF,0xFFFF,0xFFFF,0xFFFF,
	0xFC1F,0xFFFF,0xFFF4,0x7C00,0x0003,0xA8FF,0xFFFF,0xFFFF,
	0x6FFF,0xFF4F,0xF3FF,0xFFFF,0x93FF,0xFFFF,0xFFFF,0xFFFF,
	0xFFFF,0xFFFF,0xFFFF,0xFFFF,0xFFFF,0xFFCE,0x0000,0x0000,
	0x0000,0x0001,0xC7FF,0xFFFF,0xFFFF,0xFFFF,0xFFFF,0xFFFF,
	0xFFFF,0xFFFF,0xFFFF,0xFFFF,0xFFFF,0xFFFF,0xFFFF,0xFFFF,
	0xFFFF,0xFFFF,0xFFFC,0x021F,0xFFF8,0x07FF,0xFFFF,0xFFFC,
	0xFFFF,0xFF5F,0xF3FF,0xFFFF,0x33FF,0xFFFF,0xFFFF,0xFFFF,
	0xFFFF,0xFFFF,0xFFFF,0xFFFF,0xFFFF,0xFFCE,0x0000,0x0000,
	0x0000,0x0001,0xC7FF,0xFFFF,0xFFFF,0xFFFF,0xFFFF,0xFFFF,
	0xFFFF,0xFFFF,0xFFFF,0xFFFF,0xFFFF,0xFFFF,0x3C01,0xFFFF,
	0xFFFF,0xFFFF,0xFFFF,0xE000,0x0000,0x77FF,0xFFFF,0xFFFC,
	0x3BFF,0xFF4F,0xF3FF,0xFFC7,0xB3FF,0xFFFF,0xFFFF,0xFFFF,
	0xFFFF,0xFFFF,0xFFFF,0xFFFF,0xFFFF,0xFFCE,0x0000,0x0000,
	0x0000,0x0001,0xC7FF,0xFFFF,0xFFFF,0xFFFF,0xFFFF,0xFFFF,
	0xFFFF,0xFFFF,0xFFFF,0xFFFF,0xFFFF,0xFC5F,0x1FFE,0x817F,
	0xFFFF,0xFDFF,0xFFE0,0x0680,0x0004,0x00FF,0xFFFF,0xFFA2,
	0xC3FF,0xFF4F,0xF3FF,0xFFCF,0xB3FF,0xFFFF,0xFFFF,0xFFFF,
	0xFFFF,0xFFFF,0xFFFF,0xFFFF,0xFFFF,0xFFCE,0x0000,0x0000,
	0x0000,0x0001,0xC7FF,0xFFFF,0xFFFF,0xFFFF,0xFFFF,0xFFFF,
	0xFFFF,0xFFFF,0xFFFF,0xFFFF,0xFFFF,0xFEF8,0x1FFE,0x027B,
	0xFFFF,0xFFFF,0xFFE7,0x888E,0x000C,0x7FFF,0xFFFF,0xFF80,
	0x9CFF,0xFF79,0xF3FF,0xFF3F,0xB3FF,0xFFFF,0xFFFF,0xFFFF,
	0xFFFF,0xFFFF,0xFFFF,0xFFFF,0xFFFF,0xFFCE,0x0000,0x0000,
	0x0000,0x0001,0xC7FF,0xFFFF,0xFFFF,0xFFFF,0xFFFF,0xFFFF,
	0xFFFF,0xFFFF,0xFFFF,0xFFFF,0xFFFF,0xFFE1,0xE7FE,0x00C1,
	0xFFFF,0xFFFF,0xFFE2,0x218F,0xFF9C,0x66FF,0xFFFF,0xFFA3,
	0x8800,0xFF7F,0xF3FF,0x0038,0x33FF,0xFFFF,0xFFFF,0xFFFF,
	0xFFFF,0xFFFF,0xFFFF,0xFFFF,0xFFFF,0xFFCE,0x0000,0x0000,
	0x0000,0x0001,0xC7FF,0xFFFF,0xFFFF,0xFFFF,0xFFFF,0xFFFF,
	0xFFFF,0xFFFF,0xFFFF,0xFFFF,0xFFFB,0xFCCF,0xFFF7,0xD603,
	0x7FFF,0xFFFF,0xFFEF,0xC697,0xFF9D,0xEEFF,0xFFFF,0xFE00,
	0x1418,0x0F7F,0xF000,0x3F38,0xB3FF,0xFFFF,0xFFFF,0xFFFF,
	0xFFFF,0xFFFF,0xFFFF,0xFFFF,0xFFFF,0xFFCE,0x0000,0x0000,
	0x0000,0x0001,0xC7FF,0xFFFF,0xFFFF,0xFFFF,0xFFFF,0xFFFF,
	0xFFFF,0xFFFF,0xFFFF,0xFFFF,0xFFFF,0xFBFF,0x9FFF,0xE021,
	0x7FFF,0xFFFF,0xFFEF,0x8F97,0xFF9C,0x1CFF,0xFFFF,0x8000,
	0x0638,0x1000,0x0007,0xF810,0xC3FF,0xFFFF,0xFFFF,0xFFFF,
	0xFFFF,0xFFFF,0xFFFF,0xFFFF,0xFFFF,0xFFCE,0x0000,0x0000,
	0x0000,0x0000,0xC7FF,0xFFFF,0xFFFF,0xFFFF,0xFFFF,0xFFFF,
	0xFFFF,0xFFFF,0xFFFF,0xFFFF,0xFFEF,0xFFFF,0xFFFD,0xFFF3,
	0xFFFF,0xFEFF,0xFFEF,0xE39B,0xFF80,0xFCFF,0xFFFE,0x0001,
	0xFFE7,0x078F,0xFFFF,0xC3FF,0xC3FF,0xFFFF,0xFFFF,0xFFFF,
	0xFFFF,0xFFFF,0xFFFF,0xFFFF,0xFFFF,0xFFCE,0x0000,0x0000,
	0x0000,0x0000,0xC7FF,0xFFFF,0xFFFF,0xFFFF,0xFFFF,0xFFFF,
	0xFFFF,0xFFFF,0xFFFF,0xFFFF,0xFE81,0xFFFF,0xFFFE,0xFFFE,
	0x1EFF,0xFFFF,0xFFEE,0xC3C7,0xFF80,0xE4FF,0xFFFF,0x8F68,
	0x00BC,0xCF9F,0xFFFF,0x0FF4,0xFFFF,0xFFFF,0xFFFF,0xFFFF,
	0xFFFF,0xFFFF,0xFFFF,0xFFFF,0xFFFF,0x864E,0x0000,0x0000,
	0x0000,0x0000,0xC7FF,0xFFFF,0xFFFF,0xFFFF,0xFFFF,0xFFFF,
	0xFFFF,0xFFFF,0xFFFF,0xFFFF,0xFE37,0xFCFF,0xFFFE,0xF8FF,
	0x0FFF,0xFFFF,0xFFEE,0x87DF,0xFF80,0x04FF,0xFFFE,0x01FE,
	0x6158,0xFFFF,0xF800,0x13F4,0x5FFF,0xFFFF,0xFFFF,0xFFFF,
	0xFFFF,0xFFFF,0xFFFF,0xFFFF,0xFFFF,0x3FCE,0x0000,0x0000,
	0x0000,0x0000,0xC7FF,0xFFFF,0xFFFF,0xFFFF,0xFFFF,0xFFFF,
	0xFFFF,0xFFFF,0xFFFF,0xFFFF,0xFCFF,0xFF85,0xFFFC,0x07FF,
	0x82FF,0xFFFF,0xFFEE,0x20DF,0xFF84,0x04FF,0xFFFE,0x01FD,
	0xFF18,0x0007,0xFC3F,0xF3F4,0xFFFF,0xFFFF,0xFFFF,0xFFFF,
	0xFFFF,0xFFFF,0xFFFF,0xFFFF,0xFFE3,0xFFCE,0x0000,0x0000,
	0x0000,0x0000,0xC7FF,0xFFFF,0xFFFF,0xFFFF,0xFFFF,0xFFFF,
	0xFFFF,0xFFFF,0xFFFF,0xFFFF,0xFCFF,0xFFFD,0xFFFF,0x3FFF,
	0x8EFF,0xFFFF,0xFFFD,0xA09F,0xFFBE,0x7FFF,0xFFFF,0x5FFE,
	0x07D8,0xFC7F,0xFCCF,0xF3F0,0x0FFF,0xFFFF,0xFFFF,0xFFFF,
	0xFFFF,0xFFFF,0xFFFF,0xFFFF,0xF00F,0xFFCE,0x0000,0x0000,
	0x0000,0x0000,0xC7FF,0xFFFF,0xFFFF,0xFFFF,0xFFFF,0xFFFF,
	0xFFFF,0xFFFF,0xFFFF,0xFFFF,0xFFF3,0xFFFD,0xFFFF,0x3FFF,
	0xFE3E,0xFFFF,0xFFFA,0x709F,0xFFBE,0xAFFF,0xFFFF,0x81FC,
	0x0000,0xFE7F,0xE000,0x33FC,0x7FFF,0xFFFF,0xFFFF,0xFFFF,
	0xFFFF,0xFFFF,0xFFFF,0xFFFF,0xF07F,0xFFCE,0x0000,0x0000,
	0x0000,0x0000,0xC7FF,0xFFFF,0xFFFF,0xFFFF,0xFFFF,0xFFFF,
	0xFFFF,0xFFFF,0xFFFF,0xFFFF,0xFAF3,0xFFBD,0xFFFF,0x3FFF,
	0xFF1E,0xFFFF,0xFFEE,0x641F,0xE7BE,0x267F,0xFFFF,0x8005,
	0x1FC1,0x7E03,0xE8A0,0x3BFC,0xFFFF,0xFFFF,0xFFFF,0xFFFF,
	0xFFFF,0xFFFF,0xFFFF,0xFFFF,0xF1FF,0xFFCE,0x0000,0x0000,
	0x0000,0x0000,0xC7FF,0xFFFF,0xFFFF,0xFFFF,0xFFFF,0xFFFF,
	0xFFFF,0xFFFF,0xFFFF,0xFFFF,0x7F9F,0xFFFD,0xFFFF,0x3FFF,
	0xC3CE,0x3FFF,0xFFEF,0xE61E,0x05BE,0x667F,0xFFFF,0xF3FF,
	0xE4C7,0x7E0F,0xEBA4,0x9BE2,0xFFFF,0xFFFF,0xFFFF,0xFFFF,
	0xFFFF,0xFFFF,0xFFFF,0xFFFF,0x81FF,0xFFCE,0x0000,0x0000,
	0x0000,0x0000,0xC7FF,0xFFFF,0xFFFF,0xFFFF,0xFFFF,0xFFFF,
	0xFFFF,0xFFFF,0xFFFF,0xFFFF,0xFFF9,0xBFFC,0xFFFF,0x3BF0,
	0x1F9F,0x3FFF,0xFFEF,0x801F,0xFF80,0x1EFF,0xFFFF,0xFE00,
	0x006F,0x7E0F,0xE99F,0xDBE8,0x0FFF,0xFFFF,0xFFFF,0xFFFF,
	0xFFFF,0xFFFF,0xFFFF,0xFFFE,0x0FFF,0xFDCE,0x0000,0x0000,
	0x0000,0x0000,0xC7FF,0xFFFF,0xFFFF,0xFFFF,0xFFFF,0xFFFF,
	0xFFFF,0xFFFF,0xFFFF,0xFFFE,0xF9FF,0xF801,0xE4B9,0x003F,
	0xE01F,0x3FFF,0xFFEF,0xC017,0xFFBE,0x2E7F,0xFFFF,0xEF9E,
	0x7C7F,0x7E0F,0xE800,0x01FF,0x01FF,0xFFFF,0xFFFF,0xFFFF,
	0xFFFF,0xFFFF,0xFFFF,0xFFF0,0x3FFF,0xF80E,0x0000,0x0000,
	0x0000,0x0000,0xC7FF,0xFFFF,0xFFFF,0xFFFF,0xFFFF,0xFFFF,
	0xFFFF,0xFFFF,0xFFFF,0x9FFF,0xF840,0x7FFF,0xFFFF,0xFFFF,
	0x8F1E,0x3FFF,0xF80E,0xE10F,0xF9B6,0x6E07,0xFFFF,0xF79F,
	0x7CFF,0x7E0F,0xE1B8,0x33F0,0x3FFF,0xFFFF,0xFFFF,0xFFFF,
	0xFFFF,0xFFFF,0xFFFF,0xFFF1,0xFFFF,0xF80E,0x0000,0x0000,
	0x0000,0x0000,0xC7FF,0xFFFF,0xFFFF,0xFFFF,0xFFFF,0xFFFF,
	0xFFFF,0xFFFF,0xFFFF,0xFFFF,0xF938,0x001F,0xFFFF,0xFFD0,
	0x0C1F,0x0000,0x0FE0,0x011A,0x018E,0x30FB,0xFFFF,0xF01F,
	0x7CFF,0x7E4F,0x8180,0xB3F3,0xCFFF,0xFFFF,0xFFFF,0xFFFF,
	0xFFFF,0xFFFF,0xFFFF,0xFFF1,0xFFFF,0xF80E,0x0000,0x0000,
	0x0000,0x0000,0xC7FF,0xFFFF,0xFFFF,0xFFFF,0xFFFF,0xFFFF,
	0xFFFF,0xFFFF,0xFFFF,0xFDFB,0xF9F9,0x0004,0x3FFF,0xF000,
	0xEC1F,0x3FDF,0x9FEE,0x2111,0x3F8E,0x4C1E,0x7FFF,0xF81E,
	0x7CF6,0x7E7E,0x0000,0xF2F7,0xEFFF,0xFFFF,0xFFFF,0xFFFF,
	0xFFFF,0xFFFF,0xFFFF,0xFFF1,0xFBFE,0x800E,0x0000,0x0000,
	0x0000,0x0000,0xC7FF,0xFFFF,0xFFFF,0xFFFF,0xFFFF,0xFFFF,
	0xFFFF,0xFFFF,0xFFFF,0xFDFB,0xFBF9,0x9880,0x0000,0x0000,
	0xA41D,0x3FDF,0xF98E,0x0483,0xFF80,0x0C07,0xFFFF,0xFB1F,
	0xB8FE,0x7E7E,0x1681,0x23F0,0x0FFF,0xFFFF,0xFFFF,0xFFFF,
	0xFFFF,0xFFFF,0xFFFF,0xFFF0,0xF7FE,0xC38E,0x0000,0x0000,
	0x0000,0x0000,0xC7FF,0xFFFF,0xFFFF,0xFFFF,0xFFFF,0xFFFF,
	0xFFFF,0xFFFF,0xFFF5,0xFC1B,0xFBFA,0x8000,0x0000,0x0D00,
	0xA81D,0x000A,0x7BEE,0x0781,0xFC00,0x0C7B,0xE7FF,0xF1E3,
	0x34FA,0x0070,0x1EA8,0x0000,0x01FF,0xFFFF,0xFFFF,0xFFFF,
	0xFFFF,0xFFFF,0xFFFF,0xFFF0,0x7F80,0x000E,0x0000,0x0000,
	0x0000,0x0000,0xC7FF,0xFFFF,0xFFFF,0xFFFF,0xFFFF,0xFFFF,
	0xFFFF,0xFFFF,0xFFFD,0xF03B,0xF8FB,0x8003,0xF03C,0x0000,
	0xAC1C,0x7E81,0x7FFF,0xF80F,0xB883,0x807F,0xE647,0xFFB7,
	0xFFF7,0xF9DF,0xCEA9,0xEFFF,0xF3FF,0xFFFF,0xFFFF,0xFFFF,
	0xFFFF,0xFFFF,0xFFFF,0xCFF1,0xFF00,0x008E,0x0000,0x0000,
	0x0000,0x0000,0xC7FF,0xFFFF,0xFFFF,0xFFFF,0xFFFF,0xFFFF,
	0xFFFF,0xFFFF,0xFFFF,0x9FBB,0xE0EB,0x9E55,0x13D0,0x6400,
	0xAC1C,0x3EF9,0xFF50,0x5FFF,0xFFFB,0xFFBC,0xE700,0x0000,
	0x0000,0x0001,0x8FB2,0x0000,0x001F,0xFFFF,0xFFFF,0xFFFF,
	0xFFFF,0xFFFF,0xFFFE,0x07F1,0xF60F,0x00CE,0x0000,0x0000,
	0x0000,0x0000,0xC7FF,0xFFFF,0xFFFF,0xFFFF,0xFFFF,0xFFFF,
	0xFFFF,0xFFFF,0xFFFE,0xBF31,0xE8FB,0x9C50,0x062A,0x70AC,
	0xBC00,0x3C31,0x787F,0xFC3D,0xFFF7,0xFF8F,0xF8FF,0x9803,
	0xE7FF,0x3FCF,0x87B2,0x0FFA,0xFF85,0xFFFF,0xFFFF,0xFFFF,
	0xFFFF,0xFFFF,0xFFF1,0xFFF1,0xFFA0,0x008E,0x0000,0x0000,
	0x0000,0x0000,0xC7FF,0xFFFF,0xFFFF,0xFFFF,0xFFFF,0xFFFF,
	0xFFFF,0xFFFF,0xFE7E,0xBF13,0xF91B,0x9B80,0x53F2,0x3F8C,
	0xBD1E,0x383F,0xFE00,0x01FF,0xFFF2,0x003F,0xEE3F,0x8E7F,
	0x383A,0xF800,0x0000,0x0FF7,0x7FDC,0xFFFF,0xFFFF,0xFFFF,
	0xFFFF,0xFFFF,0xF83F,0xFFF3,0xFFFE,0x000E,0x0000,0x0000,
	0x0000,0x0000,0xC7FF,0xFFFF,0xFFFF,0xFFFF,0xFFFF,0xFFFF,
	0xFFFC,0xFFFE,0xFC02,0x7003,0xFC19,0x83E8,0xFE3F,0xC1BC,
	0xB47E,0x000B,0x3863,0x00FF,0xFF83,0xEF1F,0x1E00,0x0E00,
	0x3000,0xF0FB,0xFFEF,0x0007,0x00FC,0xF8FF,0xCEFF,0xFFFF,
	0xFFFF,0xFFFF,0xE0FF,0xFFFF,0xFFF4,0x400E,0x0000,0x0000,
	0x0000,0x0000,0xC7FF,0xFFFF,0xFFFF,0xF7E7,0xFFFF,0xFFFF,
	0xFFF3,0x0700,0xDC02,0x7063,0xFF79,0xBF7C,0x2AFF,0xE27C,
	0xB0FF,0x8003,0x001F,0xFF00,0x0083,0xFF00,0x039C,0xEE1E,
	0x3807,0xF006,0x037F,0xEC07,0x001C,0xE002,0x308E,0x3F9F,
	0xFFFF,0xFFFF,0x83FF,0xFFFF,0xF100,0x500E,0x0000,0x0000,
	0x0000,0x0000,0xC7FF,0xFFFF,0xFBDF,0xDE77,0xFFFF,0xFFFF,
	0xFFE0,0x0001,0xC002,0x0063,0xE706,0x21F4,0xFFFF,0xFA70,
	0x9FD8,0x1F0F,0xFC0C,0x07FF,0xFFF8,0x0087,0xE78C,0x0000,
	0x0002,0x3FF5,0xFFFF,0xFF8F,0x0060,0x6000,0x0031,0xEEBF,
	0xE7FF,0xFFFF,0xA3FF,0xFFFF,0xFE80,0x580E,0x0000,0x0000,
	0x0000,0x0000,0xC73B,0xE1E7,0x000A,0x6000,0x0103,0xE63B,
	0xFF80,0x0001,0xCFE3,0x03F8,0xFC80,0x0001,0xFF00,0x0000,
	0x1C78,0x0009,0xF5D5,0x0000,0x4000,0x0E08,0xE79C,0xF7FF,
	0xFE0B,0x7E7D,0xFFCF,0xFFB0,0x0060,0x1800,0x000C,0x733C,
	0xF9FF,0xFFFF,0xE03F,0xFFF9,0xFE00,0x020E,0x0000,0x0000,
	0x0000,0x0001,0xC7CC,0x6000,0x0030,0x0000,0x0078,0x6700,
	0x0000,0x0001,0xCE00,0x0398,0x7E1F,0xF00C,0x0320,0x003D,
	0xEFE0,0x0009,0xD6C4,0xFC04,0x4603,0xF243,0xA79C,0x003F,
	0xF036,0x18F5,0xFFFB,0xFFF3,0xFC5F,0x9800,0x0000,0x00FB,
	0xFDC1,0x8F9F,0xC0FF,0xFFFF,0x8040,0x000E,0x0000,0x0000,
	0x0000,0x0001,0xC79A,0x0000,0x00A0,0x0000,0x0200,0xC000,
	0x0000,0x2001,0xC43C,0x0000,0x1FF4,0xBFFF,0xFF3F,0xFFFE,
	0x7F90,0xF009,0xD7C0,0x727F,0xFFCF,0xD007,0xA79C,0xC020,
	0x003D,0xFDF5,0xFFFB,0xFFFE,0x0000,0x1BF0,0x0001,0x0078,
	0xC030,0x0E10,0xC4FF,0xFFFE,0x03C0,0x000E,0x0000,0x0000,
	0x0000,0x0001,0xC78E,0x8000,0x0010,0x8000,0x0400,0x0000,
	0x0200,0x0001,0xC431,0x3FAF,0x90FE,0xFB7F,0xFFFF,0xC22F,
	0xE208,0x2F8F,0xD7C7,0x13C8,0xE638,0x1C07,0x378D,0xDFE2,
	0x00D7,0xBF9F,0xFFFD,0xFFFD,0x8F82,0x983E,0x0200,0x0000,
	0x0000,0x0000,0xDFFF,0xFFFC,0x6900,0x000E,0x0000,0x0000,
	0x0000,0x0001,0xC600,0x0000,0x0002,0x5080,0x0000,0x0000,
	0x0000,0x0001,0xC7E0,0x3FE7,0x9E37,0xEFFC,0xFF8F,0xEFFF,
	0xFB7E,0x0508,0xD5CB,0x87F2,0x0876,0x1F17,0x0700,0x0000,
	0x05FC,0x7F9F,0xFFFD,0xFFCD,0xC260,0x98BE,0x0000,0x0000,
	0x0000,0x0000,0xDFFF,0xFFF9,0xE010,0x000E,0x0000,0x0000,
	0x0000,0x0001,0xC600,0x0000,0x0000,0x0000,0x0000,0x0000,
	0x0000,0x0000,0xF1FF,0x00FC,0x9CFF,0xCFFC,0x0387,0xFFE4,
	0x2F7E,0x0108,0xD5C2,0x180D,0x4F81,0x8C06,0x871F,0xF7FF,
	0x93FF,0x801D,0xFFFD,0xD1FF,0xFE6B,0x983C,0x0000,0x0000,
	0x0000,0x0000,0xE77F,0xFE03,0xF180,0x000E,0x0000,0x0000,
	0x0000,0x0001,0xC600,0x0000,0x0000,0x0000,0x0000,0x0000,
	0x0000,0x0000,0xFA13,0x14FC,0x00F3,0xCFFC,0x7FCF,0xFFE0,
	0x837E,0x0709,0xD7C2,0x37BA,0x0F3F,0x8C05,0x0700,0x0000,
	0x13FF,0xFF7F,0xFFFF,0xBFFF,0xF06B,0x9988,0x0002,0x0000,
	0x0000,0x0000,0xE7FF,0xFE01,0x0080,0x1C0E,0x0000,0x0000,
	0x0000,0x0001,0xC600,0x0000,0x0000,0x0000,0x0000,0x0000,
	0x0000,0x0001,0xC002,0x6FFF,0xF0FE,0x0000,0x0000,0x0008,
	0x033E,0x5988,0xD3C2,0x37B8,0x062F,0x8C04,0x0719,0xFE3F,
	0xD3FF,0xFF7F,0xFFFF,0x3FFF,0xCE6B,0x9F86,0x0000,0x8000,
	0x0000,0x0000,0xFFFF,0xF008,0x0400,0xFC0E,0x0000,0x0000,
	0x0000,0x0001,0xC7F0,0x0000,0x0000,0x0000,0x0000,0x0000,
	0x0000,0x0000,0xCFE3,0xFC07,0xDE00,0x0000,0x0000,0x0000,
	0x1000,0x0008,0xD7C2,0x37BC,0x019F,0x8804,0x8701,0xFE38,
	0x0FF7,0xFE7F,0xFFFF,0x3EFF,0xFE0B,0x9DFF,0x0000,0x0000,
	0x0000,0x0000,0x7FFF,0x0720,0x6003,0xFC0E,0x0000,0x0000,
	0x0000,0x0001,0xC7F0,0x0000,0x0000,0x0000,0x0000,0x0000,
	0x0000,0x0000,0xE1E0,0x0078,0xFEC0,0x1F07,0xF3FF,0xCFFD,
	0x03FD,0x0008,0xD7C2,0xA0BE,0x0601,0x8604,0xB31E,0x0004,
	0x03FF,0xFE7F,0xFFFF,0x3FFF,0xF183,0x9BFF,0x0008,0x0000,
	0x0000,0x0000,0xFFFE,0x180F,0x8007,0xE00E,0x0000,0x0000,
	0x0000,0x0001,0xC7E0,0x0000,0x0000,0x0000,0x0000,0x0000,
	0x0000,0x0000,0xE000,0x0078,0x3EC0,0x0F03,0xF800,0x0C1C,
	0x739E,0x3F89,0xD7C2,0x87CC,0x9DCF,0x8604,0x83BF,0x8001,
	0x6FC0,0xFF7F,0xFFFF,0x3FC1,0xBFC0,0x1B03,0x0020,0x0000,
	0x0000,0x0000,0xFFF0,0x01EC,0x003F,0x180E,0x0000,0x0000,
	0x0000,0x0001,0xC7E0,0x0000,0x0000,0x0000,0x0000,0x0000,
	0x0000,0x0001,0x0281,0x0004,0xFCEC,0x0FAC,0x6000,0xD6FF,
	0xF0BB,0x1F99,0xD3C3,0x97EC,0x441D,0x8C04,0x000F,0x8078,
	0x8401,0x003F,0xFFFD,0x003F,0xF8F0,0x9BFF,0x0001,0x8000,
	0x0000,0x0000,0xFFF7,0xC780,0x00FE,0x380E,0x0000,0x0000,
	0x0000,0x0000,0xC7F8,0x2000,0x0000,0x0000,0x0000,0x0000,
	0x0000,0x0000,0xF001,0x20E0,0x3CE8,0x027F,0x3FFF,0xF80F,
	0xF087,0xE3CE,0xD383,0x9FF0,0xE7F1,0x8C7C,0x87BE,0x0C78,
	0x9443,0xC8FE,0x0000,0xFFFF,0x9CF0,0x6001,0x0000,0x0000,
	0x0000,0x0000,0xFF07,0x9F80,0x00FC,0xF80E,0x0000,0x0000,
	0x0000,0x0000,0xC7FF,0x8000,0x0000,0x0000,0x0000,0x0001,
	0xC000,0x0000,0xF181,0x21E0,0xD060,0x9F9E,0x63FF,0xF9BC,
	0x20C0,0xEFC8,0x5380,0x8F7F,0xFE3D,0x8678,0x27BE,0x7C6A,
	0x8711,0xFFFF,0xFFFF,0xFF03,0xBCF3,0x9001,0x0000,0x0000,
	0x0000,0x0000,0xFF1F,0xF800,0x00FC,0x000E,0x0000,0x0000,
	0x0000,0x0000,0xC7FF,0xC000,0x0000,0x0000,0x00C0,0x0000,
	0x0F83,0x1C01,0xF0F0,0x1BE0,0xE8F8,0xFFFC,0xFFFF,0xFFFC,
	0x8884,0x2FD8,0xD3C0,0x11FE,0xFFFD,0x803C,0x273E,0x4007,
	0x9A00,0x0000,0x0020,0x0007,0xFCF0,0x1807,0x0270,0x0000,
	0x0000,0x0000,0xFF3F,0x0000,0x00FC,0x000E,0x0000,0x0000,
	0x0000,0x0000,0xC7CF,0xC300,0x0000,0x0000,0x0000,0x19CF,
	0xF07C,0xE0FF,0xFFF2,0x0F04,0xE0FD,0xB900,0x0000,0x703E,
	0x0680,0x2E88,0xF0F0,0x0400,0xC008,0x0FF0,0x8706,0x4007,
	0x8400,0x3820,0x0000,0x2200,0x7FF3,0xD038,0xC7CF,0x8000,
	0x0000,0x0000,0xFFFF,0x0000,0x00FC,0x000E,0x0000,0x0000,
	0x0000,0x0000,0xC6E9,0xF300,0x0000,0x0043,0x9C70,0xC77F,
	0xFFFF,0xFDBF,0xFC03,0x31FC,0x6CE1,0x8100,0x7FF8,0x18BB,
	0x7088,0x3338,0xF12C,0x8000,0x0000,0x1E98,0x8739,0x0CE7,
	0x8600,0x3F80,0x0003,0xEFE0,0x3FF3,0x99FF,0x167E,0x1C02,
	0x8000,0x0003,0xFCF8,0x0000,0x00F0,0x000E,0x0000,0x0000,
	0x0000,0x0000,0xC601,0xFED8,0x0000,0x739C,0x638E,0x3CFF,
	0xFFFF,0xFFFF,0xFFF3,0x0000,0xE4E3,0x0F00,0xFC01,0x000F,
	0x00E8,0xEEA1,0xF720,0x781F,0xFE03,0x1F88,0xE7FF,0x840F,
	0x8601,0xFE00,0x0000,0x3FF8,0x0FF0,0xFBFF,0xFFF3,0xFF94,
	0xF8C1,0xC07C,0x1CF8,0x0000,0x0080,0x000E,0x0000,0x0000,
	0x0000,0x0000,0xC607,0xFC58,0x0001,0x1C73,0xFFFF,0xFFFF,
	0xFFFF,0xFFFE,0x0FF3,0xFFF8,0xE3F3,0x8D03,0x0000,0x4783,
	0x6CFC,0xFE3F,0x7FC0,0x0167,0xF9E8,0x007D,0xBFBE,0x85FF,
	0x8601,0xC000,0x0000,0x1FA3,0x8CF2,0x1FFF,0xFFFF,0xFFFF,
	0xE738,0x0E0C,0x7FF8,0x0000,0x1000,0x000E,0x0000,0x0000,
	0x0000,0x0000,0xC607,0xE018,0x0018,0x071F,0xFFFF,0xFFFF,
	0xFFFF,0xFFFE,0x3FFE,0x0000,0xC3B0,0x8F00,0x0408,0xE983,
	0x4CEC,0x8627,0xFD7B,0xE780,0x0877,0xF383,0xF87F,0x85FF,
	0x8600,0x0000,0x0000,0x02BF,0x8FF0,0x1FFF,0xFFFF,0xFFFF,
	0xFFFF,0xF09C,0x7FE0,0x0007,0xC003,0xE00E,0x0000,0x0000,
	0x0000,0x0000,0xC60F,0xF7F8,0x41CF,0xFFFF,0xFFFF,0xFFFF,
	0xFFFF,0xFFFF,0xFFFF,0xFFE7,0xDFF1,0xCD07,0xFFFF,0xFF83,
	0x6CEC,0x9D52,0x7F80,0x003B,0xFB80,0x007F,0xB007,0x800F,
	0xBE06,0xC000,0x0000,0x400F,0x8FF2,0x1FFF,0xFFFF,0xFFFF,
	0xFFEF,0xFC7F,0xFFE0,0x005C,0x001F,0xE00E,0x0000,0x0000,
	0x0000,0x0000,0xC63B,0xDFF8,0xC631,0xFFFF,0xFFFF,0xFFFF,
	0xFFFF,0xFFFF,0xFFFF,0x8FFF,0xFFFE,0xCDF7,0xFFFD,0xFE0E,
	0x6EEC,0xB81B,0xC7FF,0xFF00,0x002F,0xFFBD,0x2079,0x81E7,
	0xA606,0x0145,0xC000,0x200F,0x8FE2,0x9FFF,0xFFFF,0xFFFF,
	0xFFFE,0x7F83,0xFFFC,0x03C0,0x01FF,0xE00E,0x0000,0x0000,
	0x0000,0x0000,0xC7F3,0x8F17,0x3FFF,0xFFFF,0xFFFF,0xFFFF,
	0xFFFF,0xFFFF,0xFFFF,0xFFFC,0x007D,0xC59F,0xFF07,0xFC0E,
	0x2AE4,0x0638,0xF623,0xFFFF,0xFFC7,0xFFFC,0x1EF8,0x878F,
	0xB606,0x0105,0xF8E0,0x0007,0x0FFC,0xFFFF,0xFFFF,0xFFFF,
	0xFFFF,0xFF83,0xE7FC,0x0740,0x07C0,0x1C0E,0x0000,0x0000,
	0x0000,0x0000,0xC7F7,0x8E0F,0xFFFF,0xFFFF,0xFFFF,0xFFFF,
	0xFFFF,0xFFFF,0xFFFF,0xFFFF,0xFFFF,0xEDF8,0x28BE,0x304E,
	0x6CE0,0x01FC,0x0000,0x1040,0x0000,0x0070,0xC7F9,0xCF83,
	0xB706,0x827E,0x3BFE,0x0DF0,0x4F9F,0xFFFF,0xFFFF,0xFFFF,
	0xFFFF,0xFF1F,0xE7FC,0x06C0,0x0407,0xFC0E,0x0000,0x0000,
	0x0000,0x0000,0xC67C,0x1FEF,0xFFFF,0xFFFF,0xFFFF,0xFFFF,
	0xFFFF,0xFFFF,0xFFFF,0xFFFF,0xFFFF,0x6E3C,0x08B6,0x7C06,
	0x67CF,0x1DFE,0x0008,0x80FF,0xFFE3,0x8319,0xFEFE,0x81F1,
	0xFF87,0x2070,0x4002,0x1D8F,0x8E1F,0xFFFF,0xFFFF,0xFFFF,
	0xFFFF,0xFF10,0x39FC,0x1602,0x803F,0xFC0E,0x0000,0x0000,
	0x0000,0x0000,0xC67B,0xFFE3,0xFFFF,0xFFFF,0xFFFF,0xFFFF,
	0xFFFF,0xFFFF,0xFFFF,0xFFFF,0xFFFF,0x703F,0xFF3C,0xA05E,
	0x66DF,0x01EF,0xF9C0,0x7CC0,0x0024,0x0003,0xFEF8,0x360E,
	0x7FBF,0xE173,0xE07C,0xFFE7,0xFC03,0xFCFF,0xFFFF,0xFFFF,
	0xFFFF,0xFF30,0xFFFC,0x307F,0x007F,0x000E,0x0000,0x0000,
	0x0000,0x0000,0xC607,0xCFF8,0xFFFF,0xFFFF,0xFFFC,0x1FFF,
	0xFFFF,0xFFFF,0xFFFF,0xFFFF,0xFFFF,0xF600,0x0300,0xC07E,
	0x67F8,0x18FF,0xE7E0,0xFC3F,0xFBD7,0xEAFD,0xFEC0,0xFA2F,
	0x83C1,0xE679,0xF9C7,0xC235,0xB01C,0xFFFF,0xFFFF,0xFFFF,
	0xFFFF,0xFF34,0xFB00,0x3001,0x00FC,0x000E,0x0000,0x0000,
	0x0000,0x0000,0xC602,0x0FE0,0x7FFF,0xFFFF,0xFFFE,0x01FF,
	0xFFFF,0xFFFF,0xFFFF,0xFFFF,0xFFFF,0xEC01,0xF1C8,0x03BB,
	0x9FE0,0x3F0F,0xE7E3,0x1C1F,0xF856,0x3EFC,0xFEB1,0x1F33,
	0x91C6,0x85BE,0x20A7,0xF6F0,0xD007,0xFFFF,0xFFFF,0xFFFF,
	0xFFFF,0xFF80,0xE700,0x0F80,0x01E4,0x000E,0x0000,0x0000,
	0x0000,0x0000,0xC603,0xFFFF,0x7FE3,0xFFFF,0xFFF8,0x07FF,
	0xFFFF,0xFFFF,0xFFFF,0xFFFF,0xFFFF,0xFE2F,0x5FB8,0x0FFF,
	0x8FE0,0x65F1,0xE7EF,0xFC3F,0xFFF7,0xFEFC,0xE0F0,0xF239,
	0x807F,0xF986,0x0010,0x00FF,0xC0A1,0xE3FF,0xFFFF,0xFFFF,
	0xFFFF,0xFFEF,0xFF00,0x3F00,0x01E0,0x000E,0x0000,0x0000,
	0x0000,0x0000,0xC601,0x9FF8,0x7FF3,0xF32F,0xF8E3,0xFFFF,
	0xFFFF,0xFFFF,0xFFFF,0xFFFF,0xFFFF,0xFFFF,0xFF01,0xFFFF,
	0x8FE0,0xD8BC,0x01FF,0xFC7F,0xFFF7,0xEFE0,0x0FE1,0x7973,
	0xC140,0x0FF0,0x0008,0x10F1,0xF171,0x81FF,0xFFFF,0xFFFF,
	0xFFFF,0xFFFF,0x4000,0x7A00,0x0080,0x000E,0x0000,0x0000,
	0x0000,0x0000,0xC601,0xFFF8,0x57FF,0xF1E3,0xE01F,0xFFFF,
	0xFFFF,0xFFFF,0xFFEF,0xFFFF,0xFFFF,0xFFFF,0xFFFF,0xFFFF,
	0xFFFB,0x980E,0x7007,0xFCE0,0x00F7,0xF801,0xFE47,0x37F3,
	0x8101,0x8003,0x8018,0x00F3,0x4FF1,0x83FF,0xFFFF,0x93FF,
	0xFFFF,0xFC1C,0x0060,0x0000,0x0000,0x010E,0x0000,0x0000,
	0x0000,0x0000,0xC600,0x3FF8,0xCFFF,0x8004,0x203F,0xFFFF,
	0xFFFF,0xFFFF,0xFFFF,0xFFFF,0xFFFF,0xFFFF,0xFFFF,0xFFFF,
	0xFFFF,0x18B8,0x7FFF,0x3800,0x0000,0x0FFF,0xC0EE,0x7FF3,
	0xFA01,0x018F,0xFFF8,0x0027,0xE20F,0x8BFF,0xFFFE,0x601F,
	0xFFFF,0xDC1C,0x03E0,0x003F,0xE000,0x000E,0x0000,0x0000,
	0x0000,0x0000,0xC63E,0x7FF8,0xFC3A,0x07FE,0x003F,0xFFFF,
	0xFFFF,0xFFFF,0xFFFF,0xFFFF,0xFFFF,0xFFFF,0xFFFF,0xFFFF,
	0xFFFD,0x1BC0,0x0E00,0xFFF8,0xE7FF,0xF800,0x903E,0x6FF3,
	0xFA7C,0x3FFF,0xFFF3,0xFF68,0x703F,0x83FF,0xFFFF,0xE01F,
	0xFFFF,0xFC1F,0x0700,0x00FF,0x001F,0x000E,0x0000,0x0000,
	0x0000,0x0000,0xC604,0x7FFF,0x1FCF,0xFFFC,0x607F,0xFFFF,
	0xFFFF,0xFFFF,0xFFFC,0x7FFF,0xFFFF,0xFFFF,0xFFFF,0xFFFF,
	0xFFFF,0xE540,0x0000,0x0000,0xE000,0x0000,0x063F,0x7FFF,
	0xF080,0x3E7F,0xFFF3,0xFFF1,0xC1FC,0x0027,0x8FFF,0xFFFF,
	0xFFFE,0x7818,0xE700,0x0FFF,0x0077,0x000E,0x0000,0x0000,
	0x0000,0x0000,0xC600,0x7FFF,0xFFFF,0xFFFF,0xFFFF,0xFFFF,
	0xFFFF,0xFFFF,0xFFFF,0x7FE7,0xFFFF,0xFFFF,0xFFFF,0xFFFF,
	0xFFFF,0xF9CF,0xCFE0,0x0000,0xD030,0x0026,0xFE31,0x8FFF,
	0xFB82,0x3FF3,0xFFF1,0xF837,0xDFFE,0x7F20,0x07F9,0xF87F,
	0xFFBF,0xFC1C,0x0000,0x7FC0,0x0F80,0x000E,0x0000,0x0000,
	0x0000,0x0000,0xC60B,0xFC07,0xFFFF,0xFFFF,0xEFFF,0x1FFF,
	0xFFFF,0xFFFF,0xFFFF,0xFFFF,0xFFFF,0xFFFF,0xFFFF,0xFFFF,
	0xFFFF,0xFFCF,0xFF80,0xA48F,0xFF71,0xA09D,0xF63E,0x0FFF,
	0xFFFF,0xFF80,0x0000,0x017F,0xFFFE,0x7F02,0x3FF0,0x607F,
	0xFFFE,0x0814,0x0000,0x0000,0x1000,0x000E,0x0000,0x0000,
	0x0000,0x0000,0xC608,0x401F,0xE3FF,0xFFFF,0xFBFF,0x3FFF,
	0xFFFF,0xFFFF,0xFFFC,0x0FFF,0xFFFF,0xFFFF,0xFFFF,0xFFFF,
	0xFFFF,0xFE5F,0xFF87,0x8F9E,0x07A0,0x3F9F,0xF9FF,0xFFFF,
	0xFFFF,0xFFFF,0xFFFF,0xFFFF,0xFFFF,0xFFFF,0xFE00,0x03FF,
	0xFFFF,0xF310,0x0000,0x0000,0x00C0,0x000E,0x0000,0x0000,
	0x0000,0x0000,0xC600,0x421F,0xB1FF,0xFFFF,0xFFC7,0xFFFF,
	0xFFFF,0xFFFF,0xFFFF,0xFFFF,0xFFF3,0xFE7F,0xFFFF,0xFFFF,
	0xFFFF,0xFFF0,0x0F9F,0x979E,0x8FBE,0x2C9E,0x1FFF,0xFFFF,
	0xFFFF,0xFFFF,0xFFFF,0xFFFF,0xFFFF,0xFFFF,0xFE00,0x0FFF,
	0xFFFE,0x1420,0x0018,0x0000,0x0200,0x000E,0x0000,0x0000,
	0x0000,0x0000,0xC603,0xE79F,0x801F,0xFFF3,0xFFFF,0xFFFE,
	0x03FF,0xFFFF,0xFFFF,0xFFFF,0xFFCF,0xFC7F,0xFFFF,0xFFFF,
	0xFFFF,0xFFFF,0xF018,0x9780,0x01BE,0x0F9E,0xFFFF,0xFFFF,
	0xFFFF,0xFFFF,0xFFFF,0xFFFF,0xFFFF,0xFFFF,0xFFFF,0xFFFF,
	0xFFFE,0x61FC,0x00F8,0x0000,0x0000,0x000E,0x0000,0x0000,
	0x0000,0x0000,0xC603,0xC3FF,0xFC07,0xFFFF,0xFFFF,0xFFFF,
	0xEFFF,0xFFFF,0xFFFF,0xFFFF,0xFFFF,0xFC77,0xFFFF,0xFE7F,
	0xFFFF,0xFFFF,0xFFFF,0x1F87,0xF83E,0x7FF8,0x7FFF,0xFFFF,
	0xFFFF,0xFFFC,0x7F83,0xFFFF,0xFFFF,0xFFFF,0xFFFF,0xFFFF,
	0xFFFF,0xC1FC,0x03FC,0x8000,0x0000,0x000E,0x0000,0x0000,
	0x0000,0x0000,0xC600,0xEFFF,0xFFFE,0xFFFF,0xFFFF,0xFFFF,
	0xFFFF,0xFFFF,0xFF83,0xFFFF,0xFFFF,0xFFFF,0xFFFE,0x3E7F,
	0xFFFF,0xFFFF,0xFFFF,0xFFFF,0xFF80,0x7FFC,0x7FFF,0xFFFF,
	0xFFFF,0xFFFF,0xFFFF,0xFFFF,0xFFFF,0xFFFF,0xFFFF,0xFFFF,
	0xE1FF,0xEFE0,0x0006,0x3030,0x0000,0x000E,0x0000,0x0000,
	0x0000,0x0000,0xC63E,0x2FEF,0xFFFF,0x07FF,0xFFFF,0xFFFF,
	0xFFFF,0xFFFF,0xFF83,0xFFFF,0xFFFF,0xFFFF,0xFFFF,0xF9FF,
	0xFF9F,0xFFFF,0xFFFF,0xFFFF,0xFFFF,0xFFFF,0xFFFF,0xFFFF,
	0xFFFF,0xFFFF,0xFFFF,0xFFFF,0xFFFF,0xFFFF,0xFFFF,0xFF8F,
	0xFFF9,0x7380,0x0000,0x601A,0x00FF,0xE00E,0x0000,0x0000,
	0x0000,0x0000,0xC63F,0x8003,0xFFFF,0xC0F7,0xFFFF,0xFFFF,
	0xFFFF,0xFFFF,0xFF83,0xFFE0,0xFFFF,0xFFFF,0xFFFF,0xCFFF,
	0xFFFF,0xFFFF,0xFFFF,0x07FF,0xFFFF,0xFFFF,0xF1FF,0xFFFF,
	0xFFFF,0xFFFF,0xFFFF,0xFFFF,0xFFFF,0xFFFF,0xFFF1,0xFFFF,
	0x0000,0x3E00,0x0844,0x0000,0x0FFF,0xE00E,0x0000,0x0000,
	0x0000,0x0000,0xC63F,0x8070,0x07FF,0xFF81,0x9F3F,0xFFFF,
	0xFFFF,0xFFFF,0xFFFF,0xFFEF,0xFFFF,0xFFFF,0xFFFF,0xFFFF,
	0xFFFC,0x7FFF,0xFFFF,0xFFFF,0xFFFF,0xFFFF,0xFFFF,0xFFFF,
	0xFFFF,0xFFFF,0xFFFF,0xFFFF,0xFFFF,0xFFFF,0xFFCF,0xFFFF,
	0x110F,0xFE00,0x0F10,0x0000,0x3FFF,0x800E,0x0000,0x0000,
	0x0000,0x0000,0xC60F,0xE064,0x01FF,0xFFC0,0x7CFF,0xFFFF,
	0xFFFF,0xFFFF,0xFFFF,0xFFFF,0xFFFF,0xFFFF,0xFFFE,0x7FFF,
	0xFFFF,0xFFFF,0xFFFF,0xFFFF,0xFFFF,0xFFFF,0xFFFF,0xFFFF,
	0xFFFF,0xFFFF,0xFFFF,0xFFFF,0xFFFF,0xFFFF,0xFFF1,0xFFFF,
	0x180F,0xF1FC,0x00C0,0x0003,0xFFE0,0x000E,0x0000,0x0000,
	0x0000,0x0000,0xC003,0xC7F8,0x01FF,0xFFFC,0x1FFF,0xFFFF,
	0xFFFF,0xFFFF,0xFFFF,0xFFFF,0xFFFF,0xFFFF,0xFFFF,0xFFFF,
	0xFF9F,0xFFFE,0x1FFF,0xF807,0xFFFF,0xFFFF,0xFE7F,0xFFFF,
	0xFFF5,0xFFFF,0xFFFF,0xFFFF,0xFFFF,0xFFFF,0xFFFF,0x83E0,
	0x19E0,0x0003,0xE000,0x0003,0x9F80,0x000E,0x0000,0x0000,
	0x0000,0x0000,0xC000,0x03FF,0x003F,0x99FD,0xFBFF,0xFFFF,
	0xFFFF,0xFFFF,0xFFFF,0xFFFF,0xFFFF,0xFFFF,0xFFC7,0xFF83,
	0xFFFF,0xFFFF,0xFFFF,0xFFFF,0xFFFF,0xFFFF,0xFFFF,0xFFFF,
	0xFFFF,0xFFFF,0xFFFF,0xFFFF,0xFFFF,0xFFFF,0xFFFF,0xFFFC,
	0x19E7,0xF0E3,0x8780,0x0000,0x1F00,0x000E,0x0000,0x0000,
	0x0000,0x0000,0xC000,0x01CF,0xE03F,0xFDFF,0x9BFF,0xFFFF,
	0xF073,0xF81F,0xC1FF,0xFFFF,0xFFFF,0xFFFF,0xFFFF,0xFFFF,
	0xFFFF,0xFFFF,0xFFFF,0xFFFF,0xFFFF,0xFFFF,0xFFFF,0xFFFF,
	0xFFFF,0xFFFF,0xFFFF,0xFFFF,0xFFFF,0xFFFF,0xFFFF,0xFFFC,
	0x61C1,0xFF03,0x9FE0,0x0000,0x0008,0x000E,0x0000,0x0000,
	0x0000,0x0000,0xC000,0x01E0,0xF80F,0xFC3F,0xFF3F,0xFFFF,
	0xFC63,0xF81F,0xF1FF,0xFFFF,0xFFFF,0xFFFF,0xFFFF,0xFFFF,
	0xFFFF,0xFFFF,0xFFFF,0xFFFF,0xFFFF,0xFFFF,0xFFFF,0xFFFF,
	0xFFFF,0xFFFF,0xFFFF,0xFFFF,0xFFFF,0xFFFF,0xFFFF,0xFFFC,
	0x41C1,0xFE00,0x1FFC,0x0004,0x6300,0x000E,0x0000,0x0000,
	0x0000,0x0000,0xC010,0x0050,0xFC0B,0xFC1F,0xE33F,0xFFFF,
	0xFF83,0xFF1F,0xFFFF,0xFFFF,0xFFFF,0xFFFF,0xFFFF,0xFFFF,
	0xFFFF,0xFFFF,0xFFFF,0xFFFF,0xFFFF,0xFFFF,0xFFFF,0xFFFF,
	0xFFFF,0xFFFF,0xFFFF,0xFFFF,0xFFFF,0xFFE3,0xC7FB,0xFFF0,
	0x7FC1,0xF00F,0x87FF,0x0000,0x0800,0x000E,0x0000,0x0000,
	0x0000,0x0000,0xC000,0x0000,0x0F81,0xF80F,0xFD07,0xFFFF,
	0xFFFF,0xFFFF,0xFFFF,0xFFFF,0xFFFF,0xFF9F,0xFFFF,0xFFFF,
	0xFFFF,0xFFFF,0xFFFF,0xFFE7,0xFFFF,0xFFFF,0xFFFF,0xF3FF,
	0xFFFF,0xFFFF,0xFFFF,0xFFFF,0xFFFF,0xFF1F,0xFFF3,0xFE03,
	0xE7C0,0x000F,0x97E3,0x0000,0x6000,0x000E,0x0000,0x0000,
	0x0000,0x0000,0xC000,0x0000,0x07C0,0x3833,0xFFC7,0xDFFF,
	0xFFFF,0xFFFF,0xFFFF,0xFFFF,0xFFFF,0xFFFF,0xFFFF,0xFFFF,
	0xFFFF,0xFFFF,0xFFFF,0xFFFF,0xFFFF,0xFF9F,0xFFFF,0xFFFF,
	0xE03F,0xFFFF,0xFFFF,0xFFFF,0xFFFF,0xFFFF,0xFE3E,0x1403,
	0xFF03,0x000F,0x9723,0xC000,0x0000,0x000E,0x0000,0x0000,
	0x0000,0x0000,0xC000,0x0000,0x0000,0x083F,0xFFD8,0xFFFF,
	0xFFFF,0xFFFF,0xFFFF,0xFFFF,0xFFFF,0xFFF0,0xFFFF,0xFFFF,
	0xFFFF,0xFFFF,0xFFFF,0xFFFF,0xFFFF,0xFFFF,0xFFFF,0xFFFF,
	0xFF0F,0xFFFF,0xFFFF,0xFFFF,0xFFFF,0xFFFF,0xFEFC,0x42FC,
	0xF800,0x007F,0x9FE3,0xC000,0x0000,0x000E,0x0000,0x0000,
	0x0000,0x0000,0xC000,0x0000,0x3E00,0x073F,0xFFFE,0xFFFF,
	0xFFFF,0xFFFF,0xFFFF,0xFFFF,0xFFFF,0xFFF0,0xFFFF,0xFFFF,
	0xFFFF,0xFFFF,0xFFFF,0xFFFF,0xFFFF,0xFFFF,0xFFFF,0xFFFF,
	0xEBC7,0xFFFF,0xFFFF,0xFFFF,0xFFFF,0xFFFF,0xFFC4,0x5D80,
	0xF800,0x0070,0x1FE0,0x0000,0x0000,0x000E,0x0000,0x0000,
	0x0000,0x0000,0xC000,0x3F80,0x3E00,0x0303,0xFFFF,0x7FFF,
	0xFFFF,0xFFFF,0xFFFF,0xFFFF,0xFFFF,0xFFFF,0xFFFF,0xFFFF,
	0xFFFF,0xFFFF,0xFFFF,0xFFFF,0xFFFF,0xFFBF,0xFFFF,0xFFFC,
	0xE301,0xFFFF,0xFFFF,0xF8FB,0xFFFF,0xFFFF,0x07DE,0x5C0C,
	0x0000,0x0063,0xFFE0,0xA000,0x0000,0x000E,0x0000,0x0000,
	0x0000,0x0000,0xC180,0x0010,0x0700,0x3FE1,0x8FEC,0x1FFF,
	0xFFFF,0xFFFF,0xFFFF,0xFFFF,0xFFFF,0xFFFF,0xFFFF,0xFFFF,
	0xFFFF,0xFFFF,0xFFFF,0xFFFF,0xFFFF,0xFFFF,0xFFFF,0xFFFF,
	0xFFBF,0xFFFF,0xFFFF,0xFFFF,0xFFFF,0xFFFF,0x043E,0x7C00,
	0x0000,0x1FE3,0xE007,0xFC00,0x0000,0x000E,0x0000,0x0000,
	0x0000,0x0000,0xC000,0x0036,0x1300,0x07E0,0x07FC,0x37FF,
	0xFFFF,0xFFFF,0x403F,0xFFFF,0xFFFF,0xFFFF,0xFFFE,0x0FFF,
	0xFFFF,0xFFFF,0xFFFF,0xFFFF,0xFFFF,0xFF8F,0xFFFF,0xFFFF,
	0xFFFF,0xFFFF,0xFFFF,0xFFFF,0xFFFF,0xE3E0,0x3088,0x7C1E,
	0x0000,0xFF31,0xE007,0xFF00,0x0000,0x000E,0x0000,0x0000,
	0x0000,0x0000,0xC000,0x0000,0x0200,0x07F8,0x1CFF,0xCF3F,
	0xFFFF,0xFFFE,0x01FF,0xFFFF,0xFFFF,0xF3FF,0xFFFE,0x3FFF,
	0xFFFF,0xFFFF,0xFFFF,0xFFEF,0xFFFF,0xFFFF,0xFFFF,0xFFFF,
	0xFFFF,0xFFFF,0xFFFF,0xFFFF,0xFFFF,0xE29F,0xF1C0,0x7C7E,
	0x000F,0xF061,0x01FF,0xF800,0x0000,0x000E,0x0000,0x0000,
	0x0000,0x0000,0xC080,0x07FF,0xF000,0x0000,0x039F,0xCFF4,
	0x7FFF,0xFFFF,0xFFFF,0xFFFF,0xFFFF,0xFFFF,0xFFFF,0xFFFF,
	0xFFFF,0xFFFF,0xFFFF,0xFFFF,0xFFFF,0xFCDF,0xFFFF,0xFFFF,
	0xFFFF,0xFFFF,0xFFFF,0xFFFF,0xFFFF,0xFE3F,0x0740,0x7FFC,
	0x000F,0xC00C,0x1FFF,0x8000,0x0000,0x000E,0x0000,0x0000,
	0x0000,0x0000,0xC000,0x0FFF,0xFE00,0x0000,0x0F07,0xCF2E,
	0x0FFF,0xFFFF,0xFFFF,0xFFFF,0xFFFF,0xFFFF,0xFFFF,0xFFFF,
	0xFFFF,0xFFFF,0xFFFD,0xFFFF,0xFFFF,0xFFFF,0x3FCF,0xFFFF,
	0xFFFF,0xFFFF,0xFFFF,0xFFE6,0x7F00,0x607F,0x80FF,0x7FF0,
	0x003F,0xC000,0xFEFC,0x0000,0x0000,0x000E,0x0000,0x0000,
	0x0000,0x0000,0xC000,0x001F,0xFFE0,0x0000,0x0F18,0x1F3E,
	0x02FF,0xFFFF,0xFFFF,0xFFFF,0xFFFF,0xFFFF,0xFFFF,0xFFFF,
	0xFFFF,0xFFFF,0xFFFF,0xFFFF,0xFFFF,0xFFFF,0xFE01,0xF3FF,
	0xFFFF,0xFFFF,0xFFBF,0xF8F7,0xFF80,0xE3FF,0x8081,0x7F80,
	0x003E,0x0007,0x1E3C,0x0000,0x0000,0x000E,0x0000,0x0000,
	0x0000,0x0000,0xC000,0x0008,0x01FC,0x0000,0xE000,0x1FFF,
	0xF07F,0xFFFF,0xFFFF,0xFFFF,0xFFFF,0xFFFF,0xFFFF,0xFFFF,
	0xFFFF,0xFFFF,0xFFFF,0xFFFF,0xFFFF,0xFFFF,0xFFC0,0x3FFF,
	0xFFFF,0xFFFF,0xFF9C,0x0000,0xFFF8,0xFFF9,0xE7FC,0x0000,
	0x00F8,0x0000,0x1FE0,0x0000,0x0000,0x000E,0x0000,0x0000,
	0x0000,0x0000,0xC000,0x0000,0xFFFE,0x0000,0xFC38,0x01FF,
	0xF01F,0xFFFF,0xFFFF,0xFFFF,0xFFFF,0xFFFF,0xFFFF,0xFFFF,
	0xFFFF,0xFFFF,0xFFFF,0xFFFF,0xFFFF,0xFFFF,0xFFF7,0xFFFF,
	0xFFFF,0xFFFF,0xFC00,0x0000,0xFE1E,0x07E7,0x200E,0x02E0,
	0x03F0,0x000F,0x1E00,0x0003,0xE17E,0x000E,0x0000,0x0000,
	0x0000,0x0000,0xC000,0x0000,0xA0FC,0x0000,0x1FE0,0x00FF,
	0xFE03,0xFFFF,0xFFFF,0xFFFF,0xFFF9,0xFFFF,0xFFFF,0xFFFF,
	0xFFFF,0xFFFF,0xFFFF,0xFFFF,0xFFFF,0xFFFF,0xFFFF,0xFFFF,
	0xFFFF,0xFFFF,0xE003,0x0007,0xF87C,0x7FC5,0x61B4,0x0320,
	0x0700,0x007C,0x00E0,0x003F,0x61A0,0x000E,0x0000,0x0000,
	0x0000,0x0000,0xC000,0x0000,0x000F,0xE000,0x0FF8,0x07FF,
	0xFFE3,0xFFFF,0xFFFF,0xFFFF,0xFFFF,0xFFFF,0xFFFF,0xFFFF,
	0xFFFF,0xFFFF,0xFFFF,0xFFFF,0xFFFF,0xFFFF,0xFFFF,0xFFFF,
	0xFFFF,0xFFFF,0xC033,0xFC07,0x7FFC,0x7C01,0x2040,0x0002,
	0x1F00,0x01E0,0x0000,0x0033,0x8000,0x000E,0x0000,0x0000,
	0x0000,0x0000,0xC000,0x0000,0x0001,0xC000,0x00F8,0x17F0,
	0x7E00,0xFC3F,0xFFFF,0xFFFF,0xFF0F,0xFFFF,0xFFFF,0xFFFF,
	0xFFFF,0xCFFF,0xFFFF,0xFFFF,0xFFFF,0xFFFF,0xFFFF,0xFFFF,
	0xFFFF,0xFFFF,0x8063,0xFFFF,0xAFFE,0x7000,0xFF80,0x0003,
	0xE000,0x3000,0x0000,0x03C0,0x0000,0x000E,0x0000,0x0000,
	0x0000,0x0000,0xC000,0x0000,0x0000,0x0000,0x003F,0x01F0,
	0x6FFC,0x7FFF,0xF7FF,0xFFFF,0xFFFF,0xFFFF,0xFFFF,0xFFFF,
	0xFFFF,0xFFFF,0xFFFF,0xFFFF,0xFFFF,0xFFFF,0xFFFF,0xFFFF,
	0xFFFF,0xFFFF,0xB003,0xFFFF,0xFFF2,0x0000,0x3E02,0xFC1F,
	0x4000,0x3FFF,0x8000,0x0064,0x4000,0x000E,0x0000,0x0000,
	0x0000,0x0000,0xC000,0x0000,0x0000,0x1700,0x001F,0xC03E,
	0x4FFC,0x7FFF,0xFFFE,0xFFFF,0xFFFF,0xFFFC,0xFFFF,0xFFFF,
	0xFFFF,0xFFFF,0xFFFF,0xFFFF,0xFFFF,0xFF1F,0xFFFF,0xFFFF,
	0xFFFE,0x7FFF,0x9183,0xFFFF,0x6CF2,0x1000,0x0000,0x003C,
	0x0000,0x0000,0x7C00,0x0000,0x0000,0x000E,0x0000,0x0000,
	0x0000,0x0000,0xC000,0x0000,0x0FFF,0xFC00,0x2000,0xDF00,
	0x4FFE,0xFFFF,0xFFFF,0xFC63,0xC3C0,0xFC03,0xFFFF,0xFFFF,
	0xFFFF,0xFFFF,0xFFFF,0xFFFF,0xFFFF,0x1C1F,0xFFFF,0xFFFF,
	0xFFFE,0x7FFF,0x9FBF,0xFFF9,0xFF8E,0x0001,0xF023,0x0118,
	0x0000,0x01DF,0x8000,0x0000,0xE000,0x000E,0x0000,0x0000,
	0x0000,0x0000,0xC000,0x0000,0x41F1,0x3F1F,0xE420,0x02A8,
	0x003E,0x07F8,0x7FFF,0xFC63,0xC00F,0xFC23,0xFFFF,0xFFFF,
	0xFFFF,0xFFFF,0xFFFF,0xFFFF,0xFFFF,0xFC1F,0xFFFF,0xFFFF,
	0xFFFF,0xFFC1,0xDFBF,0x9FC1,0xFFC0,0x0001,0xC020,0x0000,
	0x0000,0x01E0,0x0000,0x0000,0x0000,0x000E,0x0000,0x0000,
	0x0000,0x0000,0xC000,0x0003,0x0010,0x301D,0xFF00,0x0210,
	0x0FFE,0x0360,0x01FF,0xFF00,0x203F,0xF07F,0xFDFF,0xFFFF,
	0xFDFF,0xFFFF,0xFFFF,0xFFFF,0x007F,0xFC1F,0xFFFF,0xFFFF,
	0xFFFF,0xFFFF,0xDFB0,0x1B07,0xC0B0,0x0002,0x00FC,0x4000,
	0x0000,0xF080,0x0000,0x0000,0x0000,0x000E,0x0000,0x0000,
	0x0000,0x0000,0xC000,0x0008,0x0000,0x8000,0x7FC0,0x0000,
	0x8FE0,0x67E7,0x01FF,0xFFFE,0x3FFF,0xFFFF,0xFFFF,0xFFFF,
	0xFFFF,0xFFFF,0xFFFF,0xFFFF,0xF1FF,0xE0FF,0xFFE0,0x7FFF,
	0xFF20,0x01FF,0xCFF1,0xC001,0xC1FE,0x0000,0x003E,0x0000,
	0x0000,0x8C00,0x0000,0x0000,0x0000,0x000E,0x0000,0x0000,
	0x0000,0x0000,0xC000,0x0000,0x0000,0x07E0,0x00C0,0x0000,
	0x83E2,0xFFF9,0xE1FF,0xFFFE,0x003F,0xFFFF,0xFFFF,0xFFFF,
	0xFFFF,0xFFFF,0xFFFF,0xFFFF,0xFFFF,0xFFFF,0xFE1F,0xFFFF,
	0xF810,0x0FFF,0xFFE1,0xC007,0x0000,0x0000,0x0038,0x0000,
	0x0000,0x0000,0x0000,0x0000,0x0000,0x000E,0x0000,0x0000,
	0x0000,0x0000,0xC000,0x0000,0x0000,0x00C7,0xF000,0x0000,
	0x00E3,0xBFF9,0xF1FF,0xFFFC,0xF800,0x7FFF,0x5FFF,0xFBFF,
	0xFFFF,0xFFFF,0xFFFF,0xFDFF,0xFFFF,0x8FFF,0xD67F,0xFFFF,
	0xF83F,0x8E60,0x3F40,0x6000,0x007F,0xF838,0x0000,0x0180,
	0x0000,0x7000,0x0000,0x0000,0x0000,0x000E,0x0000,0x0000,
	0x0000,0x0000,0xC000,0x0000,0x00A8,0x0000,0x00FE,0x00FE,
	0x00DA,0x7FDB,0xF807,0xE57F,0xFF0F,0xFFFF,0x1FFF,0xDFFF,
	0xFFFF,0xFFFF,0xFFFF,0xFF01,0xFFFF,0x8F98,0xF8FF,0xFFFF,
	0xFDFF,0x8FDE,0xFE03,0xE000,0x03FF,0x8040,0x003F,0x81FF,
	0xE001,0x8008,0x0000,0x0000,0x0000,0x000E,0x0000,0x0000,
	0x0000,0x0000,0xC000,0x0000,0x000F,0xE380,0x0F06,0xFF03,
	0xC01C,0x7FFF,0xFFC0,0x05FF,0xFFFF,0xFFF8,0xFFFF,0x1FFF,
	0xFFFF,0xFFFF,0xFFFF,0xFF18,0x0FFF,0x8F80,0x38FF,0xFFF7,
	0xFFFF,0x8FFC,0xE003,0x8001,0x0300,0x7800,0x01FF,0xFF9F,
	0xF804,0x0000,0x0000,0x0000,0x0000,0x000E,0x0000,0x0000,
	0x0000,0x0000,0xC000,0x0000,0x0000,0x7FC0,0x0000,0xFFF8,
	0x701C,0x5FFF,0xFFF8,0x0000,0x03F9,0xFFFF,0xFFFF,0xFFFF,
	0xBFFF,0xFFFF,0xFFFF,0xFF18,0x3FFF,0x8007,0x000F,0xF001,
	0xFFF0,0x3FFF,0x8004,0x1380,0x3303,0xE000,0x19FF,0xF008,
	0xE7C0,0x0000,0x0000,0x0000,0x0000,0x000E,0x0000,0x0000,
	0x0000,0x0000,0xC000,0x0000,0x0000,0x003C,0x0780,0x0FFE,
	0x7209,0x03FF,0xFFFB,0x83FF,0x0040,0x7B87,0xFFFE,0x0007,
	0xFFFF,0xFFFF,0xFFF3,0xFD38,0x000C,0x0000,0x3F00,0x0000,
	0x07C1,0xFFFE,0x0000,0x7FC9,0xF220,0x0000,0xC700,0x0000,
	0x0000,0x0000,0x0000,0x0000,0x0000,0x000E,0x0000,0x0000,
	0x0000,0x0000,0xC000,0x0000,0x0004,0x0003,0xE000,0x01FE,
	0x3F00,0xC009,0xEE8F,0xBFFA,0x3E08,0x7FF2,0xC1FE,0x0007,
	0xFF7F,0xC000,0x0000,0xFC01,0x0000,0x0006,0x3F03,0xC07F,
	0xFF81,0xF0E0,0x0000,0x1F00,0x3000,0x0000,0xC1FC,0x0000,
	0x0000,0x0000,0x0000,0x0000,0x0000,0x000E,0x0000,0x0000,
	0x0000,0x0000,0xC000,0x0000,0x0000,0x61D3,0xFF00,0x000E,
	0x3F90,0x0003,0xFE0F,0xFF7F,0x4E7F,0xFF70,0x01FF,0xFFFF,
	0xFFFF,0xFF80,0x0FFF,0xE0F8,0x9830,0x0FE0,0x200E,0x807F,
	0xFF80,0x0005,0x4000,0x3E04,0xF000,0x0000,0xC000,0x0000,
	0x0000,0x0000,0x0000,0x0000,0x0000,0x000E,0x0000,0x0000,
	0x0000,0x0000,0xC000,0x0000,0x0000,0x0019,0xFFC0,0x000F,
	0xC1F0,0x0000,0xE40F,0xFCDB,0x29FF,0x7F83,0x3FFE,0xFFF7,
	0xFFFF,0xF87F,0xFF80,0xE0F8,0xCC0F,0xFFFF,0xC3C3,0xE1FF,
	0xFF80,0x0100,0x0000,0x1000,0xC000,0x001F,0xC000,0x0000,
	0x3E00,0x0000,0x0000,0x0000,0x0000,0x000E,0x0000,0x0000,
	0x0000,0x0000,0xC000,0x0000,0x0000,0x0000,0x0000,0x0001,
	0xC1FC,0x0000,0x3017,0xFDF6,0xC019,0x0007,0xFFC7,0xFFF3,
	0xFFFF,0xFE7F,0xFF9F,0xE078,0xCC0F,0xFFF8,0x7C03,0xEFFF,
	0xFF80,0x0180,0x0000,0x0008,0x7000,0x007C,0x0000,0x001F,
	0x0000,0x8100,0x0000,0x0000,0x0000,0x000E,0x0000,0x0000,
	0x0000,0x0000,0xC000,0x0000,0x0000,0x0000,0x0000,0x0000,
	0x01FF,0xE000,0x001E,0x0FB6,0xC910,0x0007,0xFFC7,0xFF83,
	0xFFFF,0xFEFF,0xFFFE,0x00FE,0xCFFE,0x1FFF,0xC003,0xFFFC,
	0xFF80,0x0000,0x0007,0x0007,0xF000,0x03E0,0x0000,0x03FC,
	0x0000,0x0000,0x0000,0x0000,0x0000,0x000E,0x0000,0x0000,
	0x0000,0x0000,0xC000,0x0000,0x0000,0x0000,0x0000,0x0000,
	0x0000,0xE000,0x0000,0x01FF,0xF6CC,0x0381,0x8047,0x8E8F,
	0xFFFF,0xFFBF,0xFF86,0x00C1,0xCFFC,0x3080,0x003F,0xFFF0,
	0x0000,0x0000,0x0000,0x0018,0x0000,0x1FE0,0x0C31,0xFC0F,
	0xC000,0x0000,0x0000,0x0000,0x0000,0x000E,0x0000,0x0000,
	0x0000,0x0000,0xC000,0x0000,0x0000,0x0000,0x0000,0x0000,
	0x007F,0xF800,0x0000,0x01FF,0xFFF7,0xC7C0,0x0700,0x1E7F,
	0xFE06,0xFFFF,0xFF9C,0x00C7,0xF840,0x0003,0xFFFF,0xF000,
	0x0600,0x0000,0x0000,0x0000,0x03FF,0xE018,0x3FC1,0x83E0,
	0x0000,0x0000,0x0000,0x0000,0x0000,0x000E,0x0000,0x0000,
	0x0000,0x0000,0xC000,0x0000,0x0000,0x0000,0x0000,0x0000,
	0x01F3,0xFF00,0x0000,0x81FF,0xFFFC,0xC7F4,0x0000,0xBF02,
	0x0000,0x0009,0xF01F,0x07FF,0xF000,0x0007,0xF8FF,0xF1F8,
	0x02E0,0x0000,0x0000,0x000C,0x3FFF,0xFFFF,0xF801,0xC480,
	0x0000,0x0000,0x0000,0x0000,0x0000,0x000E,0x0000,0x0000,
	0x0000,0x0000,0xC000,0x0000,0x0000,0x0000,0x00E0,0x0600,
	0x0008,0x1FF0,0x0800,0x3FFF,0xFFFF,0x0FFF,0x4000,0xFE00,
	0x0007,0x1800,0x001F,0x9FFF,0x01F0,0x001F,0xFF0F,0xFFF8,
	0x0080,0x0000,0x007F,0xC3FF,0xFFFF,0xFFFF,0x001E,0x0180,
	0x0000,0x0000,0x0000,0x0000,0x0000,0x000E,0x0000,0x0000,
	0x0000,0x0000,0xC000,0x0000,0x0000,0x0003,0xFFFE,0x0038,
	0x0001,0x9FFE,0x0000,0x021B,0x1FC1,0xB800,0x3F00,0xFC00,
	0x017C,0x0000,0x0E03,0xE3FC,0x0180,0x23FF,0xFF00,0x3F80,
	0x0020,0x0001,0xFFFE,0x07FF,0x807F,0xE000,0x01C8,0x0010,
	0x0000,0x0000,0x0000,0x0000,0x0000,0x000E,0x0000,0x0000,
	0x0000,0x0000,0xC000,0x0000,0x0000,0x001F,0xFF7F,0xC700,
	0x4001,0x83FF,0xC3FF,0xC000,0x0448,0xC000,0x1001,0xF000,
	0x03E0,0x0004,0x0FFF,0xE3F0,0x0000,0xB3FF,0xF904,0x0000,
	0x01C0,0x000F,0xFFFE,0xFFF0,0x0180,0x0801,0xFF80,0x3180,
	0x0000,0x0000,0x0000,0x0000,0x0000,0x000E,0x0000,0x0000,
	0x0000,0x0000,0xC000,0x0000,0x0000,0x01F1,0xC000,0x1FFF,
	0x0800,0x63FF,0xFF8F,0xC00F,0x0004,0xFC00,0x00E1,0x8000,
	0xFF80,0x8004,0x0FFF,0xE3C0,0x081F,0xFFE7,0xC1B0,0x0003,
	0x0000,0x000F,0xFFFF,0xFFC0,0x0000,0x001F,0x0000,0x0000,
	0x0000,0x0000,0x0000,0x0000,0x0000,0x000E,0x0000,0x0000,
	0x0000,0x0000,0xC000,0x0000,0x0000,0x0000,0x10F0,0x003E,
	0xE000,0x00FE,0x0000,0x3000,0xC03F,0xFC10,0x000F,0x83FF,
	0x0000,0xFF8F,0xFFFC,0x0200,0x3813,0xF723,0xC00D,0x4000,
	0xC000,0x0C0F,0xFFFF,0xE600,0x0000,0x0000,0x0000,0x0000,
	0x0000,0x0000,0x0000,0x0000,0x0000,0x000E,0x0000,0x0000,
	0x0000,0x0000,0xC000,0x0000,0x0000,0x0000,0x0006,0x0600,
	0x3DFF,0x8028,0x0000,0x0C00,0xF03F,0xFCFD,0x8057,0xFFF0,
	0x0007,0xE03F,0xFFC3,0xE017,0xFE0F,0xF038,0x007E,0x8000,
	0x0000,0x7C0F,0xFFFF,0xC000,0x0000,0x0000,0x0000,0x0000,
	0x0000,0x0000,0x0000,0x0000,0x0000,0x000E,0x0000,0x0000,
	0x0000,0x0000,0xC000,0x0000,0x0000,0x0000,0x0000,0xC7FE,
	0x01E3,0xE000,0x0000,0x0000,0x1830,0x0C6D,0xB642,0x3FF0,
	0x02A8,0x6207,0xFC0F,0xF0FF,0xC003,0xF218,0x0006,0x0000,
	0x0001,0xFC7F,0xFCFC,0x0000,0x0000,0x0010,0x1800,0x0000,
	0x0000,0x0000,0x0000,0x0000,0x0000,0x000E,0x0000,0x0000,
	0x0000,0x0000,0xC000,0x0000,0x0000,0x0000,0x0000,0x0001,
	0xFE0F,0xF800,0x0000,0x000E,0x0680,0x0DFF,0xFFA2,0x07CE,
	0xFE00,0x02F9,0xFC7F,0x9FFF,0x007F,0xE3FC,0x2000,0x0000,
	0x003C,0x01FF,0x6180,0x0000,0x0000,0x0044,0x0000,0x0000,
	0x0000,0x0000,0x0000,0x0000,0x0000,0x000E,0x0000,0x0000,
	0x0000,0x0000,0xC000,0x0000,0x0000,0x0000,0x0000,0x0100,
	0x0E7C,0x1F00,0x0000,0x01FF,0xFFC0,0x09B7,0xFF72,0x0FC0,
	0x0000,0x180F,0xFC7F,0x0000,0x1FFC,0x0000,0x0010,0x0000,
	0x01C0,0xFC7C,0x001F,0x3FFE,0x0000,0x0000,0x0000,0x0000,
	0x0000,0x0000,0x0000,0x0000,0x0000,0x000E,0x0000,0x0000,
	0x0000,0x0000,0xC000,0x0000,0x0000,0x0000,0x0000,0x0008,
	0x0003,0x07C0,0x0000,0x01C1,0xFFC4,0x0FFF,0xFFFC,0x0040,
	0x001F,0xFE0F,0xFE1F,0x0002,0x1F80,0x13FC,0x0000,0x0000,
	0x0007,0xFE70,0x0180,0xF73C,0x0000,0x0000,0x0000,0x0000,
	0x0000,0x0000,0x0000,0x0000,0x0000,0x000E,0x0000,0x0000,
	0x0000,0x0000,0xC000,0x0000,0x0000,0x0000,0x0000,0x0000,
	0x0000,0x00F8,0x0000,0x0002,0x3FC0,0x8FFF,0xFFFF,0xFF81,
	0xF6FF,0xFE0C,0x0000,0x0000,0x8001,0xFFE0,0x0000,0x0000,
	0x01FF,0xF800,0x6200,0x0600,0x0000,0x0000,0x0000,0x0000,
	0x0000,0x0000,0x0000,0x0000,0x0000,0x000E,0x0000,0x0000,
	0x0000,0x0000,0xC000,0x0000,0x0000,0x0000,0x0000,0x0000,
	0x0230,0x0038,0x0000,0x0001,0xC01F,0x33FF,0xFFFF,0xFF81,
	0xFFFF,0xDE30,0x01FC,0x1FF8,0x0200,0x4000,0x0000,0x0000,
	0x01F0,0x0001,0x0061,0x9800,0x0000,0x0000,0x0000,0x0000,
	0x0000,0x0000,0x0000,0x0000,0x0000,0x000E,0x0000,0x0000,
	0x0000,0x0000,0xC000,0x0000,0x0000,0x0000,0x0000,0x0000,
	0x0000,0x001F,0x0000,0x0000,0x2001,0x3EFF,0xFFFF,0xFE0F,
	0xFFFF,0xF800,0x3FE0,0x0000,0x1000,0x0000,0x0000,0x0000,
	0x0001,0x0000,0x0000,0x0200,0x0000,0x0000,0x0000,0x0000,
	0x0000,0x0000,0x0000,0x0000,0x0000,0x000E,0x0000,0x0000,
	0x0000,0x0000,0xC000,0x0000,0x0000,0x0000,0x0000,0x0000,
	0x0000,0x0007,0x0000,0x0000,0x0000,0x705F,0xFFFF,0xFE3F,
	0xFFFF,0xE080,0xFC00,0x0000,0x0000,0x0000,0x0000,0x0000,
	0x079C,0x0010,0x0408,0x0000,0x0000,0x0000,0x0000,0x0000,
	0x0000,0x0000,0x0000,0x0000,0x0000,0x000E,0x0000,0x0000,
	0x0000,0x0000,0xC000,0x0000,0x0000,0x0000,0x0000,0x0000,
	0x0000,0x0000,0x0000,0x0000,0x0000,0x0000,0x0000,0x0000,
	0x0000,0x0000,0x0000,0x0000,0x0000,0x0000,0x0000,0x0000,
	0x0000,0x0000,0x0000,0x0000,0x0000,0x0000,0x0000,0x0000,
	0x0000,0x0000,0x0000,0x0000,0x0000,0x000E,0x0000,0x0000,
	0x0000,0x0001,0x3FFF,0xFFFF,0xFFFF,0xFFFF,0xFFFF,0xFFFF,
	0xFFFF,0xFFFF,0xFFFF,0xFFFF,0xFFFF,0xFFFF,0xFFFF,0xFFFF,
	0xFFFF,0xFFFF,0xFFFF,0xFFFF,0xFFFF,0xFFFF,0xFFFF,0xFFFF,
	0xFFFF,0xFFFF,0xFFFF,0xFFFF,0xFFFF,0xFFFF,0xFFFF,0xFFFF,
	0xFFFF,0xFFFF,0xFFFF,0xFFFF,0xFFFF,0xFFFE,0x0000,0x0000,
	0x0000,0x0000,0x3FFF,0xFFFF,0xFFFF,0xFFFF,0xFFFF,0xFFFF,
	0xFFFF,0xFFFF,0xFFFF,0xFFFF,0xFFF7,0xFFF8,0x0100,0x0000,
	0x7FFF,0xFF80,0xF000,0x0000,0x0000,0x0008,0x5C00,0x0000,
	0x003F,0xFFFF,0xFFFF,0xFFFF,0xFFF0,0xFFFF,0xFFFF,0xFFFF,
	0xFFFF,0xFFFF,0xFFFF,0xFFFF,0xFFFF,0xFFF8,0x0000,0x0000,
	0x0000,0x0000,0x0000,0x0000,0x0000,0x0000,0x0000,0x0000,
	0x0000,0x0000,0x0000,0x0000,0x0000,0x0000,0x0000,0x0000,
	0x0000,0x0000,0x0000,0x0000,0x0000,0x0000,0x0000,0x0000,
	0x0000,0x0000,0x0000,0x0000,0x0000,0x0000,0x0000,0x0000,
	0x0000,0x0000,0x0000,0x0000,0x0000,0x0000,0x0000,0x0000,
	0x0000,0x0000,0x0000,0x0000,0x0000,0x0000,0x0000,0x0000,
	0x0000,0x0000,0x0000,0x0000,0x0000,0x0000,0x0000,0x0000,
	0x0000,0x0000,0x0000,0x0000,0x0000,0x0000,0x0000,0x0000,
	0x0000,0x0000,0x0000,0x0000,0x0000,0x0000,0x0000,0x0000,
	0x0000,0x0000,0x0000,0x0000,0x0000,0x0000,0x0000,0x0000,
	0x0000,0x0000,0x0000,0x0000,0x0000,0x0000,0x0000,0x0000,
	0x0000,0x0000,0x0000,0x0000,0x0000,0x0000,0x0000,0x0000,
	0x0000,0x0000,0x0000,0x0000,0x0000,0x0000,0x0000,0x0000,
	0x0000,0x0000,0x0000,0x0000,0x0000,0x0000,0x0000,0x0000,
	0x0000,0x0000,0x0000,0x0000,0x0000,0x0000,0x0000,0x0000,
	0x0000,0x0000,0x0000,0x0000,0x0000,0x0000,0x0000,0x0000,
	0x0000,0x0000,0x0FE0,0x1FF8,0x380F,0x03FC,0x1FFF,0x1E0F,
	0xFC00,0x00FF,0x81C0,0xE3FF,0xF1FF,0xE01F,0xC03F,0xFDFF,
	0xFC00,0x0000,0x01C0,0xFF00,0x7F80,0xFFC0,0x0000,0x0000,
	0x0000,0x0000,0x0000,0x0000,0x0000,0x0000,0x0000,0x0000,
	0x0000,0x0000,0x0000,0x0000,0x0000,0x0000,0x0000,0x0000,
	0x0000,0x0000,0xF03E,0x381E,0x3C0F,0x1C07,0x01C0,0x1E30,
	0x0000,0x0780,0xF3C0,0x601E,0x01E0,0x7CC0,0x39E0,0x0003,
	0x0000,0x0000,0x0FC7,0x81E1,0x81E1,0xC0F8,0x0000,0x0000,
	0x0000,0x0000,0x0000,0x0000,0x0000,0x0000,0x0000,0x0000,
	0x0000,0x0000,0x0000,0x0000,0x0000,0x0000,0x0000,0x0000,
	0x0000,0x0000,0xF03E,0x781E,0x3C0F,0x1C07,0x01C0,0x1E70,
	0x0000,0x0381,0xF3C0,0x601E,0x01D0,0x7CC0,0x39E0,0x0007,
	0x8000,0x0000,0x00C1,0xFFE1,0xFFE1,0xDF78,0x0000,0x0000,
	0x0000,0x0000,0x0000,0x0000,0x0000,0x0000,0x0000,0x0000,
	0x0000,0x0000,0x0000,0x0000,0x0000,0x0000,0x0000,0x0000,
	0x0000,0x0000,0xFFFE,0x781E,0x3C0F,0x1FFF,0x01C0,0x3E70,
	0x0000,0x0381,0xF3C0,0x601E,0x01FF,0xE0C0,0x383F,0xF007,
	0x8000,0x3FC0,0x00C0,0xFFE1,0xFF80,0xFFC0,0x0000,0x0000,
	0x0000,0x0000,0x0000,0x0000,0x0000,0x0000,0x0000,0x0000,
	0x0000,0x0000,0x0000,0x0000,0x0000,0x0000,0x0000,0x0000,
	0x0000,0x0000,0xF01E,0x781E,0x3C0F,0x3C07,0x01C0,0x3E70,
	0x0000,0x0381,0xF3C0,0x601E,0x01C0,0x00C0,0x3800,0x3C07,
	0x8000,0x0000,0x00C0,0x01E7,0xC1F1,0xC0F8,0x0000,0x0000,
	0x0000,0x0000,0x0000,0x0000,0x0000,0x0000,0x0000,0x0000,
	0x0000,0x0000,0x0000,0x0000,0x0000,0x0000,0x0000,0x0000,
	0x0000,0x0000,0xF01E,0x7C1E,0x3FFF,0x3C0F,0x01C0,0x3E0F,
	0xFC00,0x07FF,0xE1FF,0xD01E,0x01C0,0x007F,0xF8FF,0xFC07,
	0x8000,0x0000,0x00C7,0xFFC7,0xFFD0,0x7FE0,0x0000,0x0000,
	0x0000,0x0000,0x0000,0x0000,0x0000,0x0000,0x0000,0x0000,
	0x0000,0x0000,0x0000,0x0000,0x0000,0x0000,0x0000,0x0000,
	0x0000,0x0000,0x781E,0x0FF8,0x07F8,0x3C0F,0x01C0,0x1C0F,
	0xFE00,0x00FF,0x807F,0x801E,0x01C0,0x007F,0xC0FF,0xF003,
	0x0000,0x0000,0x00C7,0xFF00,0x7F80,0xFFC0,0x0000,0x0000,
	0x0000,0x0000,0x0000,0x0000,0x0000,0x0000,0x0000,0x0000,
	0x0000,0x0000,0x0000,0x0000,0x0000,0x0000,0x0000,0x0000,
	0x0000,0x0000,0x0000,0x003F,0x0000,0x0000,0x0000,0x0000,
	0x0000,0x0000,0x0000,0x0000,0x0000,0x0000,0x0000,0x0000,
	0x0000,0x0000,0x0000,0x0000,0x0000,0x0000,0x0000,0x0000,
	0x0000,0x0000,0x0000,0x0000,0x0000,0x0000,0x0000,0x0000,
	0x0000,0x0000,0x0000,0x0000,0x0000,0x0000,0x0000,0x0000,
	0x0000,0x0000,0x0000,0x0000,0x0000,0x0000,0x0000,0x0000,
	0x0000,0x0000,0x0000,0x0000,0x0000,0x0000,0x0000,0x0000,
	0x0000,0x0000,0x0000,0x0000,0x0000,0x0000,0x0000,0x0000,
	0x0000,0x0000,0x0000,0x0000,0x0000,0x0000,0x0000,0x0000,
	0x0000,0x0000,0x0000,0x0000,0x0000,0x0000,0x0000,0x0000,
	0x0000,0x0000,0x0000,0x0000,0x0000,0x0000,0x0000,0x0000,
	0x0000,0x0000,0x0000,0x0000,0x0000,0x0000,0x0000,0x0000,
	0x0000,0x0000,0x0000,0x0000,0x0000,0x0000,0x0000,0x0000,
	0x0000,0x0000,0x0000,0x0000,0x0000,0x0000,0x0000,0x0000
};

struct Image background =
{
	0, 0,		/* LeftEdge, TopEdge */
	640, 256, 3,	/* Width, Height, Depth */
	backgroundData,	/* ImageData */
	0x0007, 0x0000,	/* PlanePick, PlaneOnOff */
	NULL		/* NextImage */
};
